 # i   E
    1   8.975638E+02
    2   7.918146E+05
    3   7.685667E+02
    4  -5.130860E+00
    5  -6.780153E+00
    6  -8.065946E+00
    7  -9.099376E+00
    8  -9.949496E+00
    9  -1.066180E+01
   10  -1.126765E+01
   11  -1.178943E+01
   12  -1.224358E+01
   13  -1.264250E+01
   14  -1.299569E+01
   15  -1.331060E+01
   16  -1.359311E+01
   17  -1.384797E+01
   18  -1.407905E+01
   19  -1.428952E+01
   20  -1.448201E+01
   21  -1.465872E+01
   22  -1.482151E+01
   23  -1.497196E+01
   24  -1.511142E+01
   25  -1.524105E+01
   26  -1.536186E+01
   27  -1.547472E+01
   28  -1.558038E+01
   29  -1.567952E+01
   30  -1.577272E+01
   31  -1.586051E+01
   32  -1.594335E+01
   33  -1.602164E+01
   34  -1.609576E+01
   35  -1.616604E+01
   36  -1.623276E+01
   37  -1.629620E+01
   38  -1.635660E+01
   39  -1.641417E+01
   40  -1.646912E+01
   41  -1.652161E+01
   42  -1.657183E+01
   43  -1.661991E+01
   44  -1.666600E+01
   45  -1.671022E+01
   46  -1.675268E+01
   47  -1.679349E+01
   48  -1.683276E+01
   49  -1.687056E+01
   50  -1.690699E+01
   51  -1.694213E+01
   52  -1.697603E+01
   53  -1.700878E+01
   54  -1.704043E+01
   55  -1.707104E+01
   56  -1.710066E+01
   57  -1.712935E+01
   58  -1.715716E+01
   59  -1.718411E+01
   60  -1.721027E+01
   61  -1.723566E+01
   62  -1.726032E+01
   63  -1.728428E+01
   64  -1.730758E+01
   65  -1.733026E+01
   66  -1.735232E+01
   67  -1.737381E+01
   68  -1.739475E+01
   69  -1.741515E+01
   70  -1.743505E+01
   71  -1.745447E+01
   72  -1.747342E+01
   73  -1.749192E+01
   74  -1.751000E+01
   75  -1.752766E+01
   76  -1.754493E+01
   77  -1.756182E+01
   78  -1.757834E+01
   79  -1.759452E+01
   80  -1.761035E+01
   81  -1.762586E+01
   82  -1.764106E+01
   83  -1.765595E+01
   84  -1.767055E+01
   85  -1.768488E+01
   86  -1.769893E+01
   87  -1.771272E+01
   88  -1.772625E+01
   89  -1.773955E+01
   90  -1.775260E+01
   91  -1.776543E+01
   92  -1.777804E+01
   93  -1.779044E+01
   94  -1.780263E+01
   95  -1.781462E+01
   96  -1.782641E+01
   97  -1.783803E+01
   98  -1.784945E+01
   99  -1.786071E+01
  100  -1.787179E+01
  101  -1.788271E+01
  102  -1.789347E+01
  103  -1.790407E+01
  104  -1.791453E+01
  105  -1.792483E+01
  106  -1.793500E+01
  107  -1.794502E+01
  108  -1.795492E+01
  109  -1.796468E+01
  110  -1.797432E+01
  111  -1.798383E+01
  112  -1.799323E+01
  113  -1.800250E+01
  114  -1.801167E+01
  115  -1.802073E+01
  116  -1.802967E+01
  117  -1.803852E+01
  118  -1.804726E+01
  119  -1.805591E+01
  120  -1.806446E+01
  121  -1.807291E+01
  122  -1.808127E+01
  123  -1.808955E+01
  124  -1.809774E+01
  125  -1.810584E+01
  126  -1.811386E+01
  127  -1.812180E+01
  128  -1.812967E+01
  129  -1.813747E+01
  130  -1.814520E+01
  131  -1.815285E+01
  132  -1.816044E+01
  133  -1.816795E+01
  134  -1.817540E+01
  135  -1.818278E+01
  136  -1.819010E+01
  137  -1.819735E+01
  138  -1.820454E+01
  139  -1.821168E+01
  140  -1.821875E+01
  141  -1.822577E+01
  142  -1.823272E+01
  143  -1.823963E+01
  144  -1.824648E+01
  145  -1.825328E+01
  146  -1.826003E+01
  147  -1.826672E+01
  148  -1.827337E+01
  149  -1.827997E+01
  150  -1.828652E+01
  151  -1.829303E+01
  152  -1.829949E+01
  153  -1.830590E+01
  154  -1.831228E+01
  155  -1.831861E+01
  156  -1.832490E+01
  157  -1.833115E+01
  158  -1.833735E+01
  159  -1.834352E+01
  160  -1.834965E+01
  161  -1.835575E+01
  162  -1.836181E+01
  163  -1.836783E+01
  164  -1.837381E+01
  165  -1.837976E+01
  166  -1.838568E+01
  167  -1.839157E+01
  168  -1.839742E+01
  169  -1.840325E+01
  170  -1.840904E+01
  171  -1.841480E+01
  172  -1.842053E+01
  173  -1.842623E+01
  174  -1.843190E+01
  175  -1.843754E+01
  176  -1.844315E+01
  177  -1.844874E+01
  178  -1.845430E+01
  179  -1.845983E+01
  180  -1.846534E+01
  181  -1.847082E+01
  182  -1.847627E+01
  183  -1.848170E+01
  184  -1.848711E+01
  185  -1.849249E+01
  186  -1.849785E+01
  187  -1.850318E+01
  188  -1.850849E+01
  189  -1.851378E+01
  190  -1.851905E+01
  191  -1.852430E+01
  192  -1.852952E+01
  193  -1.853472E+01
  194  -1.853991E+01
  195  -1.854507E+01
  196  -1.855021E+01
  197  -1.855533E+01
  198  -1.856044E+01
  199  -1.856552E+01
  200  -1.857059E+01
  201  -1.857564E+01
  202  -1.858067E+01
  203  -1.858568E+01
  204  -1.859067E+01
  205  -1.859565E+01
  206  -1.860061E+01
  207  -1.860555E+01
  208  -1.861048E+01
  209  -1.861539E+01
  210  -1.862028E+01
  211  -1.862516E+01
  212  -1.863002E+01
  213  -1.863487E+01
  214  -1.863970E+01
  215  -1.864452E+01
  216  -1.864932E+01
  217  -1.865411E+01
  218  -1.865889E+01
  219  -1.866365E+01
  220  -1.866839E+01
  221  -1.867313E+01
  222  -1.867784E+01
  223  -1.868255E+01
  224  -1.868724E+01
  225  -1.869194E+01
  226  -1.869662E+01
  227  -1.870129E+01
  228  -1.870595E+01
  229  -1.871060E+01
  230  -1.871523E+01
  231  -1.871985E+01
  232  -1.872446E+01
  233  -1.872906E+01
  234  -1.873365E+01
  235  -1.873822E+01
  236  -1.874279E+01
  237  -1.874734E+01
  238  -1.875188E+01
  239  -1.875642E+01
  240  -1.876094E+01
  241  -1.876545E+01
  242  -1.876995E+01
  243  -1.877444E+01
  244  -1.877892E+01
  245  -1.878339E+01
  246  -1.878786E+01
  247  -1.879231E+01
  248  -1.879675E+01
  249  -1.880118E+01
  250  -1.880561E+01
  251  -1.881002E+01
  252  -1.881443E+01
  253  -1.881882E+01
  254  -1.882321E+01
  255  -1.882759E+01
  256  -1.883196E+01
  257  -1.883632E+01
  258  -1.884068E+01
  259  -1.884502E+01
  260  -1.884936E+01
  261  -1.885369E+01
  262  -1.885801E+01
  263  -1.886232E+01
  264  -1.886663E+01
  265  -1.887092E+01
  266  -1.887521E+01
  267  -1.887949E+01
  268  -1.888377E+01
  269  -1.888804E+01
  270  -1.889230E+01
  271  -1.889655E+01
  272  -1.890079E+01
  273  -1.890503E+01
  274  -1.890926E+01
  275  -1.891349E+01
  276  -1.891771E+01
  277  -1.892192E+01
  278  -1.892612E+01
  279  -1.893032E+01
  280  -1.893451E+01
  281  -1.893870E+01
  282  -1.894288E+01
  283  -1.894705E+01
  284  -1.895121E+01
  285  -1.895537E+01
  286  -1.895953E+01
  287  -1.896367E+01
  288  -1.896782E+01
  289  -1.897195E+01
  290  -1.897608E+01
  291  -1.898021E+01
  292  -1.898432E+01
  293  -1.898844E+01
  294  -1.899254E+01
  295  -1.899664E+01
  296  -1.900074E+01
  297  -1.900483E+01
  298  -1.900892E+01
  299  -1.901301E+01
  300  -1.901709E+01
  301  -1.902117E+01
  302  -1.902524E+01
  303  -1.902931E+01
  304  -1.903337E+01
  305  -1.903743E+01
  306  -1.904148E+01
  307  -1.904552E+01
  308  -1.904957E+01
  309  -1.905360E+01
  310  -1.905763E+01
  311  -1.906166E+01
  312  -1.906569E+01
  313  -1.906970E+01
  314  -1.907372E+01
  315  -1.907773E+01
  316  -1.908173E+01
  317  -1.908573E+01
  318  -1.908973E+01
  319  -1.909372E+01
  320  -1.909771E+01
  321  -1.910169E+01
  322  -1.910567E+01
  323  -1.910964E+01
  324  -1.911361E+01
  325  -1.911758E+01
  326  -1.912154E+01
  327  -1.912550E+01
  328  -1.912946E+01
  329  -1.913341E+01
  330  -1.913736E+01
  331  -1.914130E+01
  332  -1.914524E+01
  333  -1.914917E+01
  334  -1.915311E+01
  335  -1.915703E+01
  336  -1.916096E+01
  337  -1.916488E+01
  338  -1.916880E+01
  339  -1.917271E+01
  340  -1.917662E+01
  341  -1.918053E+01
  342  -1.918443E+01
  343  -1.918833E+01
  344  -1.919223E+01
  345  -1.919613E+01
  346  -1.920002E+01
  347  -1.920390E+01
  348  -1.920779E+01
  349  -1.921167E+01
  350  -1.921555E+01
  351  -1.921942E+01
  352  -1.922329E+01
  353  -1.922716E+01
  354  -1.923103E+01
  355  -1.923489E+01
  356  -1.923875E+01
  357  -1.924261E+01
  358  -1.924646E+01
  359  -1.925031E+01
  360  -1.925416E+01
  361  -1.925801E+01
  362  -1.926185E+01
  363  -1.926569E+01
  364  -1.926953E+01
  365  -1.927336E+01
  366  -1.927720E+01
  367  -1.928103E+01
  368  -1.928485E+01
  369  -1.928868E+01
  370  -1.929250E+01
  371  -1.929634E+01
  372  -1.930017E+01
  373  -1.930400E+01
  374  -1.930783E+01
  375  -1.931165E+01
  376  -1.931548E+01
  377  -1.931930E+01
  378  -1.932311E+01
  379  -1.932693E+01
  380  -1.933074E+01
  381  -1.933456E+01
  382  -1.933837E+01
  383  -1.934217E+01
  384  -1.934598E+01
  385  -1.934978E+01
  386  -1.935358E+01
  387  -1.935738E+01
  388  -1.936118E+01
  389  -1.936498E+01
  390  -1.936877E+01
  391  -1.937256E+01
  392  -1.937635E+01
  393  -1.938014E+01
  394  -1.938392E+01
  395  -1.938771E+01
  396  -1.939149E+01
  397  -1.939527E+01
  398  -1.939905E+01
  399  -1.940283E+01
  400  -1.940660E+01
  401  -1.941038E+01
  402  -1.941415E+01
  403  -1.941792E+01
  404  -1.942169E+01
  405  -1.942546E+01
  406  -1.942922E+01
  407  -1.943299E+01
  408  -1.943675E+01
  409  -1.944051E+01
  410  -1.944428E+01
  411  -1.944803E+01
  412  -1.945179E+01
  413  -1.945555E+01
  414  -1.945930E+01
  415  -1.946306E+01
  416  -1.946681E+01
  417  -1.947056E+01
  418  -1.947431E+01
  419  -1.947806E+01
  420  -1.948181E+01
  421  -1.948555E+01
  422  -1.948930E+01
  423  -1.949304E+01
  424  -1.949679E+01
  425  -1.950053E+01
  426  -1.950427E+01
  427  -1.950801E+01
  428  -1.951175E+01
  429  -1.951548E+01
  430  -1.951922E+01
  431  -1.952296E+01
  432  -1.952669E+01
  433  -1.953043E+01
  434  -1.953416E+01
  435  -1.953789E+01
  436  -1.954162E+01
  437  -1.954535E+01
  438  -1.954908E+01
  439  -1.955281E+01
  440  -1.955654E+01
  441  -1.956027E+01
  442  -1.956400E+01
  443  -1.956772E+01
  444  -1.957145E+01
  445  -1.957517E+01
  446  -1.957890E+01
  447  -1.958262E+01
  448  -1.958634E+01
  449  -1.959007E+01
  450  -1.959379E+01
  451  -1.959751E+01
  452  -1.960123E+01
  453  -1.960495E+01
  454  -1.960867E+01
  455  -1.961239E+01
  456  -1.961611E+01
  457  -1.961983E+01
  458  -1.962354E+01
  459  -1.962726E+01
  460  -1.963098E+01
  461  -1.963470E+01
  462  -1.963841E+01
  463  -1.964213E+01
  464  -1.964585E+01
  465  -1.964956E+01
  466  -1.965328E+01
  467  -1.965699E+01
  468  -1.966071E+01
  469  -1.966442E+01
  470  -1.966814E+01
  471  -1.967185E+01
  472  -1.967557E+01
  473  -1.967928E+01
  474  -1.968300E+01
  475  -1.968671E+01
  476  -1.969043E+01
  477  -1.969414E+01
  478  -1.969785E+01
  479  -1.970157E+01
  480  -1.970529E+01
  481  -1.970901E+01
  482  -1.971273E+01
  483  -1.971645E+01
  484  -1.972017E+01
  485  -1.972389E+01
  486  -1.972761E+01
  487  -1.973133E+01
  488  -1.973505E+01
  489  -1.973877E+01
  490  -1.974249E+01
  491  -1.974622E+01
  492  -1.974994E+01
  493  -1.975366E+01
  494  -1.975738E+01
  495  -1.976110E+01
  496  -1.976482E+01
  497  -1.976855E+01
  498  -1.977227E+01
  499  -1.977599E+01
  500  -1.977972E+01
  501  -1.978344E+01
  502  -1.978716E+01
  503  -1.979089E+01
  504  -1.979462E+01
  505  -1.979834E+01
  506  -1.980207E+01
  507  -1.980579E+01
  508  -1.980952E+01
  509  -1.981325E+01
  510  -1.981698E+01
  511  -1.982071E+01
  512  -1.982443E+01
  513  -1.982816E+01
  514  -1.983189E+01
  515  -1.983563E+01
  516  -1.983936E+01
  517  -1.984309E+01
  518  -1.984682E+01
  519  -1.985056E+01
  520  -1.985431E+01
  521  -1.985805E+01
  522  -1.986180E+01
  523  -1.986554E+01
  524  -1.986929E+01
  525  -1.987304E+01
  526  -1.987679E+01
  527  -1.988054E+01
  528  -1.988429E+01
  529  -1.988804E+01
  530  -1.989179E+01
  531  -1.989555E+01
  532  -1.989930E+01
  533  -1.990305E+01
  534  -1.990681E+01
  535  -1.991057E+01
  536  -1.991432E+01
  537  -1.991808E+01
  538  -1.992184E+01
  539  -1.992560E+01
  540  -1.992937E+01
  541  -1.993313E+01
  542  -1.993689E+01
  543  -1.994066E+01
  544  -1.994442E+01
  545  -1.994819E+01
  546  -1.995196E+01
  547  -1.995572E+01
  548  -1.995949E+01
  549  -1.996326E+01
  550  -1.996704E+01
  551  -1.997081E+01
  552  -1.997458E+01
  553  -1.997836E+01
  554  -1.998214E+01
  555  -1.998591E+01
  556  -1.998969E+01
  557  -1.999347E+01
  558  -1.999725E+01
  559  -2.000104E+01
  560  -2.000482E+01
  561  -2.000861E+01
  562  -2.001239E+01
  563  -2.001618E+01
  564  -2.001997E+01
  565  -2.002376E+01
  566  -2.002755E+01
  567  -2.003134E+01
  568  -2.003514E+01
  569  -2.003893E+01
  570  -2.004273E+01
  571  -2.004653E+01
  572  -2.005033E+01
  573  -2.005413E+01
  574  -2.005793E+01
  575  -2.006174E+01
  576  -2.006554E+01
  577  -2.006935E+01
  578  -2.007316E+01
  579  -2.007697E+01
  580  -2.008078E+01
  581  -2.008459E+01
  582  -2.008840E+01
  583  -2.009222E+01
  584  -2.009604E+01
  585  -2.009985E+01
  586  -2.010367E+01
  587  -2.010750E+01
  588  -2.011132E+01
  589  -2.011514E+01
  590  -2.011897E+01
  591  -2.012280E+01
  592  -2.012663E+01
  593  -2.013046E+01
  594  -2.013429E+01
  595  -2.013813E+01
  596  -2.014196E+01
  597  -2.014580E+01
  598  -2.014964E+01
  599  -2.015348E+01
  600  -2.015732E+01
  601  -2.016117E+01
  602  -2.016501E+01
  603  -2.016886E+01
  604  -2.017271E+01
  605  -2.017656E+01
  606  -2.018042E+01
  607  -2.018427E+01
  608  -2.018813E+01
  609  -2.019199E+01
  610  -2.019585E+01
  611  -2.019972E+01
  612  -2.020360E+01
  613  -2.020748E+01
  614  -2.021135E+01
  615  -2.021524E+01
  616  -2.021912E+01
  617  -2.022300E+01
  618  -2.022689E+01
  619  -2.023078E+01
  620  -2.023467E+01
  621  -2.023856E+01
  622  -2.024245E+01
  623  -2.024635E+01
  624  -2.025025E+01
  625  -2.025415E+01
  626  -2.025805E+01
  627  -2.026195E+01
  628  -2.026586E+01
  629  -2.026976E+01
  630  -2.027367E+01
  631  -2.027758E+01
  632  -2.028150E+01
  633  -2.028541E+01
  634  -2.028933E+01
  635  -2.029325E+01
  636  -2.029717E+01
  637  -2.030109E+01
  638  -2.030502E+01
  639  -2.030894E+01
  640  -2.031287E+01
  641  -2.031680E+01
  642  -2.032074E+01
  643  -2.032467E+01
  644  -2.032861E+01
  645  -2.033255E+01
  646  -2.033649E+01
  647  -2.034043E+01
  648  -2.034438E+01
  649  -2.034833E+01
  650  -2.035228E+01
  651  -2.035623E+01
  652  -2.036018E+01
  653  -2.036414E+01
  654  -2.036809E+01
  655  -2.037205E+01
  656  -2.037602E+01
  657  -2.037998E+01
  658  -2.038395E+01
  659  -2.038792E+01
  660  -2.039189E+01
  661  -2.039586E+01
  662  -2.039983E+01
  663  -2.040381E+01
  664  -2.040779E+01
  665  -2.041177E+01
  666  -2.041576E+01
  667  -2.041974E+01
  668  -2.042373E+01
  669  -2.042772E+01
  670  -2.043171E+01
  671  -2.043571E+01
  672  -2.043970E+01
  673  -2.044370E+01
  674  -2.044770E+01
  675  -2.045171E+01
  676  -2.045571E+01
  677  -2.045972E+01
  678  -2.046373E+01
  679  -2.046774E+01
  680  -2.047176E+01
  681  -2.047577E+01
  682  -2.047979E+01
  683  -2.048381E+01
  684  -2.048784E+01
  685  -2.049186E+01
  686  -2.049589E+01
  687  -2.049992E+01
  688  -2.050396E+01
  689  -2.050799E+01
  690  -2.051203E+01
  691  -2.051607E+01
  692  -2.052011E+01
  693  -2.052415E+01
  694  -2.052820E+01
  695  -2.053225E+01
  696  -2.053630E+01
  697  -2.054035E+01
  698  -2.054441E+01
  699  -2.054847E+01
  700  -2.055253E+01
  701  -2.055659E+01
  702  -2.056066E+01
  703  -2.056472E+01
  704  -2.056879E+01
  705  -2.057287E+01
  706  -2.057694E+01
  707  -2.058102E+01
  708  -2.058510E+01
  709  -2.058918E+01
  710  -2.059326E+01
  711  -2.059735E+01
  712  -2.060144E+01
  713  -2.060553E+01
  714  -2.060962E+01
  715  -2.061372E+01
  716  -2.061781E+01
  717  -2.062192E+01
  718  -2.062602E+01
  719  -2.063012E+01
  720  -2.063423E+01
  721  -2.063834E+01
  722  -2.064246E+01
  723  -2.064659E+01
  724  -2.065072E+01
  725  -2.065485E+01
  726  -2.065898E+01
  727  -2.066311E+01
  728  -2.066725E+01
  729  -2.067139E+01
  730  -2.067553E+01
  731  -2.067968E+01
  732  -2.068382E+01
  733  -2.068797E+01
  734  -2.069212E+01
  735  -2.069628E+01
  736  -2.070043E+01
  737  -2.070459E+01
  738  -2.070875E+01
  739  -2.071292E+01
  740  -2.071708E+01
  741  -2.072125E+01
  742  -2.072542E+01
  743  -2.072959E+01
  744  -2.073377E+01
  745  -2.073795E+01
  746  -2.074213E+01
  747  -2.074631E+01
  748  -2.075050E+01
  749  -2.075468E+01
  750  -2.075887E+01
  751  -2.076307E+01
  752  -2.076726E+01
  753  -2.077146E+01
  754  -2.077566E+01
  755  -2.077986E+01
  756  -2.078407E+01
  757  -2.078827E+01
  758  -2.079248E+01
  759  -2.079670E+01
  760  -2.080091E+01
  761  -2.080513E+01
  762  -2.080935E+01
  763  -2.081357E+01
  764  -2.081779E+01
  765  -2.082202E+01
  766  -2.082625E+01
  767  -2.083048E+01
  768  -2.083471E+01
  769  -2.083895E+01
  770  -2.084319E+01
  771  -2.084743E+01
  772  -2.085168E+01
  773  -2.085592E+01
  774  -2.086017E+01
  775  -2.086442E+01
  776  -2.086867E+01
  777  -2.087293E+01
  778  -2.087719E+01
  779  -2.088145E+01
  780  -2.088571E+01
  781  -2.088998E+01
  782  -2.089425E+01
  783  -2.089852E+01
  784  -2.090279E+01
  785  -2.090707E+01
  786  -2.091134E+01
  787  -2.091562E+01
  788  -2.091991E+01
  789  -2.092419E+01
  790  -2.092848E+01
  791  -2.093277E+01
  792  -2.093706E+01
  793  -2.094135E+01
  794  -2.094565E+01
  795  -2.094995E+01
  796  -2.095425E+01
  797  -2.095856E+01
  798  -2.096286E+01
  799  -2.096717E+01
  800  -2.097148E+01
  801  -2.097580E+01
  802  -2.098011E+01
  803  -2.098443E+01
  804  -2.098875E+01
  805  -2.099308E+01
  806  -2.099740E+01
  807  -2.100173E+01
  808  -2.100606E+01
  809  -2.101039E+01
  810  -2.101473E+01
  811  -2.101907E+01
  812  -2.102341E+01
  813  -2.102775E+01
  814  -2.103209E+01
  815  -2.103644E+01
  816  -2.104079E+01
  817  -2.104514E+01
  818  -2.104949E+01
  819  -2.105385E+01
  820  -2.105821E+01
  821  -2.106257E+01
  822  -2.106693E+01
  823  -2.107130E+01
  824  -2.107567E+01
  825  -2.108004E+01
  826  -2.108441E+01
  827  -2.108879E+01
  828  -2.109316E+01
  829  -2.109754E+01
  830  -2.110192E+01
  831  -2.110631E+01
  832  -2.111070E+01
  833  -2.111508E+01
  834  -2.111948E+01
  835  -2.112387E+01
  836  -2.112826E+01
  837  -2.113266E+01
  838  -2.113706E+01
  839  -2.114146E+01
  840  -2.114587E+01
  841  -2.115028E+01
  842  -2.115469E+01
  843  -2.115910E+01
  844  -2.116351E+01
  845  -2.116793E+01
  846  -2.117234E+01
  847  -2.117677E+01
  848  -2.118119E+01
  849  -2.118561E+01
  850  -2.119004E+01
  851  -2.119447E+01
  852  -2.119890E+01
  853  -2.120333E+01
  854  -2.120777E+01
  855  -2.121221E+01
  856  -2.121665E+01
  857  -2.122109E+01
  858  -2.122554E+01
  859  -2.122998E+01
  860  -2.123443E+01
  861  -2.123888E+01
  862  -2.124334E+01
  863  -2.124779E+01
  864  -2.125225E+01
  865  -2.125671E+01
  866  -2.126117E+01
  867  -2.126564E+01
  868  -2.127010E+01
  869  -2.127457E+01
  870  -2.127904E+01
  871  -2.128351E+01
  872  -2.128799E+01
  873  -2.129246E+01
  874  -2.129694E+01
  875  -2.130142E+01
  876  -2.130591E+01
  877  -2.131039E+01
  878  -2.131488E+01
  879  -2.131937E+01
  880  -2.132386E+01
  881  -2.132835E+01
  882  -2.133285E+01
  883  -2.133735E+01
  884  -2.134184E+01
  885  -2.134635E+01
  886  -2.135085E+01
  887  -2.135536E+01
  888  -2.135986E+01
  889  -2.136437E+01
  890  -2.136888E+01
  891  -2.137340E+01
  892  -2.137791E+01
  893  -2.138243E+01
  894  -2.138695E+01
  895  -2.139149E+01
  896  -2.139602E+01
  897  -2.140056E+01
  898  -2.140510E+01
  899  -2.140964E+01
  900  -2.141418E+01
  901  -2.141873E+01
  902  -2.142328E+01
  903  -2.142782E+01
  904  -2.143238E+01
  905  -2.143693E+01
  906  -2.144149E+01
  907  -2.144605E+01
  908  -2.145061E+01
  909  -2.145517E+01
  910  -2.145974E+01
  911  -2.146430E+01
  912  -2.146887E+01
  913  -2.147344E+01
  914  -2.147801E+01
  915  -2.148259E+01
  916  -2.148716E+01
  917  -2.149174E+01
  918  -2.149632E+01
  919  -2.150090E+01
  920  -2.150548E+01
  921  -2.151007E+01
  922  -2.151465E+01
  923  -2.151924E+01
  924  -2.152383E+01
  925  -2.152842E+01
  926  -2.153302E+01
  927  -2.153761E+01
  928  -2.154221E+01
  929  -2.154681E+01
  930  -2.155141E+01
  931  -2.155601E+01
  932  -2.156061E+01
  933  -2.156521E+01
  934  -2.156982E+01
  935  -2.157443E+01
  936  -2.157904E+01
  937  -2.158365E+01
  938  -2.158826E+01
  939  -2.159288E+01
  940  -2.159749E+01
  941  -2.160211E+01
  942  -2.160673E+01
  943  -2.161135E+01
  944  -2.161597E+01
  945  -2.162060E+01
  946  -2.162522E+01
  947  -2.162985E+01
  948  -2.163448E+01
  949  -2.163911E+01
  950  -2.164374E+01
  951  -2.164837E+01
  952  -2.165301E+01
  953  -2.165764E+01
  954  -2.166228E+01
  955  -2.166692E+01
  956  -2.167156E+01
  957  -2.167620E+01
  958  -2.168085E+01
  959  -2.168549E+01
  960  -2.169014E+01
  961  -2.169478E+01
  962  -2.169943E+01
  963  -2.170408E+01
  964  -2.170873E+01
  965  -2.171339E+01
  966  -2.171804E+01
  967  -2.172270E+01
  968  -2.172735E+01
  969  -2.173201E+01
  970  -2.173667E+01
  971  -2.174133E+01
  972  -2.174599E+01
  973  -2.175066E+01
  974  -2.175532E+01
  975  -2.175999E+01
  976  -2.176466E+01
  977  -2.176933E+01
  978  -2.177399E+01
  979  -2.177867E+01
  980  -2.178334E+01
  981  -2.178801E+01
  982  -2.179269E+01
  983  -2.179736E+01
  984  -2.180204E+01
  985  -2.180672E+01
  986  -2.181140E+01
  987  -2.181608E+01
  988  -2.182076E+01
  989  -2.182544E+01
  990  -2.183013E+01
  991  -2.183481E+01
  992  -2.183950E+01
  993  -2.184418E+01
  994  -2.184887E+01
  995  -2.185356E+01
  996  -2.185825E+01
  997  -2.186294E+01
  998  -2.186763E+01
  999  -2.187233E+01
 1000  -2.187702E+01
 1001  -2.188172E+01
 1002  -2.188641E+01
 1003  -2.189111E+01
 1004  -2.189581E+01
 1005  -2.190051E+01
 1006  -2.190521E+01
 1007  -2.190991E+01
 1008  -2.191461E+01
 1009  -2.191932E+01
 1010  -2.192402E+01
 1011  -2.192873E+01
 1012  -2.193343E+01
 1013  -2.193814E+01
 1014  -2.194285E+01
 1015  -2.194755E+01
 1016  -2.195226E+01
 1017  -2.195697E+01
 1018  -2.196168E+01
 1019  -2.196640E+01
 1020  -2.197111E+01
 1021  -2.197582E+01
 1022  -2.198054E+01
 1023  -2.198525E+01
 1024  -2.198997E+01
 1025  -2.199468E+01
 1026  -2.199940E+01
 1027  -2.200412E+01
 1028  -2.200884E+01
 1029  -2.201355E+01
 1030  -2.201827E+01
 1031  -2.202300E+01
 1032  -2.202773E+01
 1033  -2.203246E+01
 1034  -2.203720E+01
 1035  -2.204193E+01
 1036  -2.204667E+01
 1037  -2.205140E+01
 1038  -2.205614E+01
 1039  -2.206087E+01
 1040  -2.206561E+01
 1041  -2.207035E+01
 1042  -2.207509E+01
 1043  -2.207983E+01
 1044  -2.208457E+01
 1045  -2.208931E+01
 1046  -2.209405E+01
 1047  -2.209879E+01
 1048  -2.210353E+01
 1049  -2.210827E+01
 1050  -2.211301E+01
 1051  -2.211776E+01
 1052  -2.212250E+01
 1053  -2.212725E+01
 1054  -2.213199E+01
 1055  -2.213673E+01
 1056  -2.214148E+01
 1057  -2.214623E+01
 1058  -2.215097E+01
 1059  -2.215572E+01
 1060  -2.216046E+01
 1061  -2.216521E+01
 1062  -2.216996E+01
 1063  -2.217471E+01
 1064  -2.217945E+01
 1065  -2.218420E+01
 1066  -2.218895E+01
 1067  -2.219370E+01
 1068  -2.219845E+01
 1069  -2.220320E+01
 1070  -2.220795E+01
 1071  -2.221270E+01
 1072  -2.221745E+01
 1073  -2.222220E+01
 1074  -2.222695E+01
 1075  -2.223170E+01
 1076  -2.223645E+01
 1077  -2.224120E+01
 1078  -2.224595E+01
 1079  -2.225070E+01
 1080  -2.225546E+01
 1081  -2.226021E+01
 1082  -2.226496E+01
 1083  -2.226971E+01
 1084  -2.227446E+01
 1085  -2.227922E+01
 1086  -2.228397E+01
 1087  -2.228872E+01
 1088  -2.229347E+01
 1089  -2.229822E+01
 1090  -2.230298E+01
 1091  -2.230773E+01
 1092  -2.231248E+01
 1093  -2.231723E+01
 1094  -2.232199E+01
 1095  -2.232674E+01
 1096  -2.233149E+01
 1097  -2.233624E+01
 1098  -2.234100E+01
 1099  -2.234575E+01
 1100  -2.235050E+01
 1101  -2.235525E+01
 1102  -2.236000E+01
 1103  -2.236476E+01
 1104  -2.236951E+01
 1105  -2.237426E+01
 1106  -2.237901E+01
 1107  -2.238376E+01
 1108  -2.238851E+01
 1109  -2.239326E+01
 1110  -2.239801E+01
 1111  -2.240276E+01
 1112  -2.240751E+01
 1113  -2.241226E+01
 1114  -2.241701E+01
 1115  -2.242176E+01
 1116  -2.242651E+01
 1117  -2.243126E+01
 1118  -2.243601E+01
 1119  -2.244076E+01
 1120  -2.244551E+01
 1121  -2.245026E+01
 1122  -2.245500E+01
 1123  -2.245975E+01
 1124  -2.246450E+01
 1125  -2.246924E+01
 1126  -2.247399E+01
 1127  -2.247874E+01
 1128  -2.248348E+01
 1129  -2.248823E+01
 1130  -2.249297E+01
 1131  -2.249772E+01
 1132  -2.250246E+01
 1133  -2.250720E+01
 1134  -2.251195E+01
 1135  -2.251669E+01
 1136  -2.252143E+01
 1137  -2.252617E+01
 1138  -2.253091E+01
 1139  -2.253565E+01
 1140  -2.254040E+01
 1141  -2.254513E+01
 1142  -2.254987E+01
 1143  -2.255461E+01
 1144  -2.255935E+01
 1145  -2.256410E+01
 1146  -2.256885E+01
 1147  -2.257360E+01
 1148  -2.257835E+01
 1149  -2.258311E+01
 1150  -2.258786E+01
 1151  -2.259261E+01
 1152  -2.259736E+01
 1153  -2.260211E+01
 1154  -2.260685E+01
 1155  -2.261160E+01
 1156  -2.261635E+01
 1157  -2.262110E+01
 1158  -2.262584E+01
 1159  -2.263059E+01
 1160  -2.263533E+01
 1161  -2.264007E+01
 1162  -2.264482E+01
 1163  -2.264956E+01
 1164  -2.265430E+01
 1165  -2.265904E+01
 1166  -2.266378E+01
 1167  -2.266852E+01
 1168  -2.267326E+01
 1169  -2.267800E+01
 1170  -2.268274E+01
 1171  -2.268747E+01
 1172  -2.269221E+01
 1173  -2.269694E+01
 1174  -2.270168E+01
 1175  -2.270641E+01
 1176  -2.271114E+01
 1177  -2.271587E+01
 1178  -2.272060E+01
 1179  -2.272533E+01
 1180  -2.273006E+01
 1181  -2.273479E+01
 1182  -2.273952E+01
 1183  -2.274424E+01
 1184  -2.274897E+01
 1185  -2.275369E+01
 1186  -2.275842E+01
 1187  -2.276314E+01
 1188  -2.276786E+01
 1189  -2.277258E+01
 1190  -2.277730E+01
 1191  -2.278202E+01
 1192  -2.278674E+01
 1193  -2.279145E+01
 1194  -2.279617E+01
 1195  -2.280089E+01
 1196  -2.280560E+01
 1197  -2.281031E+01
 1198  -2.281502E+01
 1199  -2.281973E+01
 1200  -2.282444E+01
 1201  -2.282915E+01
 1202  -2.283386E+01
 1203  -2.283857E+01
 1204  -2.284327E+01
 1205  -2.284798E+01
 1206  -2.285268E+01
 1207  -2.285738E+01
 1208  -2.286208E+01
 1209  -2.286678E+01
 1210  -2.287148E+01
 1211  -2.287618E+01
 1212  -2.288087E+01
 1213  -2.288557E+01
 1214  -2.289026E+01
 1215  -2.289495E+01
 1216  -2.289965E+01
 1217  -2.290434E+01
 1218  -2.290903E+01
 1219  -2.291371E+01
 1220  -2.291840E+01
 1221  -2.292309E+01
 1222  -2.292777E+01
 1223  -2.293245E+01
 1224  -2.293713E+01
 1225  -2.294182E+01
 1226  -2.294649E+01
 1227  -2.295117E+01
 1228  -2.295585E+01
 1229  -2.296052E+01
 1230  -2.296520E+01
 1231  -2.296987E+01
 1232  -2.297454E+01
 1233  -2.297921E+01
 1234  -2.298388E+01
 1235  -2.298855E+01
 1236  -2.299322E+01
 1237  -2.299788E+01
 1238  -2.300254E+01
 1239  -2.300721E+01
 1240  -2.301187E+01
 1241  -2.301653E+01
 1242  -2.302118E+01
 1243  -2.302584E+01
 1244  -2.303049E+01
 1245  -2.303515E+01
 1246  -2.303980E+01
 1247  -2.304445E+01
 1248  -2.304910E+01
 1249  -2.305375E+01
 1250  -2.305840E+01
 1251  -2.306304E+01
 1252  -2.306768E+01
 1253  -2.307233E+01
 1254  -2.307697E+01
 1255  -2.308161E+01
 1256  -2.308624E+01
 1257  -2.309088E+01
 1258  -2.309551E+01
 1259  -2.310015E+01
 1260  -2.310478E+01
 1261  -2.310941E+01
 1262  -2.311404E+01
 1263  -2.311866E+01
 1264  -2.312329E+01
 1265  -2.312791E+01
 1266  -2.313254E+01
 1267  -2.313716E+01
 1268  -2.314178E+01
 1269  -2.314639E+01
 1270  -2.315101E+01
 1271  -2.315562E+01
 1272  -2.316024E+01
 1273  -2.316485E+01
 1274  -2.316946E+01
 1275  -2.317406E+01
 1276  -2.317867E+01
 1277  -2.318328E+01
 1278  -2.318788E+01
 1279  -2.319248E+01
 1280  -2.319708E+01
 1281  -2.320168E+01
 1282  -2.320627E+01
 1283  -2.321087E+01
 1284  -2.321546E+01
 1285  -2.322005E+01
 1286  -2.322464E+01
 1287  -2.322923E+01
 1288  -2.323382E+01
 1289  -2.323840E+01
 1290  -2.324298E+01
 1291  -2.324756E+01
 1292  -2.325214E+01
 1293  -2.325672E+01
 1294  -2.326130E+01
 1295  -2.326587E+01
 1296  -2.327044E+01
 1297  -2.327501E+01
 1298  -2.327958E+01
 1299  -2.328415E+01
 1300  -2.328871E+01
 1301  -2.329328E+01
 1302  -2.329784E+01
 1303  -2.330240E+01
 1304  -2.330696E+01
 1305  -2.331151E+01
 1306  -2.331607E+01
 1307  -2.332062E+01
 1308  -2.332517E+01
 1309  -2.332972E+01
 1310  -2.333427E+01
 1311  -2.333881E+01
 1312  -2.334336E+01
 1313  -2.334790E+01
 1314  -2.335244E+01
 1315  -2.335698E+01
 1316  -2.336151E+01
 1317  -2.336605E+01
 1318  -2.337058E+01
 1319  -2.337511E+01
 1320  -2.337964E+01
 1321  -2.338416E+01
 1322  -2.338869E+01
 1323  -2.339321E+01
 1324  -2.339773E+01
 1325  -2.340225E+01
 1326  -2.340677E+01
 1327  -2.341128E+01
 1328  -2.341580E+01
 1329  -2.342031E+01
 1330  -2.342482E+01
 1331  -2.342932E+01
 1332  -2.343383E+01
 1333  -2.343833E+01
 1334  -2.344283E+01
 1335  -2.344733E+01
 1336  -2.345183E+01
 1337  -2.345633E+01
 1338  -2.346082E+01
 1339  -2.346531E+01
 1340  -2.346980E+01
 1341  -2.347429E+01
 1342  -2.347877E+01
 1343  -2.348326E+01
 1344  -2.348774E+01
 1345  -2.349222E+01
 1346  -2.349670E+01
 1347  -2.350117E+01
 1348  -2.350565E+01
 1349  -2.351012E+01
 1350  -2.351459E+01
 1351  -2.351905E+01
 1352  -2.352352E+01
 1353  -2.352798E+01
 1354  -2.353244E+01
 1355  -2.353690E+01
 1356  -2.354136E+01
 1357  -2.354582E+01
 1358  -2.355027E+01
 1359  -2.355472E+01
 1360  -2.355917E+01
 1361  -2.356362E+01
 1362  -2.356806E+01
 1363  -2.357250E+01
 1364  -2.357694E+01
 1365  -2.358138E+01
 1366  -2.358582E+01
 1367  -2.359025E+01
 1368  -2.359468E+01
 1369  -2.359911E+01
 1370  -2.360354E+01
 1371  -2.360797E+01
 1372  -2.361239E+01
 1373  -2.361681E+01
 1374  -2.362123E+01
 1375  -2.362565E+01
 1376  -2.363007E+01
 1377  -2.363448E+01
 1378  -2.363889E+01
 1379  -2.364330E+01
 1380  -2.364771E+01
 1381  -2.365211E+01
 1382  -2.365651E+01
 1383  -2.366091E+01
 1384  -2.366531E+01
 1385  -2.366971E+01
 1386  -2.367410E+01
 1387  -2.367849E+01
 1388  -2.368288E+01
 1389  -2.368727E+01
 1390  -2.369166E+01
 1391  -2.369604E+01
 1392  -2.370042E+01
 1393  -2.370480E+01
 1394  -2.370917E+01
 1395  -2.371355E+01
 1396  -2.371792E+01
 1397  -2.372229E+01
 1398  -2.372666E+01
 1399  -2.373102E+01
 1400  -2.373539E+01
 1401  -2.373975E+01
 1402  -2.374411E+01
 1403  -2.374846E+01
 1404  -2.375282E+01
 1405  -2.375717E+01
 1406  -2.376152E+01
 1407  -2.376587E+01
 1408  -2.377021E+01
 1409  -2.377456E+01
 1410  -2.377890E+01
 1411  -2.378324E+01
 1412  -2.378757E+01
 1413  -2.379191E+01
 1414  -2.379624E+01
 1415  -2.380057E+01
 1416  -2.380490E+01
 1417  -2.380922E+01
 1418  -2.381355E+01
 1419  -2.381787E+01
 1420  -2.382219E+01
 1421  -2.382650E+01
 1422  -2.383082E+01
 1423  -2.383513E+01
 1424  -2.383944E+01
 1425  -2.384375E+01
 1426  -2.384805E+01
 1427  -2.385236E+01
 1428  -2.385666E+01
 1429  -2.386096E+01
 1430  -2.386525E+01
 1431  -2.386955E+01
 1432  -2.387384E+01
 1433  -2.387813E+01
 1434  -2.388242E+01
 1435  -2.388670E+01
 1436  -2.389098E+01
 1437  -2.389527E+01
 1438  -2.389954E+01
 1439  -2.390382E+01
 1440  -2.390809E+01
 1441  -2.391237E+01
 1442  -2.391663E+01
 1443  -2.392090E+01
 1444  -2.392517E+01
 1445  -2.392943E+01
 1446  -2.393369E+01
 1447  -2.393795E+01
 1448  -2.394220E+01
 1449  -2.394646E+01
 1450  -2.395071E+01
 1451  -2.395496E+01
 1452  -2.395920E+01
 1453  -2.396345E+01
 1454  -2.396769E+01
 1455  -2.397193E+01
 1456  -2.397619E+01
 1457  -2.398044E+01
 1458  -2.398469E+01
 1459  -2.398894E+01
 1460  -2.399318E+01
 1461  -2.399742E+01
 1462  -2.400166E+01
 1463  -2.400590E+01
 1464  -2.401014E+01
 1465  -2.401437E+01
 1466  -2.401860E+01
 1467  -2.402283E+01
 1468  -2.402706E+01
 1469  -2.403128E+01
 1470  -2.403550E+01
 1471  -2.403972E+01
 1472  -2.404394E+01
 1473  -2.404816E+01
 1474  -2.405237E+01
 1475  -2.405658E+01
 1476  -2.406079E+01
 1477  -2.406499E+01
 1478  -2.406920E+01
 1479  -2.407340E+01
 1480  -2.407760E+01
 1481  -2.408180E+01
 1482  -2.408599E+01
 1483  -2.409018E+01
 1484  -2.409437E+01
 1485  -2.409856E+01
 1486  -2.410275E+01
 1487  -2.410693E+01
 1488  -2.411111E+01
 1489  -2.411529E+01
 1490  -2.411947E+01
 1491  -2.412364E+01
 1492  -2.412781E+01
 1493  -2.413198E+01
 1494  -2.413615E+01
 1495  -2.414031E+01
 1496  -2.414448E+01
 1497  -2.414864E+01
 1498  -2.415280E+01
 1499  -2.415695E+01
 1500  -2.416111E+01
 1501  -2.416526E+01
 1502  -2.416941E+01
 1503  -2.417356E+01
 1504  -2.417770E+01
 1505  -2.418184E+01
 1506  -2.418598E+01
 1507  -2.419012E+01
 1508  -2.419426E+01
 1509  -2.419839E+01
 1510  -2.420252E+01
 1511  -2.420665E+01
 1512  -2.421078E+01
 1513  -2.421490E+01
 1514  -2.421903E+01
 1515  -2.422315E+01
 1516  -2.422727E+01
 1517  -2.423138E+01
 1518  -2.423550E+01
 1519  -2.423961E+01
 1520  -2.424372E+01
 1521  -2.424782E+01
 1522  -2.425193E+01
 1523  -2.425603E+01
 1524  -2.426013E+01
 1525  -2.426424E+01
 1526  -2.426834E+01
 1527  -2.427245E+01
 1528  -2.427655E+01
 1529  -2.428065E+01
 1530  -2.428474E+01
 1531  -2.428884E+01
 1532  -2.429293E+01
 1533  -2.429702E+01
 1534  -2.430110E+01
 1535  -2.430519E+01
 1536  -2.430927E+01
 1537  -2.431335E+01
 1538  -2.431743E+01
 1539  -2.432151E+01
 1540  -2.432558E+01
 1541  -2.432966E+01
 1542  -2.433373E+01
 1543  -2.433780E+01
 1544  -2.434187E+01
 1545  -2.434594E+01
 1546  -2.435000E+01
 1547  -2.435407E+01
 1548  -2.435813E+01
 1549  -2.436219E+01
 1550  -2.436625E+01
 1551  -2.437030E+01
 1552  -2.437436E+01
 1553  -2.437842E+01
 1554  -2.438248E+01
 1555  -2.438653E+01
 1556  -2.439059E+01
 1557  -2.439464E+01
 1558  -2.439869E+01
 1559  -2.440273E+01
 1560  -2.440678E+01
 1561  -2.441082E+01
 1562  -2.441486E+01
 1563  -2.441890E+01
 1564  -2.442295E+01
 1565  -2.442700E+01
 1566  -2.443104E+01
 1567  -2.443508E+01
 1568  -2.443912E+01
 1569  -2.444316E+01
 1570  -2.444720E+01
 1571  -2.445123E+01
 1572  -2.445526E+01
 1573  -2.445929E+01
 1574  -2.446332E+01
 1575  -2.446735E+01
 1576  -2.447137E+01
 1577  -2.447539E+01
 1578  -2.447941E+01
 1579  -2.448343E+01
 1580  -2.448745E+01
 1581  -2.449146E+01
 1582  -2.449547E+01
 1583  -2.449948E+01
 1584  -2.450349E+01
 1585  -2.450750E+01
 1586  -2.451150E+01
 1587  -2.451550E+01
 1588  -2.451950E+01
 1589  -2.452350E+01
 1590  -2.452750E+01
 1591  -2.453149E+01
 1592  -2.453549E+01
 1593  -2.453950E+01
 1594  -2.454351E+01
 1595  -2.454752E+01
 1596  -2.455152E+01
 1597  -2.455552E+01
 1598  -2.455952E+01
 1599  -2.456352E+01
 1600  -2.456752E+01
 1601  -2.457151E+01
 1602  -2.457551E+01
 1603  -2.457950E+01
 1604  -2.458349E+01
 1605  -2.458747E+01
 1606  -2.459146E+01
 1607  -2.459544E+01
 1608  -2.459942E+01
 1609  -2.460340E+01
 1610  -2.460738E+01
 1611  -2.461135E+01
 1612  -2.461533E+01
 1613  -2.461930E+01
 1614  -2.462327E+01
 1615  -2.462724E+01
 1616  -2.463120E+01
 1617  -2.463517E+01
 1618  -2.463913E+01
 1619  -2.464309E+01
 1620  -2.464705E+01
 1621  -2.465102E+01
 1622  -2.465499E+01
 1623  -2.465896E+01
 1624  -2.466292E+01
 1625  -2.466689E+01
 1626  -2.467085E+01
 1627  -2.467481E+01
 1628  -2.467877E+01
 1629  -2.468272E+01
 1630  -2.468668E+01
 1631  -2.469064E+01
 1632  -2.469460E+01
 1633  -2.469857E+01
 1634  -2.470254E+01
 1635  -2.470650E+01
 1636  -2.471047E+01
 1637  -2.471443E+01
 1638  -2.471839E+01
 1639  -2.472235E+01
 1640  -2.472630E+01
 1641  -2.473026E+01
 1642  -2.473421E+01
 1643  -2.473816E+01
 1644  -2.474211E+01
 1645  -2.474606E+01
 1646  -2.475001E+01
 1647  -2.475395E+01
 1648  -2.475790E+01
 1649  -2.476184E+01
 1650  -2.476578E+01
 1651  -2.476972E+01
 1652  -2.477366E+01
 1653  -2.477760E+01
 1654  -2.478153E+01
 1655  -2.478547E+01
 1656  -2.478940E+01
 1657  -2.479333E+01
 1658  -2.479726E+01
 1659  -2.480118E+01
 1660  -2.480511E+01
 1661  -2.480903E+01
 1662  -2.481295E+01
 1663  -2.481688E+01
 1664  -2.482079E+01
 1665  -2.482471E+01
 1666  -2.482863E+01
 1667  -2.483254E+01
 1668  -2.483645E+01
 1669  -2.484036E+01
 1670  -2.484427E+01
 1671  -2.484818E+01
 1672  -2.485209E+01
 1673  -2.485599E+01
 1674  -2.485989E+01
 1675  -2.486380E+01
 1676  -2.486770E+01
 1677  -2.487159E+01
 1678  -2.487549E+01
 1679  -2.487939E+01
 1680  -2.488328E+01
 1681  -2.488717E+01
 1682  -2.489106E+01
 1683  -2.489495E+01
 1684  -2.489884E+01
 1685  -2.490273E+01
 1686  -2.490661E+01
 1687  -2.491050E+01
 1688  -2.491438E+01
 1689  -2.491826E+01
 1690  -2.492214E+01
 1691  -2.492602E+01
 1692  -2.492989E+01
 1693  -2.493377E+01
 1694  -2.493764E+01
 1695  -2.494152E+01
 1696  -2.494539E+01
 1697  -2.494926E+01
 1698  -2.495312E+01
 1699  -2.495699E+01
 1700  -2.496086E+01
 1701  -2.496472E+01
 1702  -2.496858E+01
 1703  -2.497245E+01
 1704  -2.497631E+01
 1705  -2.498016E+01
 1706  -2.498402E+01
 1707  -2.498788E+01
 1708  -2.499173E+01
 1709  -2.499559E+01
 1710  -2.499944E+01
 1711  -2.500329E+01
 1712  -2.500714E+01
 1713  -2.501099E+01
 1714  -2.501484E+01
 1715  -2.501868E+01
 1716  -2.502253E+01
 1717  -2.502637E+01
 1718  -2.503021E+01
 1719  -2.503405E+01
 1720  -2.503789E+01
 1721  -2.504173E+01
 1722  -2.504557E+01
 1723  -2.504941E+01
 1724  -2.505324E+01
 1725  -2.505708E+01
 1726  -2.506091E+01
 1727  -2.506474E+01
 1728  -2.506857E+01
 1729  -2.507240E+01
 1730  -2.507623E+01
 1731  -2.508006E+01
 1732  -2.508389E+01
 1733  -2.508771E+01
 1734  -2.509154E+01
 1735  -2.509536E+01
 1736  -2.509918E+01
 1737  -2.510300E+01
 1738  -2.510682E+01
 1739  -2.511064E+01
 1740  -2.511446E+01
 1741  -2.511828E+01
 1742  -2.512210E+01
 1743  -2.512592E+01
 1744  -2.512974E+01
 1745  -2.513355E+01
 1746  -2.513737E+01
 1747  -2.514118E+01
 1748  -2.514499E+01
 1749  -2.514881E+01
 1750  -2.515262E+01
 1751  -2.515643E+01
 1752  -2.516024E+01
 1753  -2.516405E+01
 1754  -2.516786E+01
 1755  -2.517166E+01
 1756  -2.517547E+01
 1757  -2.517927E+01
 1758  -2.518308E+01
 1759  -2.518688E+01
 1760  -2.519068E+01
 1761  -2.519449E+01
 1762  -2.519829E+01
 1763  -2.520209E+01
 1764  -2.520589E+01
 1765  -2.520969E+01
 1766  -2.521349E+01
 1767  -2.521728E+01
 1768  -2.522108E+01
 1769  -2.522488E+01
 1770  -2.522867E+01
 1771  -2.523247E+01
 1772  -2.523626E+01
 1773  -2.524005E+01
 1774  -2.524385E+01
 1775  -2.524764E+01
 1776  -2.525143E+01
 1777  -2.525522E+01
 1778  -2.525901E+01
 1779  -2.526280E+01
 1780  -2.526659E+01
 1781  -2.527038E+01
 1782  -2.527416E+01
 1783  -2.527795E+01
 1784  -2.528174E+01
 1785  -2.528552E+01
 1786  -2.528931E+01
 1787  -2.529309E+01
 1788  -2.529688E+01
 1789  -2.530066E+01
 1790  -2.530445E+01
 1791  -2.530823E+01
 1792  -2.531201E+01
 1793  -2.531579E+01
 1794  -2.531957E+01
 1795  -2.532336E+01
 1796  -2.532714E+01
 1797  -2.533092E+01
 1798  -2.533470E+01
 1799  -2.533848E+01
 1800  -2.534226E+01
 1801  -2.534603E+01
 1802  -2.534981E+01
 1803  -2.535359E+01
 1804  -2.535737E+01
 1805  -2.536115E+01
 1806  -2.536492E+01
 1807  -2.536870E+01
 1808  -2.537248E+01
 1809  -2.537625E+01
 1810  -2.538003E+01
 1811  -2.538381E+01
 1812  -2.538758E+01
 1813  -2.539136E+01
 1814  -2.539513E+01
 1815  -2.539891E+01
 1816  -2.540268E+01
 1817  -2.540646E+01
 1818  -2.541023E+01
 1819  -2.541400E+01
 1820  -2.541778E+01
 1821  -2.542155E+01
 1822  -2.542533E+01
 1823  -2.542910E+01
 1824  -2.543287E+01
 1825  -2.543665E+01
 1826  -2.544042E+01
 1827  -2.544420E+01
 1828  -2.544797E+01
 1829  -2.545174E+01
 1830  -2.545552E+01
 1831  -2.545929E+01
 1832  -2.546306E+01
 1833  -2.546684E+01
 1834  -2.547061E+01
 1835  -2.547438E+01
 1836  -2.547816E+01
 1837  -2.548193E+01
 1838  -2.548570E+01
 1839  -2.548948E+01
 1840  -2.549325E+01
 1841  -2.549703E+01
 1842  -2.550080E+01
 1843  -2.550457E+01
 1844  -2.550835E+01
 1845  -2.551212E+01
 1846  -2.551590E+01
 1847  -2.551967E+01
 1848  -2.552345E+01
 1849  -2.552723E+01
 1850  -2.553100E+01
 1851  -2.553478E+01
 1852  -2.553855E+01
 1853  -2.554233E+01
 1854  -2.554611E+01
 1855  -2.554988E+01
 1856  -2.555366E+01
 1857  -2.555744E+01
 1858  -2.556122E+01
 1859  -2.556499E+01
 1860  -2.556877E+01
 1861  -2.557255E+01
 1862  -2.557633E+01
 1863  -2.558011E+01
 1864  -2.558389E+01
 1865  -2.558767E+01
 1866  -2.559145E+01
 1867  -2.559524E+01
 1868  -2.559902E+01
 1869  -2.560280E+01
 1870  -2.560658E+01
 1871  -2.561037E+01
 1872  -2.561415E+01
 1873  -2.561793E+01
 1874  -2.562172E+01
 1875  -2.562550E+01
 1876  -2.562929E+01
 1877  -2.563308E+01
 1878  -2.563686E+01
 1879  -2.564065E+01
 1880  -2.564444E+01
 1881  -2.564823E+01
 1882  -2.565202E+01
 1883  -2.565581E+01
 1884  -2.565960E+01
 1885  -2.566339E+01
 1886  -2.566718E+01
 1887  -2.567097E+01
 1888  -2.567477E+01
 1889  -2.567856E+01
 1890  -2.568236E+01
 1891  -2.568615E+01
 1892  -2.568995E+01
 1893  -2.569375E+01
 1894  -2.569754E+01
 1895  -2.570134E+01
 1896  -2.570514E+01
 1897  -2.570894E+01
 1898  -2.571274E+01
 1899  -2.571654E+01
 1900  -2.572034E+01
 1901  -2.572415E+01
 1902  -2.572795E+01
 1903  -2.573176E+01
 1904  -2.573556E+01
 1905  -2.573937E+01
 1906  -2.574318E+01
 1907  -2.574698E+01
 1908  -2.575079E+01
 1909  -2.575460E+01
 1910  -2.575841E+01
 1911  -2.576223E+01
 1912  -2.576604E+01
 1913  -2.576985E+01
 1914  -2.577367E+01
 1915  -2.577748E+01
 1916  -2.578130E+01
 1917  -2.578512E+01
 1918  -2.578893E+01
 1919  -2.579275E+01
 1920  -2.579657E+01
 1921  -2.580040E+01
 1922  -2.580422E+01
 1923  -2.580804E+01
 1924  -2.581187E+01
 1925  -2.581569E+01
 1926  -2.581952E+01
 1927  -2.582335E+01
 1928  -2.582718E+01
 1929  -2.583101E+01
 1930  -2.583484E+01
 1931  -2.583867E+01
 1932  -2.584250E+01
 1933  -2.584634E+01
 1934  -2.585017E+01
 1935  -2.585401E+01
 1936  -2.585785E+01
 1937  -2.586169E+01
 1938  -2.586553E+01
 1939  -2.586937E+01
 1940  -2.587323E+01
 1941  -2.587708E+01
 1942  -2.588094E+01
 1943  -2.588480E+01
 1944  -2.588865E+01
 1945  -2.589251E+01
 1946  -2.589638E+01
 1947  -2.590024E+01
 1948  -2.590410E+01
 1949  -2.590797E+01
 1950  -2.591183E+01
 1951  -2.591570E+01
 1952  -2.591957E+01
 1953  -2.592344E+01
 1954  -2.592731E+01
 1955  -2.593118E+01
 1956  -2.593506E+01
 1957  -2.593893E+01
 1958  -2.594281E+01
 1959  -2.594669E+01
 1960  -2.595056E+01
 1961  -2.595444E+01
 1962  -2.595833E+01
 1963  -2.596221E+01
 1964  -2.596609E+01
 1965  -2.596998E+01
 1966  -2.597387E+01
 1967  -2.597776E+01
 1968  -2.598166E+01
 1969  -2.598555E+01
 1970  -2.598945E+01
 1971  -2.599335E+01
 1972  -2.599725E+01
 1973  -2.600115E+01
 1974  -2.600505E+01
 1975  -2.600896E+01
 1976  -2.601287E+01
 1977  -2.601677E+01
 1978  -2.602068E+01
 1979  -2.602459E+01
 1980  -2.602850E+01
 1981  -2.603242E+01
 1982  -2.603633E+01
 1983  -2.604025E+01
 1984  -2.604416E+01
 1985  -2.604808E+01
 1986  -2.605200E+01
 1987  -2.605593E+01
 1988  -2.605985E+01
 1989  -2.606377E+01
 1990  -2.606770E+01
 1991  -2.607163E+01
 1992  -2.607556E+01
 1993  -2.607949E+01
 1994  -2.608342E+01
 1995  -2.608735E+01
 1996  -2.609129E+01
 1997  -2.609522E+01
 1998  -2.609916E+01
 1999  -2.610310E+01
 2000  -2.610704E+01
 2001  -2.611098E+01
 2002  -2.611493E+01
 2003  -2.611887E+01
 2004  -2.612282E+01
 2005  -2.612677E+01
 2006  -2.613072E+01
 2007  -2.613467E+01
 2008  -2.613862E+01
 2009  -2.614257E+01
 2010  -2.614653E+01
 2011  -2.615048E+01
 2012  -2.615444E+01
 2013  -2.615840E+01
 2014  -2.616236E+01
 2015  -2.616633E+01
 2016  -2.617029E+01
 2017  -2.617426E+01
 2018  -2.617822E+01
 2019  -2.618219E+01
 2020  -2.618616E+01
 2021  -2.619013E+01
 2022  -2.619411E+01
 2023  -2.619808E+01
 2024  -2.620206E+01
 2025  -2.620604E+01
 2026  -2.621001E+01
 2027  -2.621400E+01
 2028  -2.621798E+01
 2029  -2.622196E+01
 2030  -2.622595E+01
 2031  -2.622995E+01
 2032  -2.623395E+01
 2033  -2.623795E+01
 2034  -2.624196E+01
 2035  -2.624596E+01
 2036  -2.624997E+01
 2037  -2.625398E+01
 2038  -2.625798E+01
 2039  -2.626200E+01
 2040  -2.626601E+01
 2041  -2.627002E+01
 2042  -2.627404E+01
 2043  -2.627805E+01
 2044  -2.628207E+01
 2045  -2.628609E+01
 2046  -2.629011E+01
 2047  -2.629413E+01
 2048  -2.629816E+01
 2049  -2.630218E+01
 2050  -2.630621E+01
 2051  -2.631024E+01
 2052  -2.631427E+01
 2053  -2.631830E+01
 2054  -2.632233E+01
 2055  -2.632636E+01
 2056  -2.633040E+01
 2057  -2.633443E+01
 2058  -2.633847E+01
 2059  -2.634251E+01
 2060  -2.634655E+01
 2061  -2.635059E+01
 2062  -2.635464E+01
 2063  -2.635868E+01
 2064  -2.636273E+01
 2065  -2.636677E+01
 2066  -2.637082E+01
 2067  -2.637487E+01
 2068  -2.637892E+01
 2069  -2.638298E+01
 2070  -2.638703E+01
 2071  -2.639108E+01
 2072  -2.639514E+01
 2073  -2.639920E+01
 2074  -2.640326E+01
 2075  -2.640732E+01
 2076  -2.641138E+01
 2077  -2.641544E+01
 2078  -2.641951E+01
 2079  -2.642357E+01
 2080  -2.642764E+01
 2081  -2.643171E+01
 2082  -2.643577E+01
 2083  -2.643984E+01
 2084  -2.644392E+01
 2085  -2.644799E+01
 2086  -2.645206E+01
 2087  -2.645614E+01
 2088  -2.646021E+01
 2089  -2.646429E+01
 2090  -2.646837E+01
 2091  -2.647245E+01
 2092  -2.647653E+01
 2093  -2.648061E+01
 2094  -2.648470E+01
 2095  -2.648878E+01
 2096  -2.649286E+01
 2097  -2.649695E+01
 2098  -2.650105E+01
 2099  -2.650516E+01
 2100  -2.650926E+01
 2101  -2.651336E+01
 2102  -2.651747E+01
 2103  -2.652158E+01
 2104  -2.652569E+01
 2105  -2.652981E+01
 2106  -2.653392E+01
 2107  -2.653804E+01
 2108  -2.654215E+01
 2109  -2.654627E+01
 2110  -2.655039E+01
 2111  -2.655451E+01
 2112  -2.655863E+01
 2113  -2.656275E+01
 2114  -2.656688E+01
 2115  -2.657100E+01
 2116  -2.657513E+01
 2117  -2.657925E+01
 2118  -2.658338E+01
 2119  -2.658751E+01
 2120  -2.659163E+01
 2121  -2.659576E+01
 2122  -2.659989E+01
 2123  -2.660402E+01
 2124  -2.660816E+01
 2125  -2.661229E+01
 2126  -2.661642E+01
 2127  -2.662055E+01
 2128  -2.662469E+01
 2129  -2.662882E+01
 2130  -2.663296E+01
 2131  -2.663710E+01
 2132  -2.664124E+01
 2133  -2.664537E+01
 2134  -2.664951E+01
 2135  -2.665365E+01
 2136  -2.665779E+01
 2137  -2.666193E+01
 2138  -2.666608E+01
 2139  -2.667022E+01
 2140  -2.667436E+01
 2141  -2.667850E+01
 2142  -2.668265E+01
 2143  -2.668679E+01
 2144  -2.669094E+01
 2145  -2.669508E+01
 2146  -2.669923E+01
 2147  -2.670338E+01
 2148  -2.670753E+01
 2149  -2.671167E+01
 2150  -2.671582E+01
 2151  -2.671997E+01
 2152  -2.672412E+01
 2153  -2.672827E+01
 2154  -2.673242E+01
 2155  -2.673657E+01
 2156  -2.674072E+01
 2157  -2.674487E+01
 2158  -2.674903E+01
 2159  -2.675318E+01
 2160  -2.675733E+01
 2161  -2.676148E+01
 2162  -2.676564E+01
 2163  -2.676979E+01
 2164  -2.677395E+01
 2165  -2.677810E+01
 2166  -2.678225E+01
 2167  -2.678641E+01
 2168  -2.679056E+01
 2169  -2.679472E+01
 2170  -2.679888E+01
 2171  -2.680303E+01
 2172  -2.680719E+01
 2173  -2.681134E+01
 2174  -2.681550E+01
 2175  -2.681966E+01
 2176  -2.682381E+01
 2177  -2.682797E+01
 2178  -2.683213E+01
 2179  -2.683628E+01
 2180  -2.684044E+01
 2181  -2.684460E+01
 2182  -2.684875E+01
 2183  -2.685291E+01
 2184  -2.685707E+01
 2185  -2.686123E+01
 2186  -2.686538E+01
 2187  -2.686954E+01
 2188  -2.687370E+01
 2189  -2.687785E+01
 2190  -2.688201E+01
 2191  -2.688617E+01
 2192  -2.689032E+01
 2193  -2.689448E+01
 2194  -2.689864E+01
 2195  -2.690279E+01
 2196  -2.690695E+01
 2197  -2.691111E+01
 2198  -2.691526E+01
 2199  -2.691942E+01
 2200  -2.692357E+01
 2201  -2.692773E+01
 2202  -2.693188E+01
 2203  -2.693604E+01
 2204  -2.694019E+01
 2205  -2.694435E+01
 2206  -2.694850E+01
 2207  -2.695265E+01
 2208  -2.695681E+01
 2209  -2.696096E+01
 2210  -2.696511E+01
 2211  -2.696926E+01
 2212  -2.697341E+01
 2213  -2.697757E+01
 2214  -2.698172E+01
 2215  -2.698587E+01
 2216  -2.699002E+01
 2217  -2.699417E+01
 2218  -2.699831E+01
 2219  -2.700246E+01
 2220  -2.700661E+01
 2221  -2.701076E+01
 2222  -2.701490E+01
 2223  -2.701905E+01
 2224  -2.702320E+01
 2225  -2.702734E+01
 2226  -2.703149E+01
 2227  -2.703563E+01
 2228  -2.703977E+01
 2229  -2.704391E+01
 2230  -2.704806E+01
 2231  -2.705220E+01
 2232  -2.705634E+01
 2233  -2.706048E+01
 2234  -2.706461E+01
 2235  -2.706875E+01
 2236  -2.707289E+01
 2237  -2.707703E+01
 2238  -2.708116E+01
 2239  -2.708530E+01
 2240  -2.708943E+01
 2241  -2.709356E+01
 2242  -2.709769E+01
 2243  -2.710183E+01
 2244  -2.710596E+01
 2245  -2.711008E+01
 2246  -2.711421E+01
 2247  -2.711834E+01
 2248  -2.712247E+01
 2249  -2.712659E+01
 2250  -2.713072E+01
 2251  -2.713484E+01
 2252  -2.713896E+01
 2253  -2.714308E+01
 2254  -2.714720E+01
 2255  -2.715132E+01
 2256  -2.715544E+01
 2257  -2.715956E+01
 2258  -2.716367E+01
 2259  -2.716779E+01
 2260  -2.717190E+01
 2261  -2.717601E+01
 2262  -2.718012E+01
 2263  -2.718423E+01
 2264  -2.718834E+01
 2265  -2.719245E+01
 2266  -2.719656E+01
 2267  -2.720066E+01
 2268  -2.720476E+01
 2269  -2.720887E+01
 2270  -2.721297E+01
 2271  -2.721707E+01
 2272  -2.722116E+01
 2273  -2.722526E+01
 2274  -2.722936E+01
 2275  -2.723345E+01
 2276  -2.723754E+01
 2277  -2.724163E+01
 2278  -2.724572E+01
 2279  -2.724981E+01
 2280  -2.725390E+01
 2281  -2.725799E+01
 2282  -2.726209E+01
 2283  -2.726618E+01
 2284  -2.727027E+01
 2285  -2.727435E+01
 2286  -2.727844E+01
 2287  -2.728252E+01
 2288  -2.728661E+01
 2289  -2.729069E+01
 2290  -2.729477E+01
 2291  -2.729885E+01
 2292  -2.730292E+01
 2293  -2.730700E+01
 2294  -2.731107E+01
 2295  -2.731514E+01
 2296  -2.731921E+01
 2297  -2.732328E+01
 2298  -2.732734E+01
 2299  -2.733140E+01
 2300  -2.733547E+01
 2301  -2.733953E+01
 2302  -2.734358E+01
 2303  -2.734764E+01
 2304  -2.735169E+01
 2305  -2.735575E+01
 2306  -2.735980E+01
 2307  -2.736385E+01
 2308  -2.736789E+01
 2309  -2.737194E+01
 2310  -2.737598E+01
 2311  -2.738002E+01
 2312  -2.738406E+01
 2313  -2.738809E+01
 2314  -2.739213E+01
 2315  -2.739616E+01
 2316  -2.740019E+01
 2317  -2.740422E+01
 2318  -2.740824E+01
 2319  -2.741227E+01
 2320  -2.741629E+01
 2321  -2.742031E+01
 2322  -2.742433E+01
 2323  -2.742834E+01
 2324  -2.743235E+01
 2325  -2.743636E+01
 2326  -2.744037E+01
 2327  -2.744438E+01
 2328  -2.744838E+01
 2329  -2.745238E+01
 2330  -2.745638E+01
 2331  -2.746038E+01
 2332  -2.746437E+01
 2333  -2.746836E+01
 2334  -2.747235E+01
 2335  -2.747634E+01
 2336  -2.748033E+01
 2337  -2.748431E+01
 2338  -2.748829E+01
 2339  -2.749226E+01
 2340  -2.749624E+01
 2341  -2.750021E+01
 2342  -2.750418E+01
 2343  -2.750815E+01
 2344  -2.751211E+01
 2345  -2.751607E+01
 2346  -2.752003E+01
 2347  -2.752399E+01
 2348  -2.752794E+01
 2349  -2.753189E+01
 2350  -2.753584E+01
 2351  -2.753979E+01
 2352  -2.754373E+01
 2353  -2.754767E+01
 2354  -2.755161E+01
 2355  -2.755556E+01
 2356  -2.755950E+01
 2357  -2.756344E+01
 2358  -2.756738E+01
 2359  -2.757131E+01
 2360  -2.757525E+01
 2361  -2.757918E+01
 2362  -2.758310E+01
 2363  -2.758702E+01
 2364  -2.759095E+01
 2365  -2.759486E+01
 2366  -2.759878E+01
 2367  -2.760269E+01
 2368  -2.760660E+01
 2369  -2.761050E+01
 2370  -2.761441E+01
 2371  -2.761831E+01
 2372  -2.762220E+01
 2373  -2.762609E+01
 2374  -2.762999E+01
 2375  -2.763387E+01
 2376  -2.763776E+01
 2377  -2.764164E+01
 2378  -2.764551E+01
 2379  -2.764939E+01
 2380  -2.765326E+01
 2381  -2.765713E+01
 2382  -2.766099E+01
 2383  -2.766485E+01
 2384  -2.766871E+01
 2385  -2.767257E+01
 2386  -2.767642E+01
 2387  -2.768027E+01
 2388  -2.768411E+01
 2389  -2.768796E+01
 2390  -2.769179E+01
 2391  -2.769563E+01
 2392  -2.769946E+01
 2393  -2.770329E+01
 2394  -2.770711E+01
 2395  -2.771093E+01
 2396  -2.771475E+01
 2397  -2.771857E+01
 2398  -2.772238E+01
 2399  -2.772618E+01
 2400  -2.772999E+01
 2401  -2.773379E+01
 2402  -2.773758E+01
 2403  -2.774138E+01
 2404  -2.774517E+01
 2405  -2.774895E+01
 2406  -2.775273E+01
 2407  -2.775651E+01
 2408  -2.776029E+01
 2409  -2.776406E+01
 2410  -2.776782E+01
 2411  -2.777159E+01
 2412  -2.777535E+01
 2413  -2.777910E+01
 2414  -2.778286E+01
 2415  -2.778660E+01
 2416  -2.779035E+01
 2417  -2.779409E+01
 2418  -2.779783E+01
 2419  -2.780156E+01
 2420  -2.780529E+01
 2421  -2.780901E+01
 2422  -2.781273E+01
 2423  -2.781645E+01
 2424  -2.782016E+01
 2425  -2.782387E+01
 2426  -2.782758E+01
 2427  -2.783128E+01
 2428  -2.783498E+01
 2429  -2.783867E+01
 2430  -2.784236E+01
 2431  -2.784605E+01
 2432  -2.784973E+01
 2433  -2.785340E+01
 2434  -2.785708E+01
 2435  -2.786075E+01
 2436  -2.786441E+01
 2437  -2.786807E+01
 2438  -2.787173E+01
 2439  -2.787538E+01
 2440  -2.787903E+01
 2441  -2.788267E+01
 2442  -2.788631E+01
 2443  -2.788995E+01
 2444  -2.789358E+01
 2445  -2.789720E+01
 2446  -2.790083E+01
 2447  -2.790445E+01
 2448  -2.790806E+01
 2449  -2.791167E+01
 2450  -2.791527E+01
 2451  -2.791887E+01
 2452  -2.792247E+01
 2453  -2.792606E+01
 2454  -2.792965E+01
 2455  -2.793323E+01
 2456  -2.793681E+01
 2457  -2.794039E+01
 2458  -2.794396E+01
 2459  -2.794752E+01
 2460  -2.795108E+01
 2461  -2.795464E+01
 2462  -2.795819E+01
 2463  -2.796174E+01
 2464  -2.796528E+01
 2465  -2.796882E+01
 2466  -2.797235E+01
 2467  -2.797588E+01
 2468  -2.797941E+01
 2469  -2.798293E+01
 2470  -2.798644E+01
 2471  -2.798995E+01
 2472  -2.799346E+01
 2473  -2.799696E+01
 2474  -2.800045E+01
 2475  -2.800395E+01
 2476  -2.800743E+01
 2477  -2.801092E+01
 2478  -2.801439E+01
 2479  -2.801787E+01
 2480  -2.802133E+01
 2481  -2.802480E+01
 2482  -2.802826E+01
 2483  -2.803171E+01
 2484  -2.803516E+01
 2485  -2.803860E+01
 2486  -2.804204E+01
 2487  -2.804548E+01
 2488  -2.804891E+01
 2489  -2.805233E+01
 2490  -2.805575E+01
 2491  -2.805917E+01
 2492  -2.806258E+01
 2493  -2.806598E+01
 2494  -2.806939E+01
 2495  -2.807278E+01
 2496  -2.807617E+01
 2497  -2.807956E+01
 2498  -2.808294E+01
 2499  -2.808632E+01
 2500  -2.808969E+01
 2501  -2.809305E+01
 2502  -2.809641E+01
 2503  -2.809977E+01
 2504  -2.810312E+01
 2505  -2.810647E+01
 2506  -2.810981E+01
 2507  -2.811315E+01
 2508  -2.811648E+01
 2509  -2.811980E+01
 2510  -2.812312E+01
 2511  -2.812644E+01
 2512  -2.812975E+01
 2513  -2.813306E+01
 2514  -2.813636E+01
 2515  -2.813965E+01
 2516  -2.814295E+01
 2517  -2.814623E+01
 2518  -2.814951E+01
 2519  -2.815279E+01
 2520  -2.815606E+01
 2521  -2.815932E+01
 2522  -2.816259E+01
 2523  -2.816584E+01
 2524  -2.816909E+01
 2525  -2.817234E+01
 2526  -2.817558E+01
 2527  -2.817881E+01
 2528  -2.818204E+01
 2529  -2.818527E+01
 2530  -2.818849E+01
 2531  -2.819170E+01
 2532  -2.819491E+01
 2533  -2.819811E+01
 2534  -2.820131E+01
 2535  -2.820451E+01
 2536  -2.820769E+01
 2537  -2.821088E+01
 2538  -2.821406E+01
 2539  -2.821723E+01
 2540  -2.822040E+01
 2541  -2.822356E+01
 2542  -2.822672E+01
 2543  -2.822987E+01
 2544  -2.823302E+01
 2545  -2.823616E+01
 2546  -2.823930E+01
 2547  -2.824243E+01
 2548  -2.824556E+01
 2549  -2.824868E+01
 2550  -2.825180E+01
 2551  -2.825491E+01
 2552  -2.825801E+01
 2553  -2.826112E+01
 2554  -2.826421E+01
 2555  -2.826730E+01
 2556  -2.827039E+01
 2557  -2.827347E+01
 2558  -2.827654E+01
 2559  -2.827961E+01
 2560  -2.828268E+01
 2561  -2.828574E+01
 2562  -2.828879E+01
 2563  -2.829184E+01
 2564  -2.829489E+01
 2565  -2.829793E+01
 2566  -2.830096E+01
 2567  -2.830399E+01
 2568  -2.830701E+01
 2569  -2.831003E+01
 2570  -2.831304E+01
 2571  -2.831605E+01
 2572  -2.831906E+01
 2573  -2.832205E+01
 2574  -2.832505E+01
 2575  -2.832803E+01
 2576  -2.833102E+01
 2577  -2.833399E+01
 2578  -2.833697E+01
 2579  -2.833993E+01
 2580  -2.834290E+01
 2581  -2.834585E+01
 2582  -2.834881E+01
 2583  -2.835175E+01
 2584  -2.835470E+01
 2585  -2.835763E+01
 2586  -2.836056E+01
 2587  -2.836349E+01
 2588  -2.836641E+01
 2589  -2.836933E+01
 2590  -2.837224E+01
 2591  -2.837515E+01
 2592  -2.837805E+01
 2593  -2.838095E+01
 2594  -2.838384E+01
 2595  -2.838673E+01
 2596  -2.838961E+01
 2597  -2.839248E+01
 2598  -2.839535E+01
 2599  -2.839822E+01
 2600  -2.840108E+01
 2601  -2.840394E+01
 2602  -2.840679E+01
 2603  -2.840964E+01
 2604  -2.841248E+01
 2605  -2.841532E+01
 2606  -2.841815E+01
 2607  -2.842098E+01
 2608  -2.842380E+01
 2609  -2.842662E+01
 2610  -2.842943E+01
 2611  -2.843224E+01
 2612  -2.843504E+01
 2613  -2.843784E+01
 2614  -2.844063E+01
 2615  -2.844342E+01
 2616  -2.844620E+01
 2617  -2.844898E+01
 2618  -2.845175E+01
 2619  -2.845452E+01
 2620  -2.845729E+01
 2621  -2.846005E+01
 2622  -2.846280E+01
 2623  -2.846555E+01
 2624  -2.846830E+01
 2625  -2.847104E+01
 2626  -2.847377E+01
 2627  -2.847650E+01
 2628  -2.847923E+01
 2629  -2.848195E+01
 2630  -2.848467E+01
 2631  -2.848738E+01
 2632  -2.849009E+01
 2633  -2.849279E+01
 2634  -2.849549E+01
 2635  -2.849818E+01
 2636  -2.850087E+01
 2637  -2.850355E+01
 2638  -2.850623E+01
 2639  -2.850891E+01
 2640  -2.851158E+01
 2641  -2.851425E+01
 2642  -2.851691E+01
 2643  -2.851956E+01
 2644  -2.852222E+01
 2645  -2.852486E+01
 2646  -2.852751E+01
 2647  -2.853015E+01
 2648  -2.853278E+01
 2649  -2.853541E+01
 2650  -2.853804E+01
 2651  -2.854066E+01
 2652  -2.854327E+01
 2653  -2.854589E+01
 2654  -2.854849E+01
 2655  -2.855110E+01
 2656  -2.855370E+01
 2657  -2.855629E+01
 2658  -2.855888E+01
 2659  -2.856147E+01
 2660  -2.856405E+01
 2661  -2.856662E+01
 2662  -2.856920E+01
 2663  -2.857177E+01
 2664  -2.857433E+01
 2665  -2.857689E+01
 2666  -2.857945E+01
 2667  -2.858200E+01
 2668  -2.858455E+01
 2669  -2.858709E+01
 2670  -2.858963E+01
 2671  -2.859216E+01
 2672  -2.859469E+01
 2673  -2.859722E+01
 2674  -2.859974E+01
 2675  -2.860226E+01
 2676  -2.860477E+01
 2677  -2.860728E+01
 2678  -2.860979E+01
 2679  -2.861229E+01
 2680  -2.861479E+01
 2681  -2.861728E+01
 2682  -2.861977E+01
 2683  -2.862226E+01
 2684  -2.862474E+01
 2685  -2.862722E+01
 2686  -2.862969E+01
 2687  -2.863216E+01
 2688  -2.863462E+01
 2689  -2.863709E+01
 2690  -2.863954E+01
 2691  -2.864200E+01
 2692  -2.864445E+01
 2693  -2.864689E+01
 2694  -2.864934E+01
 2695  -2.865177E+01
 2696  -2.865421E+01
 2697  -2.865664E+01
 2698  -2.865906E+01
 2699  -2.866149E+01
 2700  -2.866391E+01
 2701  -2.866632E+01
 2702  -2.866873E+01
 2703  -2.867114E+01
 2704  -2.867354E+01
 2705  -2.867594E+01
 2706  -2.867834E+01
 2707  -2.868073E+01
 2708  -2.868312E+01
 2709  -2.868551E+01
 2710  -2.868789E+01
 2711  -2.869027E+01
 2712  -2.869264E+01
 2713  -2.869501E+01
 2714  -2.869738E+01
 2715  -2.869974E+01
 2716  -2.870210E+01
 2717  -2.870446E+01
 2718  -2.870681E+01
 2719  -2.870916E+01
 2720  -2.871150E+01
 2721  -2.871385E+01
 2722  -2.871618E+01
 2723  -2.871852E+01
 2724  -2.872085E+01
 2725  -2.872318E+01
 2726  -2.872550E+01
 2727  -2.872782E+01
 2728  -2.873014E+01
 2729  -2.873245E+01
 2730  -2.873477E+01
 2731  -2.873707E+01
 2732  -2.873938E+01
 2733  -2.874168E+01
 2734  -2.874397E+01
 2735  -2.874627E+01
 2736  -2.874856E+01
 2737  -2.875084E+01
 2738  -2.875313E+01
 2739  -2.875541E+01
 2740  -2.875768E+01
 2741  -2.875996E+01
 2742  -2.876223E+01
 2743  -2.876450E+01
 2744  -2.876676E+01
 2745  -2.876902E+01
 2746  -2.877128E+01
 2747  -2.877353E+01
 2748  -2.877578E+01
 2749  -2.877803E+01
 2750  -2.878027E+01
 2751  -2.878251E+01
 2752  -2.878475E+01
 2753  -2.878699E+01
 2754  -2.878922E+01
 2755  -2.879145E+01
 2756  -2.879367E+01
 2757  -2.879590E+01
 2758  -2.879811E+01
 2759  -2.880033E+01
 2760  -2.880254E+01
 2761  -2.880475E+01
 2762  -2.880696E+01
 2763  -2.880916E+01
 2764  -2.881136E+01
 2765  -2.881356E+01
 2766  -2.881576E+01
 2767  -2.881795E+01
 2768  -2.882014E+01
 2769  -2.882232E+01
 2770  -2.882451E+01
 2771  -2.882669E+01
 2772  -2.882886E+01
 2773  -2.883104E+01
 2774  -2.883321E+01
 2775  -2.883538E+01
 2776  -2.883755E+01
 2777  -2.883971E+01
 2778  -2.884188E+01
 2779  -2.884404E+01
 2780  -2.884620E+01
 2781  -2.884835E+01
 2782  -2.885050E+01
 2783  -2.885265E+01
 2784  -2.885480E+01
 2785  -2.885694E+01
 2786  -2.885908E+01
 2787  -2.886122E+01
 2788  -2.886336E+01
 2789  -2.886549E+01
 2790  -2.886762E+01
 2791  -2.886975E+01
 2792  -2.887187E+01
 2793  -2.887399E+01
 2794  -2.887611E+01
 2795  -2.887823E+01
 2796  -2.888034E+01
 2797  -2.888245E+01
 2798  -2.888456E+01
 2799  -2.888666E+01
 2800  -2.888876E+01
 2801  -2.889086E+01
 2802  -2.889296E+01
 2803  -2.889505E+01
 2804  -2.889714E+01
 2805  -2.889923E+01
 2806  -2.890132E+01
 2807  -2.890340E+01
 2808  -2.890548E+01
 2809  -2.890756E+01
 2810  -2.890964E+01
 2811  -2.891171E+01
 2812  -2.891378E+01
 2813  -2.891585E+01
 2814  -2.891791E+01
 2815  -2.891997E+01
 2816  -2.892203E+01
 2817  -2.892409E+01
 2818  -2.892614E+01
 2819  -2.892820E+01
 2820  -2.893024E+01
 2821  -2.893229E+01
 2822  -2.893434E+01
 2823  -2.893638E+01
 2824  -2.893842E+01
 2825  -2.894045E+01
 2826  -2.894249E+01
 2827  -2.894452E+01
 2828  -2.894655E+01
 2829  -2.894857E+01
 2830  -2.895060E+01
 2831  -2.895262E+01
 2832  -2.895464E+01
 2833  -2.895666E+01
 2834  -2.895867E+01
 2835  -2.896068E+01
 2836  -2.896269E+01
 2837  -2.896470E+01
 2838  -2.896670E+01
 2839  -2.896870E+01
 2840  -2.897070E+01
 2841  -2.897270E+01
 2842  -2.897470E+01
 2843  -2.897669E+01
 2844  -2.897868E+01
 2845  -2.898067E+01
 2846  -2.898265E+01
 2847  -2.898463E+01
 2848  -2.898661E+01
 2849  -2.898859E+01
 2850  -2.899057E+01
 2851  -2.899254E+01
 2852  -2.899451E+01
 2853  -2.899648E+01
 2854  -2.899845E+01
 2855  -2.900041E+01
 2856  -2.900237E+01
 2857  -2.900433E+01
 2858  -2.900629E+01
 2859  -2.900824E+01
 2860  -2.901019E+01
 2861  -2.901214E+01
 2862  -2.901409E+01
 2863  -2.901604E+01
 2864  -2.901798E+01
 2865  -2.901992E+01
 2866  -2.902186E+01
 2867  -2.902380E+01
 2868  -2.902573E+01
 2869  -2.902766E+01
 2870  -2.902959E+01
 2871  -2.903152E+01
 2872  -2.903344E+01
 2873  -2.903537E+01
 2874  -2.903729E+01
 2875  -2.903921E+01
 2876  -2.904112E+01
 2877  -2.904303E+01
 2878  -2.904495E+01
 2879  -2.904686E+01
 2880  -2.904876E+01
 2881  -2.905067E+01
 2882  -2.905257E+01
 2883  -2.905447E+01
 2884  -2.905637E+01
 2885  -2.905827E+01
 2886  -2.906016E+01
 2887  -2.906205E+01
 2888  -2.906394E+01
 2889  -2.906583E+01
 2890  -2.906771E+01
 2891  -2.906960E+01
 2892  -2.907148E+01
 2893  -2.907336E+01
 2894  -2.907523E+01
 2895  -2.907711E+01
 2896  -2.907898E+01
 2897  -2.908085E+01
 2898  -2.908272E+01
 2899  -2.908459E+01
 2900  -2.908645E+01
 2901  -2.908831E+01
 2902  -2.909017E+01
 2903  -2.909203E+01
 2904  -2.909388E+01
 2905  -2.909574E+01
 2906  -2.909759E+01
 2907  -2.909944E+01
 2908  -2.910128E+01
 2909  -2.910313E+01
 2910  -2.910497E+01
 2911  -2.910681E+01
 2912  -2.910865E+01
 2913  -2.911049E+01
 2914  -2.911232E+01
 2915  -2.911416E+01
 2916  -2.911599E+01
 2917  -2.911782E+01
 2918  -2.911964E+01
 2919  -2.912147E+01
 2920  -2.912329E+01
 2921  -2.912511E+01
 2922  -2.912693E+01
 2923  -2.912874E+01
 2924  -2.913056E+01
 2925  -2.913237E+01
 2926  -2.913418E+01
 2927  -2.913599E+01
 2928  -2.913779E+01
 2929  -2.913960E+01
 2930  -2.914140E+01
 2931  -2.914320E+01
 2932  -2.914500E+01
 2933  -2.914680E+01
 2934  -2.914859E+01
 2935  -2.915038E+01
 2936  -2.915217E+01
 2937  -2.915396E+01
 2938  -2.915575E+01
 2939  -2.915753E+01
 2940  -2.915931E+01
 2941  -2.916109E+01
 2942  -2.916287E+01
 2943  -2.916465E+01
 2944  -2.916642E+01
 2945  -2.916820E+01
 2946  -2.916997E+01
 2947  -2.917173E+01
 2948  -2.917350E+01
 2949  -2.917527E+01
 2950  -2.917703E+01
 2951  -2.917879E+01
 2952  -2.918055E+01
 2953  -2.918231E+01
 2954  -2.918406E+01
 2955  -2.918581E+01
 2956  -2.918757E+01
 2957  -2.918932E+01
 2958  -2.919106E+01
 2959  -2.919281E+01
 2960  -2.919455E+01
 2961  -2.919629E+01
 2962  -2.919803E+01
 2963  -2.919977E+01
 2964  -2.920151E+01
 2965  -2.920324E+01
 2966  -2.920498E+01
 2967  -2.920671E+01
 2968  -2.920843E+01
 2969  -2.921016E+01
 2970  -2.921189E+01
 2971  -2.921361E+01
 2972  -2.921533E+01
 2973  -2.921705E+01
 2974  -2.921877E+01
 2975  -2.922048E+01
 2976  -2.922220E+01
 2977  -2.922391E+01
 2978  -2.922562E+01
 2979  -2.922733E+01
 2980  -2.922903E+01
 2981  -2.923074E+01
 2982  -2.923244E+01
 2983  -2.923414E+01
 2984  -2.923584E+01
 2985  -2.923754E+01
 2986  -2.923923E+01
 2987  -2.924093E+01
 2988  -2.924262E+01
 2989  -2.924431E+01
 2990  -2.924600E+01
 2991  -2.924769E+01
 2992  -2.924937E+01
 2993  -2.925105E+01
 2994  -2.925274E+01
 2995  -2.925441E+01
 2996  -2.925609E+01
 2997  -2.925777E+01
 2998  -2.925944E+01
 2999  -2.926112E+01
 3000  -2.926279E+01
 3001  -2.926445E+01
 3002  -2.926612E+01
 3003  -2.926779E+01
 3004  -2.926945E+01
 3005  -2.927111E+01
 3006  -2.927277E+01
 3007  -2.927443E+01
 3008  -2.927609E+01
 3009  -2.927774E+01
 3010  -2.927940E+01
 3011  -2.928105E+01
 3012  -2.928270E+01
 3013  -2.928435E+01
 3014  -2.928599E+01
 3015  -2.928764E+01
 3016  -2.928928E+01
 3017  -2.929092E+01
 3018  -2.929256E+01
 3019  -2.929420E+01
 3020  -2.929584E+01
 3021  -2.929747E+01
 3022  -2.929910E+01
 3023  -2.930074E+01
 3024  -2.930236E+01
 3025  -2.930399E+01
 3026  -2.930562E+01
 3027  -2.930724E+01
 3028  -2.930887E+01
 3029  -2.931049E+01
 3030  -2.931211E+01
 3031  -2.931373E+01
 3032  -2.931534E+01
 3033  -2.931696E+01
 3034  -2.931857E+01
 3035  -2.932018E+01
 3036  -2.932179E+01
 3037  -2.932340E+01
 3038  -2.932501E+01
 3039  -2.932661E+01
 3040  -2.932821E+01
 3041  -2.932982E+01
 3042  -2.933142E+01
 3043  -2.933301E+01
 3044  -2.933461E+01
 3045  -2.933621E+01
 3046  -2.933780E+01
 3047  -2.933939E+01
 3048  -2.934098E+01
 3049  -2.934257E+01
 3050  -2.934416E+01
 3051  -2.934575E+01
 3052  -2.934733E+01
 3053  -2.934891E+01
 3054  -2.935049E+01
 3055  -2.935207E+01
 3056  -2.935365E+01
 3057  -2.935523E+01
 3058  -2.935680E+01
 3059  -2.935838E+01
 3060  -2.935995E+01
 3061  -2.936152E+01
 3062  -2.936309E+01
 3063  -2.936466E+01
 3064  -2.936622E+01
 3065  -2.936779E+01
 3066  -2.936935E+01
 3067  -2.937091E+01
 3068  -2.937247E+01
 3069  -2.937403E+01
 3070  -2.937559E+01
 3071  -2.937714E+01
 3072  -2.937870E+01
 3073  -2.938025E+01
 3074  -2.938180E+01
 3075  -2.938335E+01
 3076  -2.938490E+01
 3077  -2.938644E+01
 3078  -2.938799E+01
 3079  -2.938953E+01
 3080  -2.939108E+01
 3081  -2.939262E+01
 3082  -2.939416E+01
 3083  -2.939569E+01
 3084  -2.939723E+01
 3085  -2.939877E+01
 3086  -2.940030E+01
 3087  -2.940183E+01
 3088  -2.940336E+01
 3089  -2.940489E+01
 3090  -2.940642E+01
 3091  -2.940795E+01
 3092  -2.940947E+01
 3093  -2.941100E+01
 3094  -2.941252E+01
 3095  -2.941404E+01
 3096  -2.941556E+01
 3097  -2.941708E+01
 3098  -2.941859E+01
 3099  -2.942011E+01
 3100  -2.942162E+01
 3101  -2.942314E+01
 3102  -2.942465E+01
 3103  -2.942616E+01
 3104  -2.942767E+01
 3105  -2.942918E+01
 3106  -2.943068E+01
 3107  -2.943219E+01
 3108  -2.943369E+01
 3109  -2.943519E+01
 3110  -2.943669E+01
 3111  -2.943819E+01
 3112  -2.943969E+01
 3113  -2.944119E+01
 3114  -2.944268E+01
 3115  -2.944418E+01
 3116  -2.944567E+01
 3117  -2.944716E+01
 3118  -2.944865E+01
 3119  -2.945014E+01
 3120  -2.945163E+01
 3121  -2.945312E+01
 3122  -2.945460E+01
 3123  -2.945609E+01
 3124  -2.945757E+01
 3125  -2.945905E+01
 3126  -2.946053E+01
 3127  -2.946201E+01
 3128  -2.946349E+01
 3129  -2.946497E+01
 3130  -2.946644E+01
 3131  -2.946792E+01
 3132  -2.946939E+01
 3133  -2.947086E+01
 3134  -2.947233E+01
 3135  -2.947380E+01
 3136  -2.947527E+01
 3137  -2.947674E+01
 3138  -2.947821E+01
 3139  -2.947967E+01
 3140  -2.948113E+01
 3141  -2.948260E+01
 3142  -2.948406E+01
 3143  -2.948552E+01
 3144  -2.948698E+01
 3145  -2.948844E+01
 3146  -2.948989E+01
 3147  -2.949135E+01
 3148  -2.949280E+01
 3149  -2.949426E+01
 3150  -2.949571E+01
 3151  -2.949716E+01
 3152  -2.949861E+01
 3153  -2.950006E+01
 3154  -2.950151E+01
 3155  -2.950295E+01
 3156  -2.950440E+01
 3157  -2.950584E+01
 3158  -2.950729E+01
 3159  -2.950873E+01
 3160  -2.951017E+01
 3161  -2.951161E+01
 3162  -2.951305E+01
 3163  -2.951449E+01
 3164  -2.951592E+01
 3165  -2.951736E+01
 3166  -2.951880E+01
 3167  -2.952023E+01
 3168  -2.952166E+01
 3169  -2.952309E+01
 3170  -2.952452E+01
 3171  -2.952595E+01
 3172  -2.952738E+01
 3173  -2.952881E+01
 3174  -2.953024E+01
 3175  -2.953166E+01
 3176  -2.953309E+01
 3177  -2.953451E+01
 3178  -2.953594E+01
 3179  -2.953736E+01
 3180  -2.953878E+01
 3181  -2.954020E+01
 3182  -2.954162E+01
 3183  -2.954303E+01
 3184  -2.954445E+01
 3185  -2.954587E+01
 3186  -2.954728E+01
 3187  -2.954870E+01
 3188  -2.955011E+01
 3189  -2.955152E+01
 3190  -2.955293E+01
 3191  -2.955434E+01
 3192  -2.955575E+01
 3193  -2.955716E+01
 3194  -2.955857E+01
 3195  -2.955998E+01
 3196  -2.956138E+01
 3197  -2.956279E+01
 3198  -2.956419E+01
 3199  -2.956560E+01
 3200  -2.956700E+01
 3201  -2.956840E+01
 3202  -2.956980E+01
 3203  -2.957120E+01
 3204  -2.957260E+01
 3205  -2.957400E+01
 3206  -2.957539E+01
 3207  -2.957679E+01
 3208  -2.957819E+01
 3209  -2.957958E+01
 3210  -2.958097E+01
 3211  -2.958237E+01
 3212  -2.958376E+01
 3213  -2.958515E+01
 3214  -2.958654E+01
 3215  -2.958793E+01
 3216  -2.958932E+01
 3217  -2.959071E+01
 3218  -2.959210E+01
 3219  -2.959348E+01
 3220  -2.959487E+01
 3221  -2.959625E+01
 3222  -2.959764E+01
 3223  -2.959902E+01
 3224  -2.960041E+01
 3225  -2.960179E+01
 3226  -2.960317E+01
 3227  -2.960455E+01
 3228  -2.960593E+01
 3229  -2.960731E+01
 3230  -2.960869E+01
 3231  -2.961006E+01
 3232  -2.961144E+01
 3233  -2.961282E+01
 3234  -2.961419E+01
 3235  -2.961557E+01
 3236  -2.961694E+01
 3237  -2.961832E+01
 3238  -2.961969E+01
 3239  -2.962106E+01
 3240  -2.962243E+01
 3241  -2.962380E+01
 3242  -2.962517E+01
 3243  -2.962654E+01
 3244  -2.962791E+01
 3245  -2.962928E+01
 3246  -2.963065E+01
 3247  -2.963202E+01
 3248  -2.963338E+01
 3249  -2.963475E+01
 3250  -2.963611E+01
 3251  -2.963748E+01
 3252  -2.963884E+01
 3253  -2.964020E+01
 3254  -2.964157E+01
 3255  -2.964293E+01
 3256  -2.964429E+01
 3257  -2.964565E+01
 3258  -2.964701E+01
 3259  -2.964837E+01
 3260  -2.964973E+01
 3261  -2.965109E+01
 3262  -2.965245E+01
 3263  -2.965380E+01
 3264  -2.965516E+01
 3265  -2.965652E+01
 3266  -2.965787E+01
 3267  -2.965923E+01
 3268  -2.966058E+01
 3269  -2.966194E+01
 3270  -2.966329E+01
 3271  -2.966464E+01
 3272  -2.966600E+01
 3273  -2.966735E+01
 3274  -2.966870E+01
 3275  -2.967005E+01
 3276  -2.967140E+01
 3277  -2.967275E+01
 3278  -2.967410E+01
 3279  -2.967545E+01
 3280  -2.967680E+01
 3281  -2.967815E+01
 3282  -2.967950E+01
 3283  -2.968084E+01
 3284  -2.968219E+01
 3285  -2.968354E+01
 3286  -2.968488E+01
 3287  -2.968623E+01
 3288  -2.968757E+01
 3289  -2.968892E+01
 3290  -2.969026E+01
 3291  -2.969161E+01
 3292  -2.969295E+01
 3293  -2.969429E+01
 3294  -2.969563E+01
 3295  -2.969698E+01
 3296  -2.969832E+01
 3297  -2.969966E+01
 3298  -2.970100E+01
 3299  -2.970234E+01
 3300  -2.970368E+01
 3301  -2.970502E+01
 3302  -2.970636E+01
 3303  -2.970770E+01
 3304  -2.970904E+01
 3305  -2.971038E+01
 3306  -2.971172E+01
 3307  -2.971305E+01
 3308  -2.971439E+01
 3309  -2.971573E+01
 3310  -2.971706E+01
 3311  -2.971840E+01
 3312  -2.971974E+01
 3313  -2.972107E+01
 3314  -2.972241E+01
 3315  -2.972374E+01
 3316  -2.972508E+01
 3317  -2.972641E+01
 3318  -2.972775E+01
 3319  -2.972908E+01
 3320  -2.973042E+01
 3321  -2.973175E+01
 3322  -2.973308E+01
 3323  -2.973442E+01
 3324  -2.973575E+01
 3325  -2.973708E+01
 3326  -2.973841E+01
 3327  -2.973974E+01
 3328  -2.974108E+01
 3329  -2.974241E+01
 3330  -2.974374E+01
 3331  -2.974507E+01
 3332  -2.974640E+01
 3333  -2.974773E+01
 3334  -2.974906E+01
 3335  -2.975039E+01
 3336  -2.975172E+01
 3337  -2.975305E+01
 3338  -2.975438E+01
 3339  -2.975571E+01
 3340  -2.975704E+01
 3341  -2.975837E+01
 3342  -2.975970E+01
 3343  -2.976103E+01
 3344  -2.976236E+01
 3345  -2.976368E+01
 3346  -2.976501E+01
 3347  -2.976634E+01
 3348  -2.976767E+01
 3349  -2.976900E+01
 3350  -2.977032E+01
 3351  -2.977165E+01
 3352  -2.977298E+01
 3353  -2.977430E+01
 3354  -2.977563E+01
 3355  -2.977696E+01
 3356  -2.977829E+01
 3357  -2.977961E+01
 3358  -2.978094E+01
 3359  -2.978227E+01
 3360  -2.978359E+01
 3361  -2.978492E+01
 3362  -2.978624E+01
 3363  -2.978757E+01
 3364  -2.978890E+01
 3365  -2.979022E+01
 3366  -2.979155E+01
 3367  -2.979288E+01
 3368  -2.979420E+01
 3369  -2.979553E+01
 3370  -2.979685E+01
 3371  -2.979818E+01
 3372  -2.979950E+01
 3373  -2.980083E+01
 3374  -2.980216E+01
 3375  -2.980348E+01
 3376  -2.980481E+01
 3377  -2.980613E+01
 3378  -2.980746E+01
 3379  -2.980878E+01
 3380  -2.981011E+01
 3381  -2.981143E+01
 3382  -2.981276E+01
 3383  -2.981408E+01
 3384  -2.981541E+01
 3385  -2.981674E+01
 3386  -2.981806E+01
 3387  -2.981939E+01
 3388  -2.982071E+01
 3389  -2.982204E+01
 3390  -2.982336E+01
 3391  -2.982469E+01
 3392  -2.982602E+01
 3393  -2.982734E+01
 3394  -2.982867E+01
 3395  -2.982999E+01
 3396  -2.983132E+01
 3397  -2.983265E+01
 3398  -2.983397E+01
 3399  -2.983530E+01
 3400  -2.983662E+01
 3401  -2.983795E+01
 3402  -2.983928E+01
 3403  -2.984060E+01
 3404  -2.984193E+01
 3405  -2.984326E+01
 3406  -2.984458E+01
 3407  -2.984591E+01
 3408  -2.984724E+01
 3409  -2.984857E+01
 3410  -2.984990E+01
 3411  -2.985123E+01
 3412  -2.985256E+01
 3413  -2.985389E+01
 3414  -2.985522E+01
 3415  -2.985655E+01
 3416  -2.985788E+01
 3417  -2.985921E+01
 3418  -2.986054E+01
 3419  -2.986187E+01
 3420  -2.986320E+01
 3421  -2.986453E+01
 3422  -2.986586E+01
 3423  -2.986719E+01
 3424  -2.986852E+01
 3425  -2.986985E+01
 3426  -2.987119E+01
 3427  -2.987252E+01
 3428  -2.987385E+01
 3429  -2.987518E+01
 3430  -2.987651E+01
 3431  -2.987785E+01
 3432  -2.987918E+01
 3433  -2.988051E+01
 3434  -2.988185E+01
 3435  -2.988318E+01
 3436  -2.988451E+01
 3437  -2.988585E+01
 3438  -2.988718E+01
 3439  -2.988851E+01
 3440  -2.988985E+01
 3441  -2.989118E+01
 3442  -2.989252E+01
 3443  -2.989385E+01
 3444  -2.989519E+01
 3445  -2.989652E+01
 3446  -2.989786E+01
 3447  -2.989920E+01
 3448  -2.990053E+01
 3449  -2.990187E+01
 3450  -2.990321E+01
 3451  -2.990454E+01
 3452  -2.990588E+01
 3453  -2.990722E+01
 3454  -2.990856E+01
 3455  -2.990990E+01
 3456  -2.991123E+01
 3457  -2.991257E+01
 3458  -2.991391E+01
 3459  -2.991525E+01
 3460  -2.991659E+01
 3461  -2.991793E+01
 3462  -2.991927E+01
 3463  -2.992061E+01
 3464  -2.992195E+01
 3465  -2.992330E+01
 3466  -2.992464E+01
 3467  -2.992598E+01
 3468  -2.992732E+01
 3469  -2.992867E+01
 3470  -2.993001E+01
 3471  -2.993135E+01
 3472  -2.993270E+01
 3473  -2.993404E+01
 3474  -2.993539E+01
 3475  -2.993673E+01
 3476  -2.993808E+01
 3477  -2.993942E+01
 3478  -2.994077E+01
 3479  -2.994211E+01
 3480  -2.994346E+01
 3481  -2.994481E+01
 3482  -2.994616E+01
 3483  -2.994750E+01
 3484  -2.994885E+01
 3485  -2.995020E+01
 3486  -2.995155E+01
 3487  -2.995290E+01
 3488  -2.995425E+01
 3489  -2.995560E+01
 3490  -2.995695E+01
 3491  -2.995830E+01
 3492  -2.995965E+01
 3493  -2.996101E+01
 3494  -2.996236E+01
 3495  -2.996371E+01
 3496  -2.996506E+01
 3497  -2.996642E+01
 3498  -2.996777E+01
 3499  -2.996913E+01
 3500  -2.997048E+01
 3501  -2.997184E+01
 3502  -2.997319E+01
 3503  -2.997455E+01
 3504  -2.997591E+01
 3505  -2.997727E+01
 3506  -2.997862E+01
 3507  -2.997998E+01
 3508  -2.998134E+01
 3509  -2.998270E+01
 3510  -2.998406E+01
 3511  -2.998542E+01
 3512  -2.998678E+01
 3513  -2.998814E+01
 3514  -2.998950E+01
 3515  -2.999087E+01
 3516  -2.999223E+01
 3517  -2.999359E+01
 3518  -2.999496E+01
 3519  -2.999632E+01
 3520  -2.999769E+01
 3521  -2.999905E+01
 3522  -3.000042E+01
 3523  -3.000178E+01
 3524  -3.000315E+01
 3525  -3.000452E+01
 3526  -3.000589E+01
 3527  -3.000726E+01
 3528  -3.000862E+01
 3529  -3.000999E+01
 3530  -3.001136E+01
 3531  -3.001274E+01
 3532  -3.001411E+01
 3533  -3.001548E+01
 3534  -3.001685E+01
 3535  -3.001822E+01
 3536  -3.001960E+01
 3537  -3.002097E+01
 3538  -3.002235E+01
 3539  -3.002372E+01
 3540  -3.002510E+01
 3541  -3.002647E+01
 3542  -3.002785E+01
 3543  -3.002923E+01
 3544  -3.003061E+01
 3545  -3.003199E+01
 3546  -3.003337E+01
 3547  -3.003475E+01
 3548  -3.003613E+01
 3549  -3.003751E+01
 3550  -3.003889E+01
 3551  -3.004027E+01
 3552  -3.004166E+01
 3553  -3.004304E+01
 3554  -3.004442E+01
 3555  -3.004581E+01
 3556  -3.004719E+01
 3557  -3.004858E+01
 3558  -3.004997E+01
 3559  -3.005135E+01
 3560  -3.005274E+01
 3561  -3.005413E+01
 3562  -3.005552E+01
 3563  -3.005691E+01
 3564  -3.005830E+01
 3565  -3.005969E+01
 3566  -3.006109E+01
 3567  -3.006248E+01
 3568  -3.006387E+01
 3569  -3.006527E+01
 3570  -3.006666E+01
 3571  -3.006806E+01
 3572  -3.006945E+01
 3573  -3.007085E+01
 3574  -3.007225E+01
 3575  -3.007364E+01
 3576  -3.007504E+01
 3577  -3.007644E+01
 3578  -3.007784E+01
 3579  -3.007924E+01
 3580  -3.008064E+01
 3581  -3.008205E+01
 3582  -3.008345E+01
 3583  -3.008485E+01
 3584  -3.008626E+01
 3585  -3.008766E+01
 3586  -3.008907E+01
 3587  -3.009047E+01
 3588  -3.009188E+01
 3589  -3.009329E+01
 3590  -3.009470E+01
 3591  -3.009611E+01
 3592  -3.009752E+01
 3593  -3.009893E+01
 3594  -3.010034E+01
 3595  -3.010175E+01
 3596  -3.010316E+01
 3597  -3.010458E+01
 3598  -3.010599E+01
 3599  -3.010741E+01
 3600  -3.010882E+01
 3601  -3.011024E+01
 3602  -3.011166E+01
 3603  -3.011308E+01
 3604  -3.011449E+01
 3605  -3.011591E+01
 3606  -3.011733E+01
 3607  -3.011876E+01
 3608  -3.012018E+01
 3609  -3.012160E+01
 3610  -3.012302E+01
 3611  -3.012445E+01
 3612  -3.012587E+01
 3613  -3.012730E+01
 3614  -3.012872E+01
 3615  -3.013015E+01
 3616  -3.013158E+01
 3617  -3.013301E+01
 3618  -3.013444E+01
 3619  -3.013587E+01
 3620  -3.013730E+01
 3621  -3.013873E+01
 3622  -3.014017E+01
 3623  -3.014160E+01
 3624  -3.014303E+01
 3625  -3.014447E+01
 3626  -3.014590E+01
 3627  -3.014734E+01
 3628  -3.014878E+01
 3629  -3.015022E+01
 3630  -3.015166E+01
 3631  -3.015310E+01
 3632  -3.015454E+01
 3633  -3.015598E+01
 3634  -3.015742E+01
 3635  -3.015887E+01
 3636  -3.016031E+01
 3637  -3.016176E+01
 3638  -3.016320E+01
 3639  -3.016465E+01
 3640  -3.016610E+01
 3641  -3.016754E+01
 3642  -3.016899E+01
 3643  -3.017044E+01
 3644  -3.017189E+01
 3645  -3.017335E+01
 3646  -3.017480E+01
 3647  -3.017625E+01
 3648  -3.017771E+01
 3649  -3.017916E+01
 3650  -3.018062E+01
 3651  -3.018207E+01
 3652  -3.018353E+01
 3653  -3.018499E+01
 3654  -3.018645E+01
 3655  -3.018791E+01
 3656  -3.018937E+01
 3657  -3.019083E+01
 3658  -3.019230E+01
 3659  -3.019376E+01
 3660  -3.019523E+01
 3661  -3.019669E+01
 3662  -3.019816E+01
 3663  -3.019962E+01
 3664  -3.020109E+01
 3665  -3.020256E+01
 3666  -3.020403E+01
 3667  -3.020550E+01
 3668  -3.020697E+01
 3669  -3.020845E+01
 3670  -3.020992E+01
 3671  -3.021140E+01
 3672  -3.021287E+01
 3673  -3.021435E+01
 3674  -3.021582E+01
 3675  -3.021730E+01
 3676  -3.021878E+01
 3677  -3.022026E+01
 3678  -3.022174E+01
 3679  -3.022322E+01
 3680  -3.022471E+01
 3681  -3.022619E+01
 3682  -3.022767E+01
 3683  -3.022916E+01
 3684  -3.023065E+01
 3685  -3.023213E+01
 3686  -3.023362E+01
 3687  -3.023511E+01
 3688  -3.023660E+01
 3689  -3.023809E+01
 3690  -3.023958E+01
 3691  -3.024108E+01
 3692  -3.024257E+01
 3693  -3.024406E+01
 3694  -3.024556E+01
 3695  -3.024706E+01
 3696  -3.024855E+01
 3697  -3.025005E+01
 3698  -3.025155E+01
 3699  -3.025305E+01
 3700  -3.025455E+01
 3701  -3.025606E+01
 3702  -3.025756E+01
 3703  -3.025906E+01
 3704  -3.026057E+01
 3705  -3.026207E+01
 3706  -3.026358E+01
 3707  -3.026509E+01
 3708  -3.026660E+01
 3709  -3.026811E+01
 3710  -3.026962E+01
 3711  -3.027113E+01
 3712  -3.027264E+01
 3713  -3.027416E+01
 3714  -3.027567E+01
 3715  -3.027719E+01
 3716  -3.027870E+01
 3717  -3.028022E+01
 3718  -3.028174E+01
 3719  -3.028326E+01
 3720  -3.028478E+01
 3721  -3.028630E+01
 3722  -3.028782E+01
 3723  -3.028935E+01
 3724  -3.029087E+01
 3725  -3.029239E+01
 3726  -3.029392E+01
 3727  -3.029545E+01
 3728  -3.029698E+01
 3729  -3.029851E+01
 3730  -3.030004E+01
 3731  -3.030157E+01
 3732  -3.030310E+01
 3733  -3.030463E+01
 3734  -3.030617E+01
 3735  -3.030770E+01
 3736  -3.030924E+01
 3737  -3.031078E+01
 3738  -3.031232E+01
 3739  -3.031386E+01
 3740  -3.031541E+01
 3741  -3.031695E+01
 3742  -3.031850E+01
 3743  -3.032005E+01
 3744  -3.032159E+01
 3745  -3.032314E+01
 3746  -3.032469E+01
 3747  -3.032625E+01
 3748  -3.032780E+01
 3749  -3.032935E+01
 3750  -3.033091E+01
 3751  -3.033246E+01
 3752  -3.033402E+01
 3753  -3.033558E+01
 3754  -3.033713E+01
 3755  -3.033869E+01
 3756  -3.034025E+01
 3757  -3.034182E+01
 3758  -3.034338E+01
 3759  -3.034494E+01
 3760  -3.034651E+01
 3761  -3.034807E+01
 3762  -3.034964E+01
 3763  -3.035121E+01
 3764  -3.035278E+01
 3765  -3.035434E+01
 3766  -3.035592E+01
 3767  -3.035749E+01
 3768  -3.035906E+01
 3769  -3.036063E+01
 3770  -3.036221E+01
 3771  -3.036378E+01
 3772  -3.036536E+01
 3773  -3.036694E+01
 3774  -3.036852E+01
 3775  -3.037010E+01
 3776  -3.037168E+01
 3777  -3.037326E+01
 3778  -3.037485E+01
 3779  -3.037643E+01
 3780  -3.037801E+01
 3781  -3.037960E+01
 3782  -3.038119E+01
 3783  -3.038278E+01
 3784  -3.038437E+01
 3785  -3.038596E+01
 3786  -3.038755E+01
 3787  -3.038914E+01
 3788  -3.039073E+01
 3789  -3.039233E+01
 3790  -3.039392E+01
 3791  -3.039552E+01
 3792  -3.039712E+01
 3793  -3.039872E+01
 3794  -3.040032E+01
 3795  -3.040192E+01
 3796  -3.040352E+01
 3797  -3.040512E+01
 3798  -3.040673E+01
 3799  -3.040833E+01
 3800  -3.040994E+01
 3801  -3.041155E+01
 3802  -3.041315E+01
 3803  -3.041476E+01
 3804  -3.041637E+01
 3805  -3.041799E+01
 3806  -3.041960E+01
 3807  -3.042121E+01
 3808  -3.042283E+01
 3809  -3.042444E+01
 3810  -3.042606E+01
 3811  -3.042768E+01
 3812  -3.042930E+01
 3813  -3.043092E+01
 3814  -3.043254E+01
 3815  -3.043416E+01
 3816  -3.043578E+01
 3817  -3.043741E+01
 3818  -3.043903E+01
 3819  -3.044066E+01
 3820  -3.044228E+01
 3821  -3.044391E+01
 3822  -3.044554E+01
 3823  -3.044717E+01
 3824  -3.044880E+01
 3825  -3.045044E+01
 3826  -3.045207E+01
 3827  -3.045371E+01
 3828  -3.045534E+01
 3829  -3.045698E+01
 3830  -3.045862E+01
 3831  -3.046026E+01
 3832  -3.046190E+01
 3833  -3.046354E+01
 3834  -3.046518E+01
 3835  -3.046682E+01
 3836  -3.046847E+01
 3837  -3.047011E+01
 3838  -3.047176E+01
 3839  -3.047341E+01
 3840  -3.047506E+01
 3841  -3.047671E+01
 3842  -3.047836E+01
 3843  -3.048001E+01
 3844  -3.048166E+01
 3845  -3.048332E+01
 3846  -3.048497E+01
 3847  -3.048663E+01
 3848  -3.048828E+01
 3849  -3.048994E+01
 3850  -3.049160E+01
 3851  -3.049326E+01
 3852  -3.049492E+01
 3853  -3.049659E+01
 3854  -3.049825E+01
 3855  -3.049992E+01
 3856  -3.050160E+01
 3857  -3.050328E+01
 3858  -3.050496E+01
 3859  -3.050665E+01
 3860  -3.050833E+01
 3861  -3.051002E+01
 3862  -3.051170E+01
 3863  -3.051339E+01
 3864  -3.051508E+01
 3865  -3.051677E+01
 3866  -3.051846E+01
 3867  -3.052015E+01
 3868  -3.052184E+01
 3869  -3.052354E+01
 3870  -3.052523E+01
 3871  -3.052693E+01
 3872  -3.052863E+01
 3873  -3.053032E+01
 3874  -3.053202E+01
 3875  -3.053373E+01
 3876  -3.053543E+01
 3877  -3.053713E+01
 3878  -3.053883E+01
 3879  -3.054054E+01
 3880  -3.054224E+01
 3881  -3.054395E+01
 3882  -3.054566E+01
 3883  -3.054737E+01
 3884  -3.054908E+01
 3885  -3.055079E+01
 3886  -3.055250E+01
 3887  -3.055422E+01
 3888  -3.055593E+01
 3889  -3.055765E+01
 3890  -3.055937E+01
 3891  -3.056108E+01
 3892  -3.056280E+01
 3893  -3.056452E+01
 3894  -3.056624E+01
 3895  -3.056797E+01
 3896  -3.056969E+01
 3897  -3.057141E+01
 3898  -3.057314E+01
 3899  -3.057487E+01
 3900  -3.057660E+01
 3901  -3.057832E+01
 3902  -3.058005E+01
 3903  -3.058179E+01
 3904  -3.058352E+01
 3905  -3.058525E+01
 3906  -3.058699E+01
 3907  -3.058872E+01
 3908  -3.059046E+01
 3909  -3.059220E+01
 3910  -3.059393E+01
 3911  -3.059567E+01
 3912  -3.059742E+01
 3913  -3.059916E+01
 3914  -3.060090E+01
 3915  -3.060264E+01
 3916  -3.060439E+01
 3917  -3.060614E+01
 3918  -3.060788E+01
 3919  -3.060963E+01
 3920  -3.061138E+01
 3921  -3.061313E+01
 3922  -3.061488E+01
 3923  -3.061664E+01
 3924  -3.061839E+01
 3925  -3.062015E+01
 3926  -3.062190E+01
 3927  -3.062366E+01
 3928  -3.062542E+01
 3929  -3.062718E+01
 3930  -3.062894E+01
 3931  -3.063070E+01
 3932  -3.063246E+01
 3933  -3.063423E+01
 3934  -3.063599E+01
 3935  -3.063776E+01
 3936  -3.063952E+01
 3937  -3.064129E+01
 3938  -3.064306E+01
 3939  -3.064483E+01
 3940  -3.064660E+01
 3941  -3.064838E+01
 3942  -3.065015E+01
 3943  -3.065192E+01
 3944  -3.065370E+01
 3945  -3.065548E+01
 3946  -3.065725E+01
 3947  -3.065903E+01
 3948  -3.066081E+01
 3949  -3.066259E+01
 3950  -3.066438E+01
 3951  -3.066616E+01
 3952  -3.066794E+01
 3953  -3.066973E+01
 3954  -3.067151E+01
 3955  -3.067330E+01
 3956  -3.067509E+01
 3957  -3.067688E+01
 3958  -3.067867E+01
 3959  -3.068046E+01
 3960  -3.068225E+01
 3961  -3.068405E+01
 3962  -3.068584E+01
 3963  -3.068764E+01
 3964  -3.068944E+01
 3965  -3.069123E+01
 3966  -3.069303E+01
 3967  -3.069483E+01
 3968  -3.069663E+01
 3969  -3.069844E+01
 3970  -3.070024E+01
 3971  -3.070204E+01
 3972  -3.070385E+01
 3973  -3.070565E+01
 3974  -3.070746E+01
 3975  -3.070927E+01
 3976  -3.071108E+01
 3977  -3.071289E+01
 3978  -3.071470E+01
 3979  -3.071652E+01
 3980  -3.071833E+01
 3981  -3.072014E+01
 3982  -3.072196E+01
 3983  -3.072378E+01
 3984  -3.072559E+01
 3985  -3.072741E+01
 3986  -3.072923E+01
 3987  -3.073105E+01
 3988  -3.073288E+01
 3989  -3.073470E+01
 3990  -3.073652E+01
 3991  -3.073835E+01
 3992  -3.074018E+01
 3993  -3.074200E+01
 3994  -3.074383E+01
 3995  -3.074566E+01
 3996  -3.074749E+01
 3997  -3.074932E+01
 3998  -3.075116E+01
 3999  -3.075299E+01
 4000  -3.075482E+01
 4001  -3.075666E+01
 4002  -3.075850E+01
 4003  -3.076033E+01
 4004  -3.076217E+01
 4005  -3.076401E+01
 4006  -3.076585E+01
 4007  -3.076769E+01
 4008  -3.076954E+01
 4009  -3.077138E+01
 4010  -3.077322E+01
 4011  -3.077507E+01
 4012  -3.077692E+01
 4013  -3.077877E+01
 4014  -3.078061E+01
 4015  -3.078246E+01
 4016  -3.078431E+01
 4017  -3.078617E+01
 4018  -3.078802E+01
 4019  -3.078987E+01
 4020  -3.079173E+01
 4021  -3.079358E+01
 4022  -3.079544E+01
 4023  -3.079730E+01
 4024  -3.079916E+01
 4025  -3.080102E+01
 4026  -3.080288E+01
 4027  -3.080474E+01
 4028  -3.080660E+01
 4029  -3.080847E+01
 4030  -3.081033E+01
 4031  -3.081220E+01
 4032  -3.081407E+01
 4033  -3.081593E+01
 4034  -3.081780E+01
 4035  -3.081967E+01
 4036  -3.082154E+01
 4037  -3.082342E+01
 4038  -3.082529E+01
 4039  -3.082716E+01
 4040  -3.082904E+01
 4041  -3.083091E+01
 4042  -3.083279E+01
 4043  -3.083467E+01
 4044  -3.083655E+01
 4045  -3.083843E+01
 4046  -3.084031E+01
 4047  -3.084219E+01
 4048  -3.084407E+01
 4049  -3.084595E+01
 4050  -3.084784E+01
 4051  -3.084972E+01
 4052  -3.085161E+01
 4053  -3.085350E+01
 4054  -3.085539E+01
 4055  -3.085728E+01
 4056  -3.085917E+01
 4057  -3.086106E+01
 4058  -3.086295E+01
 4059  -3.086484E+01
 4060  -3.086674E+01
 4061  -3.086863E+01
 4062  -3.087053E+01
 4063  -3.087243E+01
 4064  -3.087433E+01
 4065  -3.087623E+01
 4066  -3.087813E+01
 4067  -3.088003E+01
 4068  -3.088193E+01
 4069  -3.088383E+01
 4070  -3.088574E+01
 4071  -3.088764E+01
 4072  -3.088955E+01
 4073  -3.089145E+01
 4074  -3.089336E+01
 4075  -3.089527E+01
 4076  -3.089718E+01
 4077  -3.089909E+01
 4078  -3.090100E+01
 4079  -3.090291E+01
 4080  -3.090483E+01
 4081  -3.090674E+01
 4082  -3.090866E+01
 4083  -3.091057E+01
 4084  -3.091249E+01
 4085  -3.091441E+01
 4086  -3.091633E+01
 4087  -3.091825E+01
 4088  -3.092017E+01
 4089  -3.092209E+01
 4090  -3.092401E+01
 4091  -3.092593E+01
 4092  -3.092786E+01
 4093  -3.092978E+01
 4094  -3.093171E+01
 4095  -3.093364E+01
 4096  -3.093557E+01
 4097  -3.093750E+01
 4098  -3.093943E+01
 4099  -3.094136E+01
 4100  -3.094329E+01
 4101  -3.094522E+01
 4102  -3.094715E+01
 4103  -3.094909E+01
 4104  -3.095102E+01
 4105  -3.095296E+01
 4106  -3.095490E+01
 4107  -3.095684E+01
 4108  -3.095878E+01
 4109  -3.096072E+01
 4110  -3.096266E+01
 4111  -3.096460E+01
 4112  -3.096654E+01
 4113  -3.096848E+01
 4114  -3.097043E+01
 4115  -3.097237E+01
 4116  -3.097432E+01
 4117  -3.097627E+01
 4118  -3.097822E+01
 4119  -3.098016E+01
 4120  -3.098211E+01
 4121  -3.098407E+01
 4122  -3.098602E+01
 4123  -3.098797E+01
 4124  -3.098992E+01
 4125  -3.099188E+01
 4126  -3.099383E+01
 4127  -3.099579E+01
 4128  -3.099774E+01
 4129  -3.099970E+01
 4130  -3.100166E+01
 4131  -3.100362E+01
 4132  -3.100558E+01
 4133  -3.100754E+01
 4134  -3.100950E+01
 4135  -3.101147E+01
 4136  -3.101343E+01
 4137  -3.101540E+01
 4138  -3.101736E+01
 4139  -3.101933E+01
 4140  -3.102129E+01
 4141  -3.102326E+01
 4142  -3.102523E+01
 4143  -3.102720E+01
 4144  -3.102917E+01
 4145  -3.103114E+01
 4146  -3.103312E+01
 4147  -3.103509E+01
 4148  -3.103706E+01
 4149  -3.103904E+01
 4150  -3.104101E+01
 4151  -3.104299E+01
 4152  -3.104497E+01
 4153  -3.104695E+01
 4154  -3.104893E+01
 4155  -3.105091E+01
 4156  -3.105289E+01
 4157  -3.105487E+01
 4158  -3.105685E+01
 4159  -3.105883E+01
 4160  -3.106082E+01
 4161  -3.106280E+01
 4162  -3.106479E+01
 4163  -3.106678E+01
 4164  -3.106876E+01
 4165  -3.107075E+01
 4166  -3.107274E+01
 4167  -3.107473E+01
 4168  -3.107672E+01
 4169  -3.107871E+01
 4170  -3.108071E+01
 4171  -3.108270E+01
 4172  -3.108469E+01
 4173  -3.108669E+01
 4174  -3.108869E+01
 4175  -3.109068E+01
 4176  -3.109268E+01
 4177  -3.109468E+01
 4178  -3.109668E+01
 4179  -3.109868E+01
 4180  -3.110068E+01
 4181  -3.110268E+01
 4182  -3.110468E+01
 4183  -3.110668E+01
 4184  -3.110869E+01
 4185  -3.111069E+01
 4186  -3.111270E+01
 4187  -3.111470E+01
 4188  -3.111671E+01
 4189  -3.111872E+01
 4190  -3.112073E+01
 4191  -3.112274E+01
 4192  -3.112475E+01
 4193  -3.112676E+01
 4194  -3.112877E+01
 4195  -3.113078E+01
 4196  -3.113280E+01
 4197  -3.113481E+01
 4198  -3.113683E+01
 4199  -3.113884E+01
 4200  -3.114086E+01
 4201  -3.114288E+01
 4202  -3.114489E+01
 4203  -3.114691E+01
 4204  -3.114893E+01
 4205  -3.115095E+01
 4206  -3.115298E+01
 4207  -3.115500E+01
 4208  -3.115702E+01
 4209  -3.115904E+01
 4210  -3.116107E+01
 4211  -3.116309E+01
 4212  -3.116512E+01
 4213  -3.116715E+01
 4214  -3.116917E+01
 4215  -3.117120E+01
 4216  -3.117323E+01
 4217  -3.117526E+01
 4218  -3.117729E+01
 4219  -3.117932E+01
 4220  -3.118136E+01
 4221  -3.118339E+01
 4222  -3.118542E+01
 4223  -3.118746E+01
 4224  -3.118949E+01
 4225  -3.119153E+01
 4226  -3.119357E+01
 4227  -3.119560E+01
 4228  -3.119764E+01
 4229  -3.119968E+01
 4230  -3.120172E+01
 4231  -3.120376E+01
 4232  -3.120580E+01
 4233  -3.120785E+01
 4234  -3.120989E+01
 4235  -3.121194E+01
 4236  -3.121399E+01
 4237  -3.121604E+01
 4238  -3.121809E+01
 4239  -3.122014E+01
 4240  -3.122219E+01
 4241  -3.122425E+01
 4242  -3.122630E+01
 4243  -3.122836E+01
 4244  -3.123041E+01
 4245  -3.123247E+01
 4246  -3.123453E+01
 4247  -3.123659E+01
 4248  -3.123864E+01
 4249  -3.124070E+01
 4250  -3.124276E+01
 4251  -3.124483E+01
 4252  -3.124689E+01
 4253  -3.124895E+01
 4254  -3.125101E+01
 4255  -3.125308E+01
 4256  -3.125514E+01
 4257  -3.125721E+01
 4258  -3.125927E+01
 4259  -3.126134E+01
 4260  -3.126341E+01
 4261  -3.126548E+01
 4262  -3.126755E+01
 4263  -3.126961E+01
 4264  -3.127169E+01
 4265  -3.127376E+01
 4266  -3.127583E+01
 4267  -3.127790E+01
 4268  -3.127998E+01
 4269  -3.128205E+01
 4270  -3.128412E+01
 4271  -3.128620E+01
 4272  -3.128828E+01
 4273  -3.129035E+01
 4274  -3.129243E+01
 4275  -3.129451E+01
 4276  -3.129659E+01
 4277  -3.129867E+01
 4278  -3.130075E+01
 4279  -3.130283E+01
 4280  -3.130491E+01
 4281  -3.130700E+01
 4282  -3.130908E+01
 4283  -3.131116E+01
 4284  -3.131325E+01
 4285  -3.131533E+01
 4286  -3.131742E+01
 4287  -3.131951E+01
 4288  -3.132160E+01
 4289  -3.132368E+01
 4290  -3.132577E+01
 4291  -3.132786E+01
 4292  -3.132995E+01
 4293  -3.133205E+01
 4294  -3.133414E+01
 4295  -3.133623E+01
 4296  -3.133832E+01
 4297  -3.134042E+01
 4298  -3.134251E+01
 4299  -3.134461E+01
 4300  -3.134671E+01
 4301  -3.134880E+01
 4302  -3.135090E+01
 4303  -3.135300E+01
 4304  -3.135510E+01
 4305  -3.135720E+01
 4306  -3.135930E+01
 4307  -3.136140E+01
 4308  -3.136350E+01
 4309  -3.136560E+01
 4310  -3.136771E+01
 4311  -3.136981E+01
 4312  -3.137192E+01
 4313  -3.137402E+01
 4314  -3.137613E+01
 4315  -3.137824E+01
 4316  -3.138034E+01
 4317  -3.138245E+01
 4318  -3.138456E+01
 4319  -3.138667E+01
 4320  -3.138878E+01
 4321  -3.139089E+01
 4322  -3.139300E+01
 4323  -3.139512E+01
 4324  -3.139723E+01
 4325  -3.139934E+01
 4326  -3.140146E+01
 4327  -3.140357E+01
 4328  -3.140569E+01
 4329  -3.140781E+01
 4330  -3.140992E+01
 4331  -3.141204E+01
 4332  -3.141416E+01
 4333  -3.141628E+01
 4334  -3.141840E+01
 4335  -3.142052E+01
 4336  -3.142264E+01
 4337  -3.142477E+01
 4338  -3.142689E+01
 4339  -3.142901E+01
 4340  -3.143114E+01
 4341  -3.143326E+01
 4342  -3.143539E+01
 4343  -3.143751E+01
 4344  -3.143964E+01
 4345  -3.144177E+01
 4346  -3.144390E+01
 4347  -3.144603E+01
 4348  -3.144816E+01
 4349  -3.145029E+01
 4350  -3.145242E+01
 4351  -3.145455E+01
 4352  -3.145669E+01
 4353  -3.145882E+01
 4354  -3.146095E+01
 4355  -3.146309E+01
 4356  -3.146522E+01
 4357  -3.146736E+01
 4358  -3.146950E+01
 4359  -3.147163E+01
 4360  -3.147377E+01
 4361  -3.147591E+01
 4362  -3.147805E+01
 4363  -3.148019E+01
 4364  -3.148233E+01
 4365  -3.148447E+01
 4366  -3.148662E+01
 4367  -3.148876E+01
 4368  -3.149090E+01
 4369  -3.149305E+01
 4370  -3.149519E+01
 4371  -3.149734E+01
 4372  -3.149949E+01
 4373  -3.150163E+01
 4374  -3.150378E+01
 4375  -3.150593E+01
 4376  -3.150808E+01
 4377  -3.151023E+01
 4378  -3.151238E+01
 4379  -3.151453E+01
 4380  -3.151669E+01
 4381  -3.151884E+01
 4382  -3.152099E+01
 4383  -3.152315E+01
 4384  -3.152530E+01
 4385  -3.152746E+01
 4386  -3.152962E+01
 4387  -3.153177E+01
 4388  -3.153393E+01
 4389  -3.153609E+01
 4390  -3.153825E+01
 4391  -3.154041E+01
 4392  -3.154257E+01
 4393  -3.154473E+01
 4394  -3.154689E+01
 4395  -3.154906E+01
 4396  -3.155122E+01
 4397  -3.155338E+01
 4398  -3.155555E+01
 4399  -3.155771E+01
 4400  -3.155988E+01
 4401  -3.156205E+01
 4402  -3.156422E+01
 4403  -3.156638E+01
 4404  -3.156855E+01
 4405  -3.157072E+01
 4406  -3.157289E+01
 4407  -3.157507E+01
 4408  -3.157724E+01
 4409  -3.157941E+01
 4410  -3.158158E+01
 4411  -3.158376E+01
 4412  -3.158593E+01
 4413  -3.158811E+01
 4414  -3.159028E+01
 4415  -3.159246E+01
 4416  -3.159464E+01
 4417  -3.159682E+01
 4418  -3.159900E+01
 4419  -3.160118E+01
 4420  -3.160336E+01
 4421  -3.160555E+01
 4422  -3.160773E+01
 4423  -3.160991E+01
 4424  -3.161210E+01
 4425  -3.161428E+01
 4426  -3.161647E+01
 4427  -3.161866E+01
 4428  -3.162084E+01
 4429  -3.162303E+01
 4430  -3.162522E+01
 4431  -3.162741E+01
 4432  -3.162960E+01
 4433  -3.163179E+01
 4434  -3.163398E+01
 4435  -3.163618E+01
 4436  -3.163837E+01
 4437  -3.164057E+01
 4438  -3.164276E+01
 4439  -3.164496E+01
 4440  -3.164715E+01
 4441  -3.164935E+01
 4442  -3.165155E+01
 4443  -3.165374E+01
 4444  -3.165594E+01
 4445  -3.165814E+01
 4446  -3.166034E+01
 4447  -3.166255E+01
 4448  -3.166475E+01
 4449  -3.166695E+01
 4450  -3.166915E+01
 4451  -3.167136E+01
 4452  -3.167356E+01
 4453  -3.167577E+01
 4454  -3.167798E+01
 4455  -3.168018E+01
 4456  -3.168239E+01
 4457  -3.168460E+01
 4458  -3.168681E+01
 4459  -3.168902E+01
 4460  -3.169123E+01
 4461  -3.169344E+01
 4462  -3.169565E+01
 4463  -3.169787E+01
 4464  -3.170008E+01
 4465  -3.170230E+01
 4466  -3.170451E+01
 4467  -3.170673E+01
 4468  -3.170894E+01
 4469  -3.171116E+01
 4470  -3.171338E+01
 4471  -3.171560E+01
 4472  -3.171782E+01
 4473  -3.172004E+01
 4474  -3.172226E+01
 4475  -3.172448E+01
 4476  -3.172670E+01
 4477  -3.172893E+01
 4478  -3.173115E+01
 4479  -3.173338E+01
 4480  -3.173560E+01
 4481  -3.173783E+01
 4482  -3.174006E+01
 4483  -3.174228E+01
 4484  -3.174451E+01
 4485  -3.174674E+01
 4486  -3.174897E+01
 4487  -3.175120E+01
 4488  -3.175344E+01
 4489  -3.175567E+01
 4490  -3.175790E+01
 4491  -3.176014E+01
 4492  -3.176237E+01
 4493  -3.176461E+01
 4494  -3.176684E+01
 4495  -3.176908E+01
 4496  -3.177132E+01
 4497  -3.177356E+01
 4498  -3.177579E+01
 4499  -3.177803E+01
 4500  -3.178028E+01
 4501  -3.178252E+01
 4502  -3.178476E+01
 4503  -3.178700E+01
 4504  -3.178925E+01
 4505  -3.179149E+01
 4506  -3.179374E+01
 4507  -3.179598E+01
 4508  -3.179823E+01
 4509  -3.180048E+01
 4510  -3.180273E+01
 4511  -3.180497E+01
 4512  -3.180722E+01
 4513  -3.180948E+01
 4514  -3.181173E+01
 4515  -3.181398E+01
 4516  -3.181623E+01
 4517  -3.181849E+01
 4518  -3.182074E+01
 4519  -3.182300E+01
 4520  -3.182525E+01
 4521  -3.182751E+01
 4522  -3.182977E+01
 4523  -3.183203E+01
 4524  -3.183429E+01
 4525  -3.183655E+01
 4526  -3.183881E+01
 4527  -3.184107E+01
 4528  -3.184333E+01
 4529  -3.184559E+01
 4530  -3.184786E+01
 4531  -3.185012E+01
 4532  -3.185239E+01
 4533  -3.185465E+01
 4534  -3.185692E+01
 4535  -3.185919E+01
 4536  -3.186146E+01
 4537  -3.186373E+01
 4538  -3.186600E+01
 4539  -3.186827E+01
 4540  -3.187054E+01
 4541  -3.187281E+01
 4542  -3.187509E+01
 4543  -3.187736E+01
 4544  -3.187964E+01
 4545  -3.188191E+01
 4546  -3.188419E+01
 4547  -3.188647E+01
 4548  -3.188875E+01
 4549  -3.189102E+01
 4550  -3.189330E+01
 4551  -3.189558E+01
 4552  -3.189787E+01
 4553  -3.190015E+01
 4554  -3.190243E+01
 4555  -3.190472E+01
 4556  -3.190700E+01
 4557  -3.190929E+01
 4558  -3.191157E+01
 4559  -3.191386E+01
 4560  -3.191615E+01
 4561  -3.191843E+01
 4562  -3.192072E+01
 4563  -3.192301E+01
 4564  -3.192531E+01
 4565  -3.192760E+01
 4566  -3.192989E+01
 4567  -3.193218E+01
 4568  -3.193448E+01
 4569  -3.193677E+01
 4570  -3.193907E+01
 4571  -3.194137E+01
 4572  -3.194366E+01
 4573  -3.194596E+01
 4574  -3.194826E+01
 4575  -3.195056E+01
 4576  -3.195286E+01
 4577  -3.195516E+01
 4578  -3.195746E+01
 4579  -3.195977E+01
 4580  -3.196207E+01
 4581  -3.196438E+01
 4582  -3.196668E+01
 4583  -3.196899E+01
 4584  -3.197130E+01
 4585  -3.197360E+01
 4586  -3.197591E+01
 4587  -3.197822E+01
 4588  -3.198053E+01
 4589  -3.198284E+01
 4590  -3.198516E+01
 4591  -3.198747E+01
 4592  -3.198978E+01
 4593  -3.199210E+01
 4594  -3.199441E+01
 4595  -3.199673E+01
 4596  -3.199905E+01
 4597  -3.200136E+01
 4598  -3.200368E+01
 4599  -3.200600E+01
 4600  -3.200832E+01
 4601  -3.201064E+01
 4602  -3.201297E+01
 4603  -3.201529E+01
 4604  -3.201761E+01
 4605  -3.201994E+01
 4606  -3.202226E+01
 4607  -3.202460E+01
 4608  -3.202694E+01
 4609  -3.202928E+01
 4610  -3.203161E+01
 4611  -3.203395E+01
 4612  -3.203629E+01
 4613  -3.203864E+01
 4614  -3.204098E+01
 4615  -3.204332E+01
 4616  -3.204567E+01
 4617  -3.204801E+01
 4618  -3.205036E+01
 4619  -3.205270E+01
 4620  -3.205505E+01
 4621  -3.205740E+01
 4622  -3.205975E+01
 4623  -3.206210E+01
 4624  -3.206445E+01
 4625  -3.206680E+01
 4626  -3.206915E+01
 4627  -3.207150E+01
 4628  -3.207386E+01
 4629  -3.207621E+01
 4630  -3.207857E+01
 4631  -3.208092E+01
 4632  -3.208328E+01
 4633  -3.208564E+01
 4634  -3.208800E+01
 4635  -3.209036E+01
 4636  -3.209272E+01
 4637  -3.209508E+01
 4638  -3.209744E+01
 4639  -3.209980E+01
 4640  -3.210217E+01
 4641  -3.210453E+01
 4642  -3.210690E+01
 4643  -3.210926E+01
 4644  -3.211163E+01
 4645  -3.211400E+01
 4646  -3.211637E+01
 4647  -3.211874E+01
 4648  -3.212111E+01
 4649  -3.212348E+01
 4650  -3.212585E+01
 4651  -3.212822E+01
 4652  -3.213060E+01
 4653  -3.213297E+01
 4654  -3.213535E+01
 4655  -3.213772E+01
 4656  -3.214010E+01
 4657  -3.214248E+01
 4658  -3.214486E+01
 4659  -3.214724E+01
 4660  -3.214962E+01
 4661  -3.215200E+01
 4662  -3.215438E+01
 4663  -3.215676E+01
 4664  -3.215915E+01
 4665  -3.216153E+01
 4666  -3.216391E+01
 4667  -3.216630E+01
 4668  -3.216869E+01
 4669  -3.217107E+01
 4670  -3.217346E+01
 4671  -3.217585E+01
 4672  -3.217824E+01
 4673  -3.218063E+01
 4674  -3.218302E+01
 4675  -3.218542E+01
 4676  -3.218781E+01
 4677  -3.219020E+01
 4678  -3.219260E+01
 4679  -3.219499E+01
 4680  -3.219739E+01
 4681  -3.219979E+01
 4682  -3.220218E+01
 4683  -3.220458E+01
 4684  -3.220698E+01
 4685  -3.220938E+01
 4686  -3.221178E+01
 4687  -3.221419E+01
 4688  -3.221659E+01
 4689  -3.221899E+01
 4690  -3.222140E+01
 4691  -3.222380E+01
 4692  -3.222621E+01
 4693  -3.222861E+01
 4694  -3.223102E+01
 4695  -3.223343E+01
 4696  -3.223584E+01
 4697  -3.223825E+01
 4698  -3.224066E+01
 4699  -3.224307E+01
 4700  -3.224548E+01
 4701  -3.224789E+01
 4702  -3.225031E+01
 4703  -3.225272E+01
 4704  -3.225514E+01
 4705  -3.225755E+01
 4706  -3.225997E+01
 4707  -3.226239E+01
 4708  -3.226480E+01
 4709  -3.226722E+01
 4710  -3.226964E+01
 4711  -3.227206E+01
 4712  -3.227448E+01
 4713  -3.227690E+01
 4714  -3.227933E+01
 4715  -3.228175E+01
 4716  -3.228417E+01
 4717  -3.228660E+01
 4718  -3.228903E+01
 4719  -3.229145E+01
 4720  -3.229388E+01
 4721  -3.229631E+01
 4722  -3.229873E+01
 4723  -3.230116E+01
 4724  -3.230359E+01
 4725  -3.230602E+01
 4726  -3.230846E+01
 4727  -3.231089E+01
 4728  -3.231332E+01
 4729  -3.231575E+01
 4730  -3.231819E+01
 4731  -3.232062E+01
 4732  -3.232306E+01
 4733  -3.232550E+01
 4734  -3.232793E+01
 4735  -3.233037E+01
 4736  -3.233281E+01
 4737  -3.233525E+01
 4738  -3.233769E+01
 4739  -3.234013E+01
 4740  -3.234257E+01
 4741  -3.234501E+01
 4742  -3.234745E+01
 4743  -3.234990E+01
 4744  -3.235234E+01
 4745  -3.235479E+01
 4746  -3.235723E+01
 4747  -3.235968E+01
 4748  -3.236212E+01
 4749  -3.236457E+01
 4750  -3.236702E+01
 4751  -3.236947E+01
 4752  -3.237192E+01
 4753  -3.237437E+01
 4754  -3.237682E+01
 4755  -3.237927E+01
 4756  -3.238172E+01
 4757  -3.238417E+01
 4758  -3.238663E+01
 4759  -3.238908E+01
 4760  -3.239154E+01
 4761  -3.239399E+01
 4762  -3.239645E+01
 4763  -3.239890E+01
 4764  -3.240136E+01
 4765  -3.240382E+01
 4766  -3.240628E+01
 4767  -3.240873E+01
 4768  -3.241119E+01
 4769  -3.241365E+01
 4770  -3.241611E+01
 4771  -3.241858E+01
 4772  -3.242104E+01
 4773  -3.242350E+01
 4774  -3.242596E+01
 4775  -3.242843E+01
 4776  -3.243089E+01
 4777  -3.243336E+01
 4778  -3.243582E+01
 4779  -3.243829E+01
 4780  -3.244075E+01
 4781  -3.244322E+01
 4782  -3.244569E+01
 4783  -3.244816E+01
 4784  -3.245062E+01
 4785  -3.245309E+01
 4786  -3.245556E+01
 4787  -3.245803E+01
 4788  -3.246050E+01
 4789  -3.246298E+01
 4790  -3.246545E+01
 4791  -3.246792E+01
 4792  -3.247039E+01
 4793  -3.247287E+01
 4794  -3.247534E+01
 4795  -3.247782E+01
 4796  -3.248029E+01
 4797  -3.248277E+01
 4798  -3.248524E+01
 4799  -3.248772E+01
 4800  -3.249020E+01
 4801  -3.249267E+01
 4802  -3.249515E+01
 4803  -3.249763E+01
 4804  -3.250011E+01
 4805  -3.250259E+01
 4806  -3.250507E+01
 4807  -3.250755E+01
 4808  -3.251003E+01
 4809  -3.251251E+01
 4810  -3.251499E+01
 4811  -3.251747E+01
 4812  -3.251996E+01
 4813  -3.252244E+01
 4814  -3.252492E+01
 4815  -3.252741E+01
 4816  -3.252989E+01
 4817  -3.253237E+01
 4818  -3.253486E+01
 4819  -3.253734E+01
 4820  -3.253983E+01
 4821  -3.254232E+01
 4822  -3.254480E+01
 4823  -3.254729E+01
 4824  -3.254978E+01
 4825  -3.255226E+01
 4826  -3.255475E+01
 4827  -3.255724E+01
 4828  -3.255973E+01
 4829  -3.256222E+01
 4830  -3.256471E+01
 4831  -3.256720E+01
 4832  -3.256969E+01
 4833  -3.257218E+01
 4834  -3.257467E+01
 4835  -3.257716E+01
 4836  -3.257965E+01
 4837  -3.258214E+01
 4838  -3.258464E+01
 4839  -3.258713E+01
 4840  -3.258962E+01
 4841  -3.259211E+01
 4842  -3.259461E+01
 4843  -3.259710E+01
 4844  -3.259959E+01
 4845  -3.260209E+01
 4846  -3.260458E+01
 4847  -3.260708E+01
 4848  -3.260957E+01
 4849  -3.261207E+01
 4850  -3.261456E+01
 4851  -3.261706E+01
 4852  -3.261955E+01
 4853  -3.262205E+01
 4854  -3.262455E+01
 4855  -3.262704E+01
 4856  -3.262954E+01
 4857  -3.263204E+01
 4858  -3.263453E+01
 4859  -3.263703E+01
 4860  -3.263953E+01
 4861  -3.264203E+01
 4862  -3.264452E+01
 4863  -3.264702E+01
 4864  -3.264952E+01
 4865  -3.265202E+01
 4866  -3.265452E+01
 4867  -3.265701E+01
 4868  -3.265951E+01
 4869  -3.266201E+01
 4870  -3.266451E+01
 4871  -3.266701E+01
 4872  -3.266951E+01
 4873  -3.267201E+01
 4874  -3.267451E+01
 4875  -3.267701E+01
 4876  -3.267951E+01
 4877  -3.268201E+01
 4878  -3.268451E+01
 4879  -3.268701E+01
 4880  -3.268951E+01
 4881  -3.269201E+01
 4882  -3.269451E+01
 4883  -3.269701E+01
 4884  -3.269951E+01
 4885  -3.270201E+01
 4886  -3.270451E+01
 4887  -3.270701E+01
 4888  -3.270951E+01
 4889  -3.271201E+01
 4890  -3.271451E+01
 4891  -3.271701E+01
 4892  -3.271951E+01
 4893  -3.272201E+01
 4894  -3.272451E+01
 4895  -3.272701E+01
 4896  -3.272951E+01
 4897  -3.273201E+01
 4898  -3.273451E+01
 4899  -3.273701E+01
 4900  -3.273951E+01
 4901  -3.274201E+01
 4902  -3.274451E+01
 4903  -3.274701E+01
 4904  -3.274951E+01
 4905  -3.275201E+01
 4906  -3.275451E+01
 4907  -3.275701E+01
 4908  -3.275951E+01
 4909  -3.276201E+01
 4910  -3.276451E+01
 4911  -3.276701E+01
 4912  -3.276950E+01
 4913  -3.277200E+01
 4914  -3.277450E+01
 4915  -3.277700E+01
 4916  -3.277950E+01
 4917  -3.278200E+01
 4918  -3.278449E+01
 4919  -3.278699E+01
 4920  -3.278949E+01
 4921  -3.279199E+01
 4922  -3.279448E+01
 4923  -3.279698E+01
 4924  -3.279948E+01
 4925  -3.280198E+01
 4926  -3.280447E+01
 4927  -3.280697E+01
 4928  -3.280946E+01
 4929  -3.281196E+01
 4930  -3.281445E+01
 4931  -3.281695E+01
 4932  -3.281944E+01
 4933  -3.282194E+01
 4934  -3.282443E+01
 4935  -3.282693E+01
 4936  -3.282942E+01
 4937  -3.283191E+01
 4938  -3.283441E+01
 4939  -3.283690E+01
 4940  -3.283939E+01
 4941  -3.284189E+01
 4942  -3.284438E+01
 4943  -3.284687E+01
 4944  -3.284936E+01
 4945  -3.285185E+01
 4946  -3.285434E+01
 4947  -3.285683E+01
 4948  -3.285932E+01
 4949  -3.286181E+01
 4950  -3.286430E+01
 4951  -3.286679E+01
 4952  -3.286928E+01
 4953  -3.287177E+01
 4954  -3.287425E+01
 4955  -3.287674E+01
 4956  -3.287923E+01
 4957  -3.288171E+01
 4958  -3.288420E+01
 4959  -3.288668E+01
 4960  -3.288917E+01
 4961  -3.289165E+01
 4962  -3.289414E+01
 4963  -3.289662E+01
 4964  -3.289910E+01
 4965  -3.290159E+01
 4966  -3.290407E+01
 4967  -3.290655E+01
 4968  -3.290903E+01
 4969  -3.291151E+01
 4970  -3.291399E+01
 4971  -3.291647E+01
 4972  -3.291895E+01
 4973  -3.292143E+01
 4974  -3.292391E+01
 4975  -3.292639E+01
 4976  -3.292886E+01
 4977  -3.293134E+01
 4978  -3.293382E+01
 4979  -3.293629E+01
 4980  -3.293877E+01
 4981  -3.294124E+01
 4982  -3.294372E+01
 4983  -3.294619E+01
 4984  -3.294866E+01
 4985  -3.295113E+01
 4986  -3.295360E+01
 4987  -3.295608E+01
 4988  -3.295855E+01
 4989  -3.296102E+01
 4990  -3.296348E+01
 4991  -3.296595E+01
 4992  -3.296842E+01
 4993  -3.297089E+01
 4994  -3.297335E+01
 4995  -3.297582E+01
 4996  -3.297828E+01
 4997  -3.298075E+01
 4998  -3.298321E+01
 4999  -3.298568E+01
 5000  -3.298814E+01
 5001  -3.299060E+01
 5002  -3.299306E+01
 5003  -3.299552E+01
 5004  -3.299798E+01
 5005  -3.300044E+01
 5006  -3.300290E+01
 5007  -3.300536E+01
 5008  -3.300781E+01
 5009  -3.301027E+01
 5010  -3.301273E+01
 5011  -3.301518E+01
 5012  -3.301763E+01
 5013  -3.302009E+01
 5014  -3.302254E+01
 5015  -3.302499E+01
 5016  -3.302744E+01
 5017  -3.302989E+01
 5018  -3.303234E+01
 5019  -3.303479E+01
 5020  -3.303724E+01
 5021  -3.303969E+01
 5022  -3.304213E+01
 5023  -3.304458E+01
 5024  -3.304702E+01
 5025  -3.304947E+01
 5026  -3.305191E+01
 5027  -3.305435E+01
 5028  -3.305680E+01
 5029  -3.305924E+01
 5030  -3.306169E+01
 5031  -3.306413E+01
 5032  -3.306658E+01
 5033  -3.306902E+01
 5034  -3.307146E+01
 5035  -3.307390E+01
 5036  -3.307634E+01
 5037  -3.307878E+01
 5038  -3.308122E+01
 5039  -3.308366E+01
 5040  -3.308609E+01
 5041  -3.308853E+01
 5042  -3.309096E+01
 5043  -3.309340E+01
 5044  -3.309583E+01
 5045  -3.309826E+01
 5046  -3.310069E+01
 5047  -3.310312E+01
 5048  -3.310555E+01
 5049  -3.310798E+01
 5050  -3.311041E+01
 5051  -3.311283E+01
 5052  -3.311526E+01
 5053  -3.311769E+01
 5054  -3.312011E+01
 5055  -3.312253E+01
 5056  -3.312495E+01
 5057  -3.312738E+01
 5058  -3.312980E+01
 5059  -3.313222E+01
 5060  -3.313463E+01
 5061  -3.313705E+01
 5062  -3.313947E+01
 5063  -3.314188E+01
 5064  -3.314430E+01
 5065  -3.314671E+01
 5066  -3.314912E+01
 5067  -3.315154E+01
 5068  -3.315395E+01
 5069  -3.315636E+01
 5070  -3.315877E+01
 5071  -3.316117E+01
 5072  -3.316358E+01
 5073  -3.316599E+01
 5074  -3.316839E+01
 5075  -3.317080E+01
 5076  -3.317320E+01
 5077  -3.317560E+01
 5078  -3.317800E+01
 5079  -3.318040E+01
 5080  -3.318280E+01
 5081  -3.318520E+01
 5082  -3.318760E+01
 5083  -3.318999E+01
 5084  -3.319239E+01
 5085  -3.319478E+01
 5086  -3.319718E+01
 5087  -3.319957E+01
 5088  -3.320196E+01
 5089  -3.320435E+01
 5090  -3.320674E+01
 5091  -3.320913E+01
 5092  -3.321151E+01
 5093  -3.321390E+01
 5094  -3.321629E+01
 5095  -3.321867E+01
 5096  -3.322105E+01
 5097  -3.322344E+01
 5098  -3.322582E+01
 5099  -3.322820E+01
 5100  -3.323058E+01
 5101  -3.323296E+01
 5102  -3.323533E+01
 5103  -3.323771E+01
 5104  -3.324008E+01
 5105  -3.324246E+01
 5106  -3.324483E+01
 5107  -3.324720E+01
 5108  -3.324957E+01
 5109  -3.325195E+01
 5110  -3.325431E+01
 5111  -3.325668E+01
 5112  -3.325905E+01
 5113  -3.326142E+01
 5114  -3.326378E+01
 5115  -3.326615E+01
 5116  -3.326851E+01
 5117  -3.327087E+01
 5118  -3.327323E+01
 5119  -3.327559E+01
 5120  -3.327795E+01
 5121  -3.328031E+01
 5122  -3.328267E+01
 5123  -3.328502E+01
 5124  -3.328738E+01
 5125  -3.328973E+01
 5126  -3.329208E+01
 5127  -3.329444E+01
 5128  -3.329679E+01
 5129  -3.329914E+01
 5130  -3.330149E+01
 5131  -3.330384E+01
 5132  -3.330618E+01
 5133  -3.330853E+01
 5134  -3.331087E+01
 5135  -3.331322E+01
 5136  -3.331556E+01
 5137  -3.331790E+01
 5138  -3.332025E+01
 5139  -3.332259E+01
 5140  -3.332492E+01
 5141  -3.332726E+01
 5142  -3.332960E+01
 5143  -3.333194E+01
 5144  -3.333427E+01
 5145  -3.333661E+01
 5146  -3.333894E+01
 5147  -3.334127E+01
 5148  -3.334360E+01
 5149  -3.334593E+01
 5150  -3.334826E+01
 5151  -3.335059E+01
 5152  -3.335292E+01
 5153  -3.335525E+01
 5154  -3.335757E+01
 5155  -3.335990E+01
 5156  -3.336222E+01
 5157  -3.336455E+01
 5158  -3.336687E+01
 5159  -3.336919E+01
 5160  -3.337151E+01
 5161  -3.337383E+01
 5162  -3.337615E+01
 5163  -3.337846E+01
 5164  -3.338078E+01
 5165  -3.338310E+01
 5166  -3.338541E+01
 5167  -3.338772E+01
 5168  -3.339004E+01
 5169  -3.339235E+01
 5170  -3.339466E+01
 5171  -3.339697E+01
 5172  -3.339928E+01
 5173  -3.340159E+01
 5174  -3.340390E+01
 5175  -3.340620E+01
 5176  -3.340851E+01
 5177  -3.341081E+01
 5178  -3.341312E+01
 5179  -3.341542E+01
 5180  -3.341772E+01
 5181  -3.342003E+01
 5182  -3.342233E+01
 5183  -3.342463E+01
 5184  -3.342692E+01
 5185  -3.342922E+01
 5186  -3.343152E+01
 5187  -3.343382E+01
 5188  -3.343611E+01
 5189  -3.343841E+01
 5190  -3.344070E+01
 5191  -3.344299E+01
 5192  -3.344529E+01
 5193  -3.344758E+01
 5194  -3.344987E+01
 5195  -3.345216E+01
 5196  -3.345445E+01
 5197  -3.345674E+01
 5198  -3.345902E+01
 5199  -3.346131E+01
 5200  -3.346360E+01
 5201  -3.346588E+01
 5202  -3.346817E+01
 5203  -3.347045E+01
 5204  -3.347274E+01
 5205  -3.347502E+01
 5206  -3.347730E+01
 5207  -3.347958E+01
 5208  -3.348186E+01
 5209  -3.348414E+01
 5210  -3.348642E+01
 5211  -3.348870E+01
 5212  -3.349097E+01
 5213  -3.349325E+01
 5214  -3.349553E+01
 5215  -3.349780E+01
 5216  -3.350008E+01
 5217  -3.350235E+01
 5218  -3.350462E+01
 5219  -3.350690E+01
 5220  -3.350917E+01
 5221  -3.351144E+01
 5222  -3.351371E+01
 5223  -3.351598E+01
 5224  -3.351825E+01
 5225  -3.352052E+01
 5226  -3.352279E+01
 5227  -3.352506E+01
 5228  -3.352732E+01
 5229  -3.352959E+01
 5230  -3.353186E+01
 5231  -3.353412E+01
 5232  -3.353638E+01
 5233  -3.353865E+01
 5234  -3.354091E+01
 5235  -3.354318E+01
 5236  -3.354544E+01
 5237  -3.354770E+01
 5238  -3.354996E+01
 5239  -3.355222E+01
 5240  -3.355448E+01
 5241  -3.355674E+01
 5242  -3.355900E+01
 5243  -3.356126E+01
 5244  -3.356352E+01
 5245  -3.356578E+01
 5246  -3.356803E+01
 5247  -3.357029E+01
 5248  -3.357255E+01
 5249  -3.357480E+01
 5250  -3.357706E+01
 5251  -3.357931E+01
 5252  -3.358157E+01
 5253  -3.358382E+01
 5254  -3.358607E+01
 5255  -3.358833E+01
 5256  -3.359058E+01
 5257  -3.359283E+01
 5258  -3.359509E+01
 5259  -3.359734E+01
 5260  -3.359959E+01
 5261  -3.360184E+01
 5262  -3.360409E+01
 5263  -3.360634E+01
 5264  -3.360859E+01
 5265  -3.361084E+01
 5266  -3.361309E+01
 5267  -3.361534E+01
 5268  -3.361758E+01
 5269  -3.361983E+01
 5270  -3.362208E+01
 5271  -3.362433E+01
 5272  -3.362657E+01
 5273  -3.362882E+01
 5274  -3.363107E+01
 5275  -3.363331E+01
 5276  -3.363556E+01
 5277  -3.363781E+01
 5278  -3.364005E+01
 5279  -3.364230E+01
 5280  -3.364454E+01
 5281  -3.364679E+01
 5282  -3.364903E+01
 5283  -3.365127E+01
 5284  -3.365352E+01
 5285  -3.365576E+01
 5286  -3.365801E+01
 5287  -3.366025E+01
 5288  -3.366249E+01
 5289  -3.366474E+01
 5290  -3.366698E+01
 5291  -3.366922E+01
 5292  -3.367146E+01
 5293  -3.367371E+01
 5294  -3.367595E+01
 5295  -3.367819E+01
 5296  -3.368044E+01
 5297  -3.368268E+01
 5298  -3.368493E+01
 5299  -3.368717E+01
 5300  -3.368942E+01
 5301  -3.369166E+01
 5302  -3.369391E+01
 5303  -3.369615E+01
 5304  -3.369840E+01
 5305  -3.370064E+01
 5306  -3.370289E+01
 5307  -3.370513E+01
 5308  -3.370737E+01
 5309  -3.370962E+01
 5310  -3.371186E+01
 5311  -3.371411E+01
 5312  -3.371635E+01
 5313  -3.371860E+01
 5314  -3.372084E+01
 5315  -3.372309E+01
 5316  -3.372533E+01
 5317  -3.372757E+01
 5318  -3.372982E+01
 5319  -3.373207E+01
 5320  -3.373433E+01
 5321  -3.373659E+01
 5322  -3.373885E+01
 5323  -3.374111E+01
 5324  -3.374338E+01
 5325  -3.374564E+01
 5326  -3.374790E+01
 5327  -3.375016E+01
 5328  -3.375242E+01
 5329  -3.375469E+01
 5330  -3.375695E+01
 5331  -3.375921E+01
 5332  -3.376147E+01
 5333  -3.376374E+01
 5334  -3.376600E+01
 5335  -3.376826E+01
 5336  -3.377053E+01
 5337  -3.377279E+01
 5338  -3.377505E+01
 5339  -3.377732E+01
 5340  -3.377958E+01
 5341  -3.378185E+01
 5342  -3.378411E+01
 5343  -3.378638E+01
 5344  -3.378864E+01
 5345  -3.379091E+01
 5346  -3.379318E+01
 5347  -3.379544E+01
 5348  -3.379771E+01
 5349  -3.379998E+01
 5350  -3.380224E+01
 5351  -3.380451E+01
 5352  -3.380678E+01
 5353  -3.380905E+01
 5354  -3.381132E+01
 5355  -3.381359E+01
 5356  -3.381586E+01
 5357  -3.381813E+01
 5358  -3.382040E+01
 5359  -3.382267E+01
 5360  -3.382494E+01
 5361  -3.382721E+01
 5362  -3.382948E+01
 5363  -3.383176E+01
 5364  -3.383403E+01
 5365  -3.383630E+01
 5366  -3.383858E+01
 5367  -3.384085E+01
 5368  -3.384313E+01
 5369  -3.384540E+01
 5370  -3.384768E+01
 5371  -3.384996E+01
 5372  -3.385223E+01
 5373  -3.385451E+01
 5374  -3.385679E+01
 5375  -3.385907E+01
 5376  -3.386135E+01
 5377  -3.386363E+01
 5378  -3.386592E+01
 5379  -3.386821E+01
 5380  -3.387050E+01
 5381  -3.387279E+01
 5382  -3.387508E+01
 5383  -3.387737E+01
 5384  -3.387967E+01
 5385  -3.388196E+01
 5386  -3.388425E+01
 5387  -3.388655E+01
 5388  -3.388884E+01
 5389  -3.389114E+01
 5390  -3.389344E+01
 5391  -3.389573E+01
 5392  -3.389803E+01
 5393  -3.390033E+01
 5394  -3.390263E+01
 5395  -3.390493E+01
 5396  -3.390723E+01
 5397  -3.390953E+01
 5398  -3.391183E+01
 5399  -3.391414E+01
 5400  -3.391644E+01
 5401  -3.391874E+01
 5402  -3.392105E+01
 5403  -3.392335E+01
 5404  -3.392566E+01
 5405  -3.392797E+01
 5406  -3.393028E+01
 5407  -3.393259E+01
 5408  -3.393489E+01
 5409  -3.393721E+01
 5410  -3.393952E+01
 5411  -3.394183E+01
 5412  -3.394414E+01
 5413  -3.394645E+01
 5414  -3.394877E+01
 5415  -3.395108E+01
 5416  -3.395340E+01
 5417  -3.395572E+01
 5418  -3.395803E+01
 5419  -3.396035E+01
 5420  -3.396267E+01
 5421  -3.396499E+01
 5422  -3.396731E+01
 5423  -3.396964E+01
 5424  -3.397196E+01
 5425  -3.397428E+01
 5426  -3.397661E+01
 5427  -3.397893E+01
 5428  -3.398126E+01
 5429  -3.398359E+01
 5430  -3.398592E+01
 5431  -3.398824E+01
 5432  -3.399057E+01
 5433  -3.399291E+01
 5434  -3.399524E+01
 5435  -3.399757E+01
 5436  -3.399991E+01
 5437  -3.400224E+01
 5438  -3.400458E+01
 5439  -3.400691E+01
 5440  -3.400925E+01
 5441  -3.401159E+01
 5442  -3.401393E+01
 5443  -3.401627E+01
 5444  -3.401861E+01
 5445  -3.402096E+01
 5446  -3.402330E+01
 5447  -3.402565E+01
 5448  -3.402799E+01
 5449  -3.403034E+01
 5450  -3.403269E+01
 5451  -3.403504E+01
 5452  -3.403739E+01
 5453  -3.403974E+01
 5454  -3.404209E+01
 5455  -3.404445E+01
 5456  -3.404680E+01
 5457  -3.404916E+01
 5458  -3.405152E+01
 5459  -3.405387E+01
 5460  -3.405623E+01
 5461  -3.405859E+01
 5462  -3.406095E+01
 5463  -3.406332E+01
 5464  -3.406568E+01
 5465  -3.406805E+01
 5466  -3.407041E+01
 5467  -3.407278E+01
 5468  -3.407515E+01
 5469  -3.407752E+01
 5470  -3.407989E+01
 5471  -3.408226E+01
 5472  -3.408463E+01
 5473  -3.408701E+01
 5474  -3.408938E+01
 5475  -3.409176E+01
 5476  -3.409414E+01
 5477  -3.409652E+01
 5478  -3.409890E+01
 5479  -3.410128E+01
 5480  -3.410366E+01
 5481  -3.410605E+01
 5482  -3.410843E+01
 5483  -3.411082E+01
 5484  -3.411321E+01
 5485  -3.411560E+01
 5486  -3.411799E+01
 5487  -3.412038E+01
 5488  -3.412277E+01
 5489  -3.412517E+01
 5490  -3.412756E+01
 5491  -3.412996E+01
 5492  -3.413236E+01
 5493  -3.413476E+01
 5494  -3.413716E+01
 5495  -3.413956E+01
 5496  -3.414197E+01
 5497  -3.414437E+01
 5498  -3.414678E+01
 5499  -3.414918E+01
 5500  -3.415159E+01
 5501  -3.415400E+01
 5502  -3.415642E+01
 5503  -3.415883E+01
 5504  -3.416124E+01
 5505  -3.416366E+01
 5506  -3.416608E+01
 5507  -3.416849E+01
 5508  -3.417091E+01
 5509  -3.417333E+01
 5510  -3.417576E+01
 5511  -3.417818E+01
 5512  -3.418061E+01
 5513  -3.418303E+01
 5514  -3.418546E+01
 5515  -3.418789E+01
 5516  -3.419032E+01
 5517  -3.419275E+01
 5518  -3.419519E+01
 5519  -3.419762E+01
 5520  -3.420006E+01
 5521  -3.420250E+01
 5522  -3.420494E+01
 5523  -3.420738E+01
 5524  -3.420982E+01
 5525  -3.421227E+01
 5526  -3.421471E+01
 5527  -3.421716E+01
 5528  -3.421961E+01
 5529  -3.422206E+01
 5530  -3.422451E+01
 5531  -3.422696E+01
 5532  -3.422941E+01
 5533  -3.423187E+01
 5534  -3.423433E+01
 5535  -3.423679E+01
 5536  -3.423925E+01
 5537  -3.424171E+01
 5538  -3.424417E+01
 5539  -3.424664E+01
 5540  -3.424910E+01
 5541  -3.425157E+01
 5542  -3.425404E+01
 5543  -3.425651E+01
 5544  -3.425898E+01
 5545  -3.426146E+01
 5546  -3.426393E+01
 5547  -3.426641E+01
 5548  -3.426889E+01
 5549  -3.427137E+01
 5550  -3.427385E+01
 5551  -3.427633E+01
 5552  -3.427882E+01
 5553  -3.428130E+01
 5554  -3.428379E+01
 5555  -3.428628E+01
 5556  -3.428877E+01
 5557  -3.429127E+01
 5558  -3.429376E+01
 5559  -3.429625E+01
 5560  -3.429875E+01
 5561  -3.430125E+01
 5562  -3.430375E+01
 5563  -3.430625E+01
 5564  -3.430876E+01
 5565  -3.431126E+01
 5566  -3.431377E+01
 5567  -3.431628E+01
 5568  -3.431879E+01
 5569  -3.432130E+01
 5570  -3.432381E+01
 5571  -3.432633E+01
 5572  -3.432884E+01
 5573  -3.433136E+01
 5574  -3.433388E+01
 5575  -3.433640E+01
 5576  -3.433893E+01
 5577  -3.434145E+01
 5578  -3.434398E+01
 5579  -3.434651E+01
 5580  -3.434903E+01
 5581  -3.435157E+01
 5582  -3.435410E+01
 5583  -3.435663E+01
 5584  -3.435917E+01
 5585  -3.436171E+01
 5586  -3.436425E+01
 5587  -3.436679E+01
 5588  -3.436933E+01
 5589  -3.437187E+01
 5590  -3.437442E+01
 5591  -3.437697E+01
 5592  -3.437952E+01
 5593  -3.438207E+01
 5594  -3.438462E+01
 5595  -3.438717E+01
 5596  -3.438973E+01
 5597  -3.439229E+01
 5598  -3.439485E+01
 5599  -3.439741E+01
 5600  -3.439997E+01
 5601  -3.440254E+01
 5602  -3.440510E+01
 5603  -3.440767E+01
 5604  -3.441024E+01
 5605  -3.441281E+01
 5606  -3.441538E+01
 5607  -3.441796E+01
 5608  -3.442053E+01
 5609  -3.442311E+01
 5610  -3.442569E+01
 5611  -3.442827E+01
 5612  -3.443085E+01
 5613  -3.443344E+01
 5614  -3.443602E+01
 5615  -3.443861E+01
 5616  -3.444120E+01
 5617  -3.444379E+01
 5618  -3.444639E+01
 5619  -3.444898E+01
 5620  -3.445158E+01
 5621  -3.445417E+01
 5622  -3.445677E+01
 5623  -3.445937E+01
 5624  -3.446198E+01
 5625  -3.446458E+01
 5626  -3.446719E+01
 5627  -3.446980E+01
 5628  -3.447241E+01
 5629  -3.447502E+01
 5630  -3.447763E+01
 5631  -3.448025E+01
 5632  -3.448286E+01
 5633  -3.448548E+01
 5634  -3.448810E+01
 5635  -3.449072E+01
 5636  -3.449335E+01
 5637  -3.449597E+01
 5638  -3.449860E+01
 5639  -3.450123E+01
 5640  -3.450386E+01
 5641  -3.450649E+01
 5642  -3.450912E+01
 5643  -3.451176E+01
 5644  -3.451439E+01
 5645  -3.451703E+01
 5646  -3.451967E+01
 5647  -3.452232E+01
 5648  -3.452496E+01
 5649  -3.452761E+01
 5650  -3.453025E+01
 5651  -3.453290E+01
 5652  -3.453555E+01
 5653  -3.453820E+01
 5654  -3.454086E+01
 5655  -3.454351E+01
 5656  -3.454617E+01
 5657  -3.454883E+01
 5658  -3.455149E+01
 5659  -3.455415E+01
 5660  -3.455682E+01
 5661  -3.455948E+01
 5662  -3.456215E+01
 5663  -3.456482E+01
 5664  -3.456749E+01
 5665  -3.457016E+01
 5666  -3.457284E+01
 5667  -3.457551E+01
 5668  -3.457819E+01
 5669  -3.458087E+01
 5670  -3.458355E+01
 5671  -3.458623E+01
 5672  -3.458891E+01
 5673  -3.459160E+01
 5674  -3.459429E+01
 5675  -3.459698E+01
 5676  -3.459967E+01
 5677  -3.460236E+01
 5678  -3.460505E+01
 5679  -3.460775E+01
 5680  -3.461045E+01
 5681  -3.461315E+01
 5682  -3.461585E+01
 5683  -3.461855E+01
 5684  -3.462125E+01
 5685  -3.462396E+01
 5686  -3.462667E+01
 5687  -3.462938E+01
 5688  -3.463209E+01
 5689  -3.463480E+01
 5690  -3.463751E+01
 5691  -3.464023E+01
 5692  -3.464294E+01
 5693  -3.464566E+01
 5694  -3.464838E+01
 5695  -3.465110E+01
 5696  -3.465383E+01
 5697  -3.465655E+01
 5698  -3.465928E+01
 5699  -3.466201E+01
 5700  -3.466474E+01
 5701  -3.466747E+01
 5702  -3.467020E+01
 5703  -3.467294E+01
 5704  -3.467567E+01
 5705  -3.467841E+01
 5706  -3.468115E+01
 5707  -3.468389E+01
 5708  -3.468664E+01
 5709  -3.468938E+01
 5710  -3.469213E+01
 5711  -3.469487E+01
 5712  -3.469762E+01
 5713  -3.470037E+01
 5714  -3.470312E+01
 5715  -3.470588E+01
 5716  -3.470863E+01
 5717  -3.471139E+01
 5718  -3.471415E+01
 5719  -3.471691E+01
 5720  -3.471967E+01
 5721  -3.472243E+01
 5722  -3.472521E+01
 5723  -3.472798E+01
 5724  -3.473076E+01
 5725  -3.473353E+01
 5726  -3.473631E+01
 5727  -3.473909E+01
 5728  -3.474188E+01
 5729  -3.474466E+01
 5730  -3.474745E+01
 5731  -3.475023E+01
 5732  -3.475302E+01
 5733  -3.475581E+01
 5734  -3.475860E+01
 5735  -3.476139E+01
 5736  -3.476419E+01
 5737  -3.476698E+01
 5738  -3.476978E+01
 5739  -3.477258E+01
 5740  -3.477538E+01
 5741  -3.477818E+01
 5742  -3.478099E+01
 5743  -3.478380E+01
 5744  -3.478661E+01
 5745  -3.478942E+01
 5746  -3.479223E+01
 5747  -3.479504E+01
 5748  -3.479786E+01
 5749  -3.480068E+01
 5750  -3.480350E+01
 5751  -3.480633E+01
 5752  -3.480917E+01
 5753  -3.481201E+01
 5754  -3.481485E+01
 5755  -3.481769E+01
 5756  -3.482053E+01
 5757  -3.482338E+01
 5758  -3.482622E+01
 5759  -3.482907E+01
 5760  -3.483192E+01
 5761  -3.483477E+01
 5762  -3.483762E+01
 5763  -3.484047E+01
 5764  -3.484332E+01
 5765  -3.484618E+01
 5766  -3.484903E+01
 5767  -3.485189E+01
 5768  -3.485475E+01
 5769  -3.485761E+01
 5770  -3.486047E+01
 5771  -3.486333E+01
 5772  -3.486620E+01
 5773  -3.486906E+01
 5774  -3.487193E+01
 5775  -3.487480E+01
 5776  -3.487766E+01
 5777  -3.488053E+01
 5778  -3.488341E+01
 5779  -3.488628E+01
 5780  -3.488915E+01
 5781  -3.489203E+01
 5782  -3.489490E+01
 5783  -3.489778E+01
 5784  -3.490066E+01
 5785  -3.490354E+01
 5786  -3.490642E+01
 5787  -3.490931E+01
 5788  -3.491219E+01
 5789  -3.491507E+01
 5790  -3.491796E+01
 5791  -3.492085E+01
 5792  -3.492374E+01
 5793  -3.492663E+01
 5794  -3.492952E+01
 5795  -3.493241E+01
 5796  -3.493530E+01
 5797  -3.493820E+01
 5798  -3.494109E+01
 5799  -3.494399E+01
 5800  -3.494689E+01
 5801  -3.494979E+01
 5802  -3.495269E+01
 5803  -3.495559E+01
 5804  -3.495849E+01
 5805  -3.496139E+01
 5806  -3.496430E+01
 5807  -3.496720E+01
 5808  -3.497011E+01
 5809  -3.497301E+01
 5810  -3.497592E+01
 5811  -3.497883E+01
 5812  -3.498174E+01
 5813  -3.498466E+01
 5814  -3.498757E+01
 5815  -3.499048E+01
 5816  -3.499340E+01
 5817  -3.499631E+01
 5818  -3.499923E+01
 5819  -3.500215E+01
 5820  -3.500507E+01
 5821  -3.500799E+01
 5822  -3.501091E+01
 5823  -3.501383E+01
 5824  -3.501675E+01
 5825  -3.501968E+01
 5826  -3.502262E+01
 5827  -3.502556E+01
 5828  -3.502850E+01
 5829  -3.503144E+01
 5830  -3.503439E+01
 5831  -3.503733E+01
 5832  -3.504027E+01
 5833  -3.504322E+01
 5834  -3.504617E+01
 5835  -3.504911E+01
 5836  -3.505206E+01
 5837  -3.505501E+01
 5838  -3.505796E+01
 5839  -3.506091E+01
 5840  -3.506387E+01
 5841  -3.506682E+01
 5842  -3.506977E+01
 5843  -3.507273E+01
 5844  -3.507568E+01
 5845  -3.507864E+01
 5846  -3.508159E+01
 5847  -3.508455E+01
 5848  -3.508751E+01
 5849  -3.509047E+01
 5850  -3.509343E+01
 5851  -3.509639E+01
 5852  -3.509935E+01
 5853  -3.510231E+01
 5854  -3.510528E+01
 5855  -3.510824E+01
 5856  -3.511121E+01
 5857  -3.511417E+01
 5858  -3.511714E+01
 5859  -3.512010E+01
 5860  -3.512307E+01
 5861  -3.512604E+01
 5862  -3.512901E+01
 5863  -3.513198E+01
 5864  -3.513495E+01
 5865  -3.513792E+01
 5866  -3.514089E+01
 5867  -3.514386E+01
 5868  -3.514684E+01
 5869  -3.514981E+01
 5870  -3.515279E+01
 5871  -3.515576E+01
 5872  -3.515874E+01
 5873  -3.516171E+01
 5874  -3.516469E+01
 5875  -3.516767E+01
 5876  -3.517064E+01
 5877  -3.517362E+01
 5878  -3.517660E+01
 5879  -3.517958E+01
 5880  -3.518256E+01
 5881  -3.518554E+01
 5882  -3.518852E+01
 5883  -3.519151E+01
 5884  -3.519449E+01
 5885  -3.519747E+01
 5886  -3.520046E+01
 5887  -3.520344E+01
 5888  -3.520643E+01
 5889  -3.520941E+01
 5890  -3.521240E+01
 5891  -3.521538E+01
 5892  -3.521837E+01
 5893  -3.522136E+01
 5894  -3.522434E+01
 5895  -3.522733E+01
 5896  -3.523032E+01
 5897  -3.523331E+01
 5898  -3.523630E+01
 5899  -3.523929E+01
 5900  -3.524228E+01
 5901  -3.524527E+01
 5902  -3.524826E+01
 5903  -3.525126E+01
 5904  -3.525425E+01
 5905  -3.525724E+01
 5906  -3.526023E+01
 5907  -3.526323E+01
 5908  -3.526622E+01
 5909  -3.526921E+01
 5910  -3.527221E+01
 5911  -3.527520E+01
 5912  -3.527820E+01
 5913  -3.528120E+01
 5914  -3.528419E+01
 5915  -3.528719E+01
 5916  -3.529018E+01
 5917  -3.529318E+01
 5918  -3.529618E+01
 5919  -3.529918E+01
 5920  -3.530218E+01
 5921  -3.530517E+01
 5922  -3.530817E+01
 5923  -3.531117E+01
 5924  -3.531417E+01
 5925  -3.531717E+01
 5926  -3.532017E+01
 5927  -3.532317E+01
 5928  -3.532617E+01
 5929  -3.532917E+01
 5930  -3.533217E+01
 5931  -3.533517E+01
 5932  -3.533818E+01
 5933  -3.534118E+01
 5934  -3.534418E+01
 5935  -3.534718E+01
 5936  -3.535018E+01
 5937  -3.535319E+01
 5938  -3.535619E+01
 5939  -3.535919E+01
 5940  -3.536221E+01
 5941  -3.536522E+01
 5942  -3.536824E+01
 5943  -3.537125E+01
 5944  -3.537427E+01
 5945  -3.537728E+01
 5946  -3.538030E+01
 5947  -3.538331E+01
 5948  -3.538633E+01
 5949  -3.538935E+01
 5950  -3.539236E+01
 5951  -3.539538E+01
 5952  -3.539839E+01
 5953  -3.540141E+01
 5954  -3.540443E+01
 5955  -3.540745E+01
 5956  -3.541046E+01
 5957  -3.541348E+01
 5958  -3.541650E+01
 5959  -3.541952E+01
 5960  -3.542253E+01
 5961  -3.542555E+01
 5962  -3.542857E+01
 5963  -3.543159E+01
 5964  -3.543461E+01
 5965  -3.543762E+01
 5966  -3.544064E+01
 5967  -3.544366E+01
 5968  -3.544668E+01
 5969  -3.544970E+01
 5970  -3.545272E+01
 5971  -3.545574E+01
 5972  -3.545876E+01
 5973  -3.546177E+01
 5974  -3.546479E+01
 5975  -3.546781E+01
 5976  -3.547083E+01
 5977  -3.547385E+01
 5978  -3.547687E+01
 5979  -3.547989E+01
 5980  -3.548291E+01
 5981  -3.548593E+01
 5982  -3.548895E+01
 5983  -3.549197E+01
 5984  -3.549499E+01
 5985  -3.549801E+01
 5986  -3.550103E+01
 5987  -3.550405E+01
 5988  -3.550707E+01
 5989  -3.551009E+01
 5990  -3.551311E+01
 5991  -3.551613E+01
 5992  -3.551915E+01
 5993  -3.552217E+01
 5994  -3.552519E+01
 5995  -3.552821E+01
 5996  -3.553123E+01
 5997  -3.553425E+01
 5998  -3.553727E+01
 5999  -3.554029E+01
 6000  -3.554331E+01
 6001  -3.554633E+01
 6002  -3.554935E+01
 6003  -3.555237E+01
 6004  -3.555539E+01
 6005  -3.555841E+01
 6006  -3.556143E+01
 6007  -3.556445E+01
 6008  -3.556747E+01
 6009  -3.557049E+01
 6010  -3.557351E+01
 6011  -3.557653E+01
 6012  -3.557955E+01
 6013  -3.558257E+01
 6014  -3.558559E+01
 6015  -3.558861E+01
 6016  -3.559163E+01
 6017  -3.559465E+01
 6018  -3.559767E+01
 6019  -3.560069E+01
 6020  -3.560371E+01
 6021  -3.560673E+01
 6022  -3.560975E+01
 6023  -3.561277E+01
 6024  -3.561579E+01
 6025  -3.561881E+01
 6026  -3.562183E+01
 6027  -3.562485E+01
 6028  -3.562787E+01
 6029  -3.563089E+01
 6030  -3.563391E+01
 6031  -3.563693E+01
 6032  -3.563995E+01
 6033  -3.564297E+01
 6034  -3.564599E+01
 6035  -3.564901E+01
 6036  -3.565203E+01
 6037  -3.565505E+01
 6038  -3.565807E+01
 6039  -3.566109E+01
 6040  -3.566411E+01
 6041  -3.566712E+01
 6042  -3.567014E+01
 6043  -3.567316E+01
 6044  -3.567618E+01
 6045  -3.567920E+01
 6046  -3.568222E+01
 6047  -3.568524E+01
 6048  -3.568826E+01
 6049  -3.569128E+01
 6050  -3.569429E+01
 6051  -3.569731E+01
 6052  -3.570033E+01
 6053  -3.570335E+01
 6054  -3.570637E+01
 6055  -3.570939E+01
 6056  -3.571241E+01
 6057  -3.571542E+01
 6058  -3.571844E+01
 6059  -3.572146E+01
 6060  -3.572448E+01
 6061  -3.572750E+01
 6062  -3.573052E+01
 6063  -3.573353E+01
 6064  -3.573655E+01
 6065  -3.573957E+01
 6066  -3.574259E+01
 6067  -3.574561E+01
 6068  -3.574862E+01
 6069  -3.575164E+01
 6070  -3.575466E+01
 6071  -3.575768E+01
 6072  -3.576069E+01
 6073  -3.576371E+01
 6074  -3.576673E+01
 6075  -3.576975E+01
 6076  -3.577276E+01
 6077  -3.577578E+01
 6078  -3.577880E+01
 6079  -3.578182E+01
 6080  -3.578483E+01
 6081  -3.578785E+01
 6082  -3.579087E+01
 6083  -3.579389E+01
 6084  -3.579690E+01
 6085  -3.579992E+01
 6086  -3.580294E+01
 6087  -3.580595E+01
 6088  -3.580897E+01
 6089  -3.581199E+01
 6090  -3.581501E+01
 6091  -3.581802E+01
 6092  -3.582104E+01
 6093  -3.582406E+01
 6094  -3.582707E+01
 6095  -3.583009E+01
 6096  -3.583311E+01
 6097  -3.583612E+01
 6098  -3.583914E+01
 6099  -3.584216E+01
 6100  -3.584517E+01
 6101  -3.584819E+01
 6102  -3.585121E+01
 6103  -3.585422E+01
 6104  -3.585724E+01
 6105  -3.586026E+01
 6106  -3.586327E+01
 6107  -3.586629E+01
 6108  -3.586931E+01
 6109  -3.587232E+01
 6110  -3.587534E+01
 6111  -3.587836E+01
 6112  -3.588137E+01
 6113  -3.588439E+01
 6114  -3.588741E+01
 6115  -3.589042E+01
 6116  -3.589344E+01
 6117  -3.589646E+01
 6118  -3.589947E+01
 6119  -3.590249E+01
 6120  -3.590551E+01
 6121  -3.590852E+01
 6122  -3.591154E+01
 6123  -3.591456E+01
 6124  -3.591757E+01
 6125  -3.592059E+01
 6126  -3.592361E+01
 6127  -3.592662E+01
 6128  -3.592964E+01
 6129  -3.593266E+01
 6130  -3.593567E+01
 6131  -3.593869E+01
 6132  -3.594171E+01
 6133  -3.594472E+01
 6134  -3.594774E+01
 6135  -3.595075E+01
 6136  -3.595377E+01
 6137  -3.595679E+01
 6138  -3.595980E+01
 6139  -3.596282E+01
 6140  -3.596584E+01
 6141  -3.596885E+01
 6142  -3.597187E+01
 6143  -3.597489E+01
 6144  -3.597790E+01
 6145  -3.598092E+01
 6146  -3.598394E+01
 6147  -3.598696E+01
 6148  -3.598997E+01
 6149  -3.599299E+01
 6150  -3.599601E+01
 6151  -3.599902E+01
 6152  -3.600204E+01
 6153  -3.600506E+01
 6154  -3.600807E+01
 6155  -3.601109E+01
 6156  -3.601411E+01
 6157  -3.601712E+01
 6158  -3.602014E+01
 6159  -3.602316E+01
 6160  -3.602618E+01
 6161  -3.602919E+01
 6162  -3.603221E+01
 6163  -3.603523E+01
 6164  -3.603825E+01
 6165  -3.604126E+01
 6166  -3.604428E+01
 6167  -3.604730E+01
 6168  -3.605031E+01
 6169  -3.605333E+01
 6170  -3.605635E+01
 6171  -3.605937E+01
 6172  -3.606239E+01
 6173  -3.606541E+01
 6174  -3.606843E+01
 6175  -3.607146E+01
 6176  -3.607448E+01
 6177  -3.607750E+01
 6178  -3.608052E+01
 6179  -3.608355E+01
 6180  -3.608657E+01
 6181  -3.608959E+01
 6182  -3.609261E+01
 6183  -3.609564E+01
 6184  -3.609866E+01
 6185  -3.610168E+01
 6186  -3.610470E+01
 6187  -3.610773E+01
 6188  -3.611075E+01
 6189  -3.611377E+01
 6190  -3.611679E+01
 6191  -3.611982E+01
 6192  -3.612284E+01
 6193  -3.612586E+01
 6194  -3.612889E+01
 6195  -3.613191E+01
 6196  -3.613493E+01
 6197  -3.613795E+01
 6198  -3.614098E+01
 6199  -3.614400E+01
 6200  -3.614702E+01
 6201  -3.615005E+01
 6202  -3.615307E+01
 6203  -3.615609E+01
 6204  -3.615912E+01
 6205  -3.616214E+01
 6206  -3.616517E+01
 6207  -3.616819E+01
 6208  -3.617121E+01
 6209  -3.617424E+01
 6210  -3.617726E+01
 6211  -3.618029E+01
 6212  -3.618333E+01
 6213  -3.618637E+01
 6214  -3.618941E+01
 6215  -3.619245E+01
 6216  -3.619548E+01
 6217  -3.619852E+01
 6218  -3.620156E+01
 6219  -3.620460E+01
 6220  -3.620764E+01
 6221  -3.621068E+01
 6222  -3.621372E+01
 6223  -3.621676E+01
 6224  -3.621980E+01
 6225  -3.622284E+01
 6226  -3.622588E+01
 6227  -3.622891E+01
 6228  -3.623195E+01
 6229  -3.623499E+01
 6230  -3.623803E+01
 6231  -3.624107E+01
 6232  -3.624411E+01
 6233  -3.624715E+01
 6234  -3.625019E+01
 6235  -3.625323E+01
 6236  -3.625627E+01
 6237  -3.625931E+01
 6238  -3.626235E+01
 6239  -3.626539E+01
 6240  -3.626843E+01
 6241  -3.627147E+01
 6242  -3.627451E+01
 6243  -3.627755E+01
 6244  -3.628059E+01
 6245  -3.628363E+01
 6246  -3.628667E+01
 6247  -3.628971E+01
 6248  -3.629274E+01
 6249  -3.629578E+01
 6250  -3.629882E+01
 6251  -3.630186E+01
 6252  -3.630490E+01
 6253  -3.630794E+01
 6254  -3.631098E+01
 6255  -3.631402E+01
 6256  -3.631706E+01
 6257  -3.632010E+01
 6258  -3.632314E+01
 6259  -3.632618E+01
 6260  -3.632922E+01
 6261  -3.633226E+01
 6262  -3.633530E+01
 6263  -3.633834E+01
 6264  -3.634138E+01
 6265  -3.634442E+01
 6266  -3.634746E+01
 6267  -3.635050E+01
 6268  -3.635354E+01
 6269  -3.635658E+01
 6270  -3.635962E+01
 6271  -3.636265E+01
 6272  -3.636569E+01
 6273  -3.636873E+01
 6274  -3.637177E+01
 6275  -3.637481E+01
 6276  -3.637785E+01
 6277  -3.638089E+01
 6278  -3.638393E+01
 6279  -3.638697E+01
 6280  -3.639001E+01
 6281  -3.639305E+01
 6282  -3.639608E+01
 6283  -3.639912E+01
 6284  -3.640216E+01
 6285  -3.640520E+01
 6286  -3.640824E+01
 6287  -3.641128E+01
 6288  -3.641432E+01
 6289  -3.641735E+01
 6290  -3.642039E+01
 6291  -3.642343E+01
 6292  -3.642647E+01
 6293  -3.642951E+01
 6294  -3.643254E+01
 6295  -3.643558E+01
 6296  -3.643862E+01
 6297  -3.644166E+01
 6298  -3.644470E+01
 6299  -3.644773E+01
 6300  -3.645077E+01
 6301  -3.645381E+01
 6302  -3.645685E+01
 6303  -3.645988E+01
 6304  -3.646292E+01
 6305  -3.646596E+01
 6306  -3.646899E+01
 6307  -3.647203E+01
 6308  -3.647507E+01
 6309  -3.647810E+01
 6310  -3.648114E+01
 6311  -3.648418E+01
 6312  -3.648721E+01
 6313  -3.649025E+01
 6314  -3.649328E+01
 6315  -3.649632E+01
 6316  -3.649936E+01
 6317  -3.650239E+01
 6318  -3.650543E+01
 6319  -3.650846E+01
 6320  -3.651150E+01
 6321  -3.651453E+01
 6322  -3.651757E+01
 6323  -3.652060E+01
 6324  -3.652363E+01
 6325  -3.652667E+01
 6326  -3.652970E+01
 6327  -3.653274E+01
 6328  -3.653577E+01
 6329  -3.653880E+01
 6330  -3.654184E+01
 6331  -3.654487E+01
 6332  -3.654790E+01
 6333  -3.655094E+01
 6334  -3.655397E+01
 6335  -3.655700E+01
 6336  -3.656003E+01
 6337  -3.656307E+01
 6338  -3.656610E+01
 6339  -3.656913E+01
 6340  -3.657216E+01
 6341  -3.657519E+01
 6342  -3.657822E+01
 6343  -3.658125E+01
 6344  -3.658429E+01
 6345  -3.658732E+01
 6346  -3.659035E+01
 6347  -3.659338E+01
 6348  -3.659641E+01
 6349  -3.659944E+01
 6350  -3.660246E+01
 6351  -3.660549E+01
 6352  -3.660852E+01
 6353  -3.661155E+01
 6354  -3.661458E+01
 6355  -3.661761E+01
 6356  -3.662064E+01
 6357  -3.662366E+01
 6358  -3.662669E+01
 6359  -3.662972E+01
 6360  -3.663274E+01
 6361  -3.663577E+01
 6362  -3.663880E+01
 6363  -3.664182E+01
 6364  -3.664485E+01
 6365  -3.664787E+01
 6366  -3.665090E+01
 6367  -3.665393E+01
 6368  -3.665695E+01
 6369  -3.665997E+01
 6370  -3.666300E+01
 6371  -3.666602E+01
 6372  -3.666905E+01
 6373  -3.667207E+01
 6374  -3.667509E+01
 6375  -3.667811E+01
 6376  -3.668114E+01
 6377  -3.668416E+01
 6378  -3.668718E+01
 6379  -3.669020E+01
 6380  -3.669322E+01
 6381  -3.669624E+01
 6382  -3.669926E+01
 6383  -3.670228E+01
 6384  -3.670530E+01
 6385  -3.670832E+01
 6386  -3.671134E+01
 6387  -3.671436E+01
 6388  -3.671738E+01
 6389  -3.672040E+01
 6390  -3.672342E+01
 6391  -3.672643E+01
 6392  -3.672945E+01
 6393  -3.673247E+01
 6394  -3.673548E+01
 6395  -3.673850E+01
 6396  -3.674152E+01
 6397  -3.674453E+01
 6398  -3.674755E+01
 6399  -3.675056E+01
 6400  -3.675357E+01
 6401  -3.675659E+01
 6402  -3.675960E+01
 6403  -3.676261E+01
 6404  -3.676563E+01
 6405  -3.676864E+01
 6406  -3.677165E+01
 6407  -3.677466E+01
 6408  -3.677767E+01
 6409  -3.678069E+01
 6410  -3.678370E+01
 6411  -3.678671E+01
 6412  -3.678971E+01
 6413  -3.679272E+01
 6414  -3.679573E+01
 6415  -3.679874E+01
 6416  -3.680175E+01
 6417  -3.680476E+01
 6418  -3.680776E+01
 6419  -3.681077E+01
 6420  -3.681378E+01
 6421  -3.681678E+01
 6422  -3.681979E+01
 6423  -3.682279E+01
 6424  -3.682580E+01
 6425  -3.682880E+01
 6426  -3.683180E+01
 6427  -3.683481E+01
 6428  -3.683781E+01
 6429  -3.684081E+01
 6430  -3.684381E+01
 6431  -3.684682E+01
 6432  -3.684982E+01
 6433  -3.685282E+01
 6434  -3.685582E+01
 6435  -3.685882E+01
 6436  -3.686182E+01
 6437  -3.686481E+01
 6438  -3.686781E+01
 6439  -3.687081E+01
 6440  -3.687381E+01
 6441  -3.687680E+01
 6442  -3.687980E+01
 6443  -3.688280E+01
 6444  -3.688579E+01
 6445  -3.688879E+01
 6446  -3.689178E+01
 6447  -3.689478E+01
 6448  -3.689777E+01
 6449  -3.690076E+01
 6450  -3.690375E+01
 6451  -3.690675E+01
 6452  -3.690974E+01
 6453  -3.691273E+01
 6454  -3.691572E+01
 6455  -3.691871E+01
 6456  -3.692170E+01
 6457  -3.692469E+01
 6458  -3.692767E+01
 6459  -3.693066E+01
 6460  -3.693365E+01
 6461  -3.693664E+01
 6462  -3.693962E+01
 6463  -3.694261E+01
 6464  -3.694559E+01
 6465  -3.694858E+01
 6466  -3.695156E+01
 6467  -3.695455E+01
 6468  -3.695753E+01
 6469  -3.696051E+01
 6470  -3.696349E+01
 6471  -3.696648E+01
 6472  -3.696946E+01
 6473  -3.697244E+01
 6474  -3.697542E+01
 6475  -3.697840E+01
 6476  -3.698138E+01
 6477  -3.698435E+01
 6478  -3.698733E+01
 6479  -3.699031E+01
 6480  -3.699329E+01
 6481  -3.699626E+01
 6482  -3.699924E+01
 6483  -3.700221E+01
 6484  -3.700519E+01
 6485  -3.700816E+01
 6486  -3.701113E+01
 6487  -3.701411E+01
 6488  -3.701708E+01
 6489  -3.702005E+01
 6490  -3.702302E+01
 6491  -3.702599E+01
 6492  -3.702896E+01
 6493  -3.703193E+01
 6494  -3.703490E+01
 6495  -3.703787E+01
 6496  -3.704084E+01
 6497  -3.704380E+01
 6498  -3.704677E+01
 6499  -3.704974E+01
 6500  -3.705270E+01
 6501  -3.705567E+01
 6502  -3.705863E+01
 6503  -3.706159E+01
 6504  -3.706456E+01
 6505  -3.706752E+01
 6506  -3.707048E+01
 6507  -3.707344E+01
 6508  -3.707640E+01
 6509  -3.707936E+01
 6510  -3.708232E+01
 6511  -3.708528E+01
 6512  -3.708824E+01
 6513  -3.709120E+01
 6514  -3.709415E+01
 6515  -3.709711E+01
 6516  -3.710007E+01
 6517  -3.710302E+01
 6518  -3.710598E+01
 6519  -3.710893E+01
 6520  -3.711188E+01
 6521  -3.711484E+01
 6522  -3.711779E+01
 6523  -3.712074E+01
 6524  -3.712369E+01
 6525  -3.712664E+01
 6526  -3.712959E+01
 6527  -3.713254E+01
 6528  -3.713549E+01
 6529  -3.713844E+01
 6530  -3.714138E+01
 6531  -3.714433E+01
 6532  -3.714728E+01
 6533  -3.715022E+01
 6534  -3.715317E+01
 6535  -3.715611E+01
 6536  -3.715905E+01
 6537  -3.716200E+01
 6538  -3.716494E+01
 6539  -3.716788E+01
 6540  -3.717082E+01
 6541  -3.717376E+01
 6542  -3.717670E+01
 6543  -3.717964E+01
 6544  -3.718258E+01
 6545  -3.718552E+01
 6546  -3.718845E+01
 6547  -3.719139E+01
 6548  -3.719433E+01
 6549  -3.719726E+01
 6550  -3.720020E+01
 6551  -3.720313E+01
 6552  -3.720606E+01
 6553  -3.720900E+01
 6554  -3.721193E+01
 6555  -3.721486E+01
 6556  -3.721779E+01
 6557  -3.722072E+01
 6558  -3.722365E+01
 6559  -3.722658E+01
 6560  -3.722951E+01
 6561  -3.723243E+01
 6562  -3.723536E+01
 6563  -3.723829E+01
 6564  -3.724121E+01
 6565  -3.724414E+01
 6566  -3.724706E+01
 6567  -3.724999E+01
 6568  -3.725291E+01
 6569  -3.725583E+01
 6570  -3.725875E+01
 6571  -3.726167E+01
 6572  -3.726459E+01
 6573  -3.726751E+01
 6574  -3.727043E+01
 6575  -3.727335E+01
 6576  -3.727627E+01
 6577  -3.727919E+01
 6578  -3.728210E+01
 6579  -3.728502E+01
 6580  -3.728793E+01
 6581  -3.729085E+01
 6582  -3.729376E+01
 6583  -3.729668E+01
 6584  -3.729959E+01
 6585  -3.730250E+01
 6586  -3.730541E+01
 6587  -3.730832E+01
 6588  -3.731123E+01
 6589  -3.731414E+01
 6590  -3.731705E+01
 6591  -3.731996E+01
 6592  -3.732287E+01
 6593  -3.732577E+01
 6594  -3.732868E+01
 6595  -3.733158E+01
 6596  -3.733449E+01
 6597  -3.733739E+01
 6598  -3.734029E+01
 6599  -3.734320E+01
 6600  -3.734610E+01
 6601  -3.734900E+01
 6602  -3.735190E+01
 6603  -3.735480E+01
 6604  -3.735770E+01
 6605  -3.736060E+01
 6606  -3.736350E+01
 6607  -3.736639E+01
 6608  -3.736929E+01
 6609  -3.737219E+01
 6610  -3.737508E+01
 6611  -3.737798E+01
 6612  -3.738087E+01
 6613  -3.738376E+01
 6614  -3.738666E+01
 6615  -3.738955E+01
 6616  -3.739244E+01
 6617  -3.739533E+01
 6618  -3.739822E+01
 6619  -3.740111E+01
 6620  -3.740400E+01
 6621  -3.740688E+01
 6622  -3.740977E+01
 6623  -3.741266E+01
 6624  -3.741554E+01
 6625  -3.741843E+01
 6626  -3.742131E+01
 6627  -3.742420E+01
 6628  -3.742708E+01
 6629  -3.742997E+01
 6630  -3.743285E+01
 6631  -3.743574E+01
 6632  -3.743862E+01
 6633  -3.744150E+01
 6634  -3.744439E+01
 6635  -3.744727E+01
 6636  -3.745015E+01
 6637  -3.745303E+01
 6638  -3.745591E+01
 6639  -3.745879E+01
 6640  -3.746167E+01
 6641  -3.746455E+01
 6642  -3.746742E+01
 6643  -3.747030E+01
 6644  -3.747317E+01
 6645  -3.747605E+01
 6646  -3.747892E+01
 6647  -3.748180E+01
 6648  -3.748467E+01
 6649  -3.748754E+01
 6650  -3.749041E+01
 6651  -3.749328E+01
 6652  -3.749615E+01
 6653  -3.749902E+01
 6654  -3.750189E+01
 6655  -3.750476E+01
 6656  -3.750763E+01
 6657  -3.751049E+01
 6658  -3.751336E+01
 6659  -3.751623E+01
 6660  -3.751909E+01
 6661  -3.752195E+01
 6662  -3.752482E+01
 6663  -3.752768E+01
 6664  -3.753054E+01
 6665  -3.753340E+01
 6666  -3.753626E+01
 6667  -3.753912E+01
 6668  -3.754198E+01
 6669  -3.754484E+01
 6670  -3.754770E+01
 6671  -3.755055E+01
 6672  -3.755341E+01
 6673  -3.755626E+01
 6674  -3.755912E+01
 6675  -3.756197E+01
 6676  -3.756483E+01
 6677  -3.756768E+01
 6678  -3.757053E+01
 6679  -3.757338E+01
 6680  -3.757623E+01
 6681  -3.757908E+01
 6682  -3.758193E+01
 6683  -3.758478E+01
 6684  -3.758762E+01
 6685  -3.759047E+01
 6686  -3.759332E+01
 6687  -3.759616E+01
 6688  -3.759901E+01
 6689  -3.760186E+01
 6690  -3.760471E+01
 6691  -3.760756E+01
 6692  -3.761041E+01
 6693  -3.761325E+01
 6694  -3.761610E+01
 6695  -3.761895E+01
 6696  -3.762179E+01
 6697  -3.762464E+01
 6698  -3.762748E+01
 6699  -3.763032E+01
 6700  -3.763316E+01
 6701  -3.763601E+01
 6702  -3.763885E+01
 6703  -3.764169E+01
 6704  -3.764453E+01
 6705  -3.764736E+01
 6706  -3.765020E+01
 6707  -3.765304E+01
 6708  -3.765588E+01
 6709  -3.765871E+01
 6710  -3.766155E+01
 6711  -3.766438E+01
 6712  -3.766721E+01
 6713  -3.767005E+01
 6714  -3.767288E+01
 6715  -3.767571E+01
 6716  -3.767854E+01
 6717  -3.768137E+01
 6718  -3.768420E+01
 6719  -3.768702E+01
 6720  -3.768985E+01
 6721  -3.769268E+01
 6722  -3.769550E+01
 6723  -3.769833E+01
 6724  -3.770115E+01
 6725  -3.770398E+01
 6726  -3.770680E+01
 6727  -3.770962E+01
 6728  -3.771244E+01
 6729  -3.771526E+01
 6730  -3.771808E+01
 6731  -3.772090E+01
 6732  -3.772372E+01
 6733  -3.772654E+01
 6734  -3.772935E+01
 6735  -3.773217E+01
 6736  -3.773498E+01
 6737  -3.773780E+01
 6738  -3.774061E+01
 6739  -3.774343E+01
 6740  -3.774624E+01
 6741  -3.774905E+01
 6742  -3.775186E+01
 6743  -3.775467E+01
 6744  -3.775748E+01
 6745  -3.776028E+01
 6746  -3.776309E+01
 6747  -3.776590E+01
 6748  -3.776870E+01
 6749  -3.777151E+01
 6750  -3.777431E+01
 6751  -3.777712E+01
 6752  -3.777992E+01
 6753  -3.778272E+01
 6754  -3.778552E+01
 6755  -3.778832E+01
 6756  -3.779112E+01
 6757  -3.779392E+01
 6758  -3.779671E+01
 6759  -3.779951E+01
 6760  -3.780231E+01
 6761  -3.780510E+01
 6762  -3.780790E+01
 6763  -3.781069E+01
 6764  -3.781348E+01
 6765  -3.781627E+01
 6766  -3.781906E+01
 6767  -3.782185E+01
 6768  -3.782464E+01
 6769  -3.782743E+01
 6770  -3.783022E+01
 6771  -3.783301E+01
 6772  -3.783579E+01
 6773  -3.783858E+01
 6774  -3.784136E+01
 6775  -3.784414E+01
 6776  -3.784693E+01
 6777  -3.784971E+01
 6778  -3.785249E+01
 6779  -3.785527E+01
 6780  -3.785805E+01
 6781  -3.786083E+01
 6782  -3.786360E+01
 6783  -3.786638E+01
 6784  -3.786916E+01
 6785  -3.787193E+01
 6786  -3.787470E+01
 6787  -3.787748E+01
 6788  -3.788025E+01
 6789  -3.788302E+01
 6790  -3.788579E+01
 6791  -3.788856E+01
 6792  -3.789133E+01
 6793  -3.789410E+01
 6794  -3.789686E+01
 6795  -3.789963E+01
 6796  -3.790239E+01
 6797  -3.790516E+01
 6798  -3.790792E+01
 6799  -3.791068E+01
 6800  -3.791344E+01
 6801  -3.791620E+01
 6802  -3.791896E+01
 6803  -3.792172E+01
 6804  -3.792448E+01
 6805  -3.792724E+01
 6806  -3.792999E+01
 6807  -3.793275E+01
 6808  -3.793550E+01
 6809  -3.793825E+01
 6810  -3.794100E+01
 6811  -3.794376E+01
 6812  -3.794651E+01
 6813  -3.794925E+01
 6814  -3.795200E+01
 6815  -3.795475E+01
 6816  -3.795750E+01
 6817  -3.796024E+01
 6818  -3.796299E+01
 6819  -3.796573E+01
 6820  -3.796847E+01
 6821  -3.797121E+01
 6822  -3.797395E+01
 6823  -3.797669E+01
 6824  -3.797943E+01
 6825  -3.798217E+01
 6826  -3.798490E+01
 6827  -3.798764E+01
 6828  -3.799037E+01
 6829  -3.799311E+01
 6830  -3.799584E+01
 6831  -3.799857E+01
 6832  -3.800130E+01
 6833  -3.800403E+01
 6834  -3.800676E+01
 6835  -3.800949E+01
 6836  -3.801221E+01
 6837  -3.801494E+01
 6838  -3.801766E+01
 6839  -3.802039E+01
 6840  -3.802311E+01
 6841  -3.802583E+01
 6842  -3.802855E+01
 6843  -3.803127E+01
 6844  -3.803399E+01
 6845  -3.803670E+01
 6846  -3.803942E+01
 6847  -3.804213E+01
 6848  -3.804485E+01
 6849  -3.804756E+01
 6850  -3.805027E+01
 6851  -3.805298E+01
 6852  -3.805569E+01
 6853  -3.805840E+01
 6854  -3.806111E+01
 6855  -3.806382E+01
 6856  -3.806652E+01
 6857  -3.806922E+01
 6858  -3.807193E+01
 6859  -3.807463E+01
 6860  -3.807733E+01
 6861  -3.808003E+01
 6862  -3.808273E+01
 6863  -3.808543E+01
 6864  -3.808812E+01
 6865  -3.809082E+01
 6866  -3.809351E+01
 6867  -3.809620E+01
 6868  -3.809890E+01
 6869  -3.810159E+01
 6870  -3.810428E+01
 6871  -3.810696E+01
 6872  -3.810965E+01
 6873  -3.811234E+01
 6874  -3.811502E+01
 6875  -3.811771E+01
 6876  -3.812039E+01
 6877  -3.812307E+01
 6878  -3.812575E+01
 6879  -3.812843E+01
 6880  -3.813111E+01
 6881  -3.813378E+01
 6882  -3.813646E+01
 6883  -3.813913E+01
 6884  -3.814181E+01
 6885  -3.814448E+01
 6886  -3.814715E+01
 6887  -3.814982E+01
 6888  -3.815249E+01
 6889  -3.815515E+01
 6890  -3.815782E+01
 6891  -3.816048E+01
 6892  -3.816315E+01
 6893  -3.816581E+01
 6894  -3.816847E+01
 6895  -3.817113E+01
 6896  -3.817379E+01
 6897  -3.817644E+01
 6898  -3.817910E+01
 6899  -3.818175E+01
 6900  -3.818441E+01
 6901  -3.818706E+01
 6902  -3.818971E+01
 6903  -3.819236E+01
 6904  -3.819501E+01
 6905  -3.819765E+01
 6906  -3.820030E+01
 6907  -3.820294E+01
 6908  -3.820558E+01
 6909  -3.820823E+01
 6910  -3.821087E+01
 6911  -3.821351E+01
 6912  -3.821614E+01
 6913  -3.821878E+01
 6914  -3.822141E+01
 6915  -3.822405E+01
 6916  -3.822668E+01
 6917  -3.822931E+01
 6918  -3.823194E+01
 6919  -3.823457E+01
 6920  -3.823719E+01
 6921  -3.823982E+01
 6922  -3.824244E+01
 6923  -3.824507E+01
 6924  -3.824769E+01
 6925  -3.825031E+01
 6926  -3.825293E+01
 6927  -3.825554E+01
 6928  -3.825816E+01
 6929  -3.826077E+01
 6930  -3.826339E+01
 6931  -3.826600E+01
 6932  -3.826861E+01
 6933  -3.827122E+01
 6934  -3.827383E+01
 6935  -3.827643E+01
 6936  -3.827904E+01
 6937  -3.828164E+01
 6938  -3.828424E+01
 6939  -3.828684E+01
 6940  -3.828944E+01
 6941  -3.829204E+01
 6942  -3.829463E+01
 6943  -3.829723E+01
 6944  -3.829982E+01
 6945  -3.830241E+01
 6946  -3.830500E+01
 6947  -3.830759E+01
 6948  -3.831018E+01
 6949  -3.831276E+01
 6950  -3.831535E+01
 6951  -3.831793E+01
 6952  -3.832051E+01
 6953  -3.832309E+01
 6954  -3.832567E+01
 6955  -3.832824E+01
 6956  -3.833082E+01
 6957  -3.833339E+01
 6958  -3.833597E+01
 6959  -3.833854E+01
 6960  -3.834110E+01
 6961  -3.834367E+01
 6962  -3.834624E+01
 6963  -3.834880E+01
 6964  -3.835136E+01
 6965  -3.835393E+01
 6966  -3.835649E+01
 6967  -3.835904E+01
 6968  -3.836160E+01
 6969  -3.836416E+01
 6970  -3.836671E+01
 6971  -3.836926E+01
 6972  -3.837181E+01
 6973  -3.837436E+01
 6974  -3.837691E+01
 6975  -3.837945E+01
 6976  -3.838200E+01
 6977  -3.838454E+01
 6978  -3.838708E+01
 6979  -3.838962E+01
 6980  -3.839215E+01
 6981  -3.839469E+01
 6982  -3.839722E+01
 6983  -3.839976E+01
 6984  -3.840229E+01
 6985  -3.840482E+01
 6986  -3.840734E+01
 6987  -3.840987E+01
 6988  -3.841239E+01
 6989  -3.841492E+01
 6990  -3.841744E+01
 6991  -3.841996E+01
 6992  -3.842248E+01
 6993  -3.842499E+01
 6994  -3.842751E+01
 6995  -3.843002E+01
 6996  -3.843253E+01
 6997  -3.843504E+01
 6998  -3.843755E+01
 6999  -3.844005E+01
 7000  -3.844256E+01
 7001  -3.844506E+01
 7002  -3.844756E+01
 7003  -3.845006E+01
 7004  -3.845255E+01
 7005  -3.845505E+01
 7006  -3.845754E+01
 7007  -3.846004E+01
 7008  -3.846253E+01
 7009  -3.846502E+01
 7010  -3.846750E+01
 7011  -3.846999E+01
 7012  -3.847247E+01
 7013  -3.847495E+01
 7014  -3.847743E+01
 7015  -3.847991E+01
 7016  -3.848239E+01
 7017  -3.848486E+01
 7018  -3.848733E+01
 7019  -3.848980E+01
 7020  -3.849227E+01
 7021  -3.849474E+01
 7022  -3.849721E+01
 7023  -3.849967E+01
 7024  -3.850213E+01
 7025  -3.850459E+01
 7026  -3.850705E+01
 7027  -3.850951E+01
 7028  -3.851196E+01
 7029  -3.851442E+01
 7030  -3.851687E+01
 7031  -3.851932E+01
 7032  -3.852176E+01
 7033  -3.852421E+01
 7034  -3.852665E+01
 7035  -3.852910E+01
 7036  -3.853154E+01
 7037  -3.853398E+01
 7038  -3.853641E+01
 7039  -3.853885E+01
 7040  -3.854128E+01
 7041  -3.854371E+01
 7042  -3.854614E+01
 7043  -3.854857E+01
 7044  -3.855099E+01
 7045  -3.855342E+01
 7046  -3.855584E+01
 7047  -3.855826E+01
 7048  -3.856068E+01
 7049  -3.856309E+01
 7050  -3.856551E+01
 7051  -3.856792E+01
 7052  -3.857033E+01
 7053  -3.857274E+01
 7054  -3.857515E+01
 7055  -3.857755E+01
 7056  -3.857995E+01
 7057  -3.858235E+01
 7058  -3.858475E+01
 7059  -3.858715E+01
 7060  -3.858955E+01
 7061  -3.859194E+01
 7062  -3.859433E+01
 7063  -3.859672E+01
 7064  -3.859911E+01
 7065  -3.860149E+01
 7066  -3.860388E+01
 7067  -3.860626E+01
 7068  -3.860864E+01
 7069  -3.861102E+01
 7070  -3.861339E+01
 7071  -3.861577E+01
 7072  -3.861814E+01
 7073  -3.862051E+01
 7074  -3.862288E+01
 7075  -3.862524E+01
 7076  -3.862761E+01
 7077  -3.862997E+01
 7078  -3.863233E+01
 7079  -3.863469E+01
 7080  -3.863705E+01
 7081  -3.863940E+01
 7082  -3.864175E+01
 7083  -3.864410E+01
 7084  -3.864645E+01
 7085  -3.864880E+01
 7086  -3.865114E+01
 7087  -3.865349E+01
 7088  -3.865583E+01
 7089  -3.865817E+01
 7090  -3.866050E+01
 7091  -3.866284E+01
 7092  -3.866517E+01
 7093  -3.866750E+01
 7094  -3.866983E+01
 7095  -3.867216E+01
 7096  -3.867448E+01
 7097  -3.867681E+01
 7098  -3.867913E+01
 7099  -3.868144E+01
 7100  -3.868376E+01
 7101  -3.868608E+01
 7102  -3.868839E+01
 7103  -3.869070E+01
 7104  -3.869301E+01
 7105  -3.869532E+01
 7106  -3.869762E+01
 7107  -3.869992E+01
 7108  -3.870222E+01
 7109  -3.870452E+01
 7110  -3.870682E+01
 7111  -3.870911E+01
 7112  -3.871141E+01
 7113  -3.871370E+01
 7114  -3.871599E+01
 7115  -3.871827E+01
 7116  -3.872056E+01
 7117  -3.872284E+01
 7118  -3.872512E+01
 7119  -3.872740E+01
 7120  -3.872967E+01
 7121  -3.873195E+01
 7122  -3.873422E+01
 7123  -3.873649E+01
 7124  -3.873876E+01
 7125  -3.874103E+01
 7126  -3.874329E+01
 7127  -3.874555E+01
 7128  -3.874781E+01
 7129  -3.875007E+01
 7130  -3.875233E+01
 7131  -3.875458E+01
 7132  -3.875683E+01
 7133  -3.875908E+01
 7134  -3.876133E+01
 7135  -3.876358E+01
 7136  -3.876582E+01
 7137  -3.876806E+01
 7138  -3.877030E+01
 7139  -3.877254E+01
 7140  -3.877477E+01
 7141  -3.877701E+01
 7142  -3.877924E+01
 7143  -3.878147E+01
 7144  -3.878369E+01
 7145  -3.878592E+01
 7146  -3.878814E+01
 7147  -3.879036E+01
 7148  -3.879258E+01
 7149  -3.879480E+01
 7150  -3.879701E+01
 7151  -3.879923E+01
 7152  -3.880144E+01
 7153  -3.880364E+01
 7154  -3.880585E+01
 7155  -3.880806E+01
 7156  -3.881026E+01
 7157  -3.881246E+01
 7158  -3.881466E+01
 7159  -3.881685E+01
 7160  -3.881905E+01
 7161  -3.882124E+01
 7162  -3.882343E+01
 7163  -3.882562E+01
 7164  -3.882780E+01
 7165  -3.882998E+01
 7166  -3.883217E+01
 7167  -3.883435E+01
 7168  -3.883652E+01
 7169  -3.883870E+01
 7170  -3.884087E+01
 7171  -3.884304E+01
 7172  -3.884521E+01
 7173  -3.884738E+01
 7174  -3.884954E+01
 7175  -3.885171E+01
 7176  -3.885387E+01
 7177  -3.885603E+01
 7178  -3.885818E+01
 7179  -3.886034E+01
 7180  -3.886249E+01
 7181  -3.886464E+01
 7182  -3.886679E+01
 7183  -3.886893E+01
 7184  -3.887108E+01
 7185  -3.887322E+01
 7186  -3.887536E+01
 7187  -3.887750E+01
 7188  -3.887963E+01
 7189  -3.888177E+01
 7190  -3.888390E+01
 7191  -3.888603E+01
 7192  -3.888815E+01
 7193  -3.889028E+01
 7194  -3.889240E+01
 7195  -3.889452E+01
 7196  -3.889664E+01
 7197  -3.889876E+01
 7198  -3.890087E+01
 7199  -3.890299E+01
 7200  -3.890510E+01
 7201  -3.890721E+01
 7202  -3.890931E+01
 7203  -3.891142E+01
 7204  -3.891352E+01
 7205  -3.891562E+01
 7206  -3.891772E+01
 7207  -3.891981E+01
 7208  -3.892191E+01
 7209  -3.892400E+01
 7210  -3.892609E+01
 7211  -3.892818E+01
 7212  -3.893026E+01
 7213  -3.893235E+01
 7214  -3.893443E+01
 7215  -3.893651E+01
 7216  -3.893858E+01
 7217  -3.894066E+01
 7218  -3.894273E+01
 7219  -3.894480E+01
 7220  -3.894687E+01
 7221  -3.894894E+01
 7222  -3.895100E+01
 7223  -3.895306E+01
 7224  -3.895513E+01
 7225  -3.895718E+01
 7226  -3.895924E+01
 7227  -3.896129E+01
 7228  -3.896335E+01
 7229  -3.896540E+01
 7230  -3.896744E+01
 7231  -3.896949E+01
 7232  -3.897153E+01
 7233  -3.897358E+01
 7234  -3.897562E+01
 7235  -3.897765E+01
 7236  -3.897969E+01
 7237  -3.898172E+01
 7238  -3.898375E+01
 7239  -3.898578E+01
 7240  -3.898781E+01
 7241  -3.898984E+01
 7242  -3.899186E+01
 7243  -3.899388E+01
 7244  -3.899590E+01
 7245  -3.899791E+01
 7246  -3.899993E+01
 7247  -3.900194E+01
 7248  -3.900395E+01
 7249  -3.900596E+01
 7250  -3.900797E+01
 7251  -3.900997E+01
 7252  -3.901197E+01
 7253  -3.901397E+01
 7254  -3.901597E+01
 7255  -3.901797E+01
 7256  -3.901996E+01
 7257  -3.902195E+01
 7258  -3.902394E+01
 7259  -3.902593E+01
 7260  -3.902792E+01
 7261  -3.902990E+01
 7262  -3.903188E+01
 7263  -3.903386E+01
 7264  -3.903584E+01
 7265  -3.903781E+01
 7266  -3.903979E+01
 7267  -3.904176E+01
 7268  -3.904373E+01
 7269  -3.904569E+01
 7270  -3.904766E+01
 7271  -3.904962E+01
 7272  -3.905158E+01
 7273  -3.905354E+01
 7274  -3.905550E+01
 7275  -3.905745E+01
 7276  -3.905940E+01
 7277  -3.906136E+01
 7278  -3.906330E+01
 7279  -3.906525E+01
 7280  -3.906719E+01
 7281  -3.906914E+01
 7282  -3.907108E+01
 7283  -3.907301E+01
 7284  -3.907495E+01
 7285  -3.907688E+01
 7286  -3.907882E+01
 7287  -3.908075E+01
 7288  -3.908267E+01
 7289  -3.908460E+01
 7290  -3.908652E+01
 7291  -3.908844E+01
 7292  -3.909036E+01
 7293  -3.909228E+01
 7294  -3.909420E+01
 7295  -3.909611E+01
 7296  -3.909802E+01
 7297  -3.909993E+01
 7298  -3.910184E+01
 7299  -3.910374E+01
 7300  -3.910564E+01
 7301  -3.910754E+01
 7302  -3.910944E+01
 7303  -3.911134E+01
 7304  -3.911323E+01
 7305  -3.911513E+01
 7306  -3.911702E+01
 7307  -3.911891E+01
 7308  -3.912079E+01
 7309  -3.912268E+01
 7310  -3.912456E+01
 7311  -3.912644E+01
 7312  -3.912832E+01
 7313  -3.913019E+01
 7314  -3.913207E+01
 7315  -3.913394E+01
 7316  -3.913581E+01
 7317  -3.913768E+01
 7318  -3.913954E+01
 7319  -3.914141E+01
 7320  -3.914327E+01
 7321  -3.914513E+01
 7322  -3.914698E+01
 7323  -3.914884E+01
 7324  -3.915069E+01
 7325  -3.915254E+01
 7326  -3.915439E+01
 7327  -3.915624E+01
 7328  -3.915809E+01
 7329  -3.915993E+01
 7330  -3.916177E+01
 7331  -3.916361E+01
 7332  -3.916545E+01
 7333  -3.916728E+01
 7334  -3.916911E+01
 7335  -3.917094E+01
 7336  -3.917277E+01
 7337  -3.917460E+01
 7338  -3.917642E+01
 7339  -3.917825E+01
 7340  -3.918007E+01
 7341  -3.918189E+01
 7342  -3.918370E+01
 7343  -3.918552E+01
 7344  -3.918733E+01
 7345  -3.918914E+01
 7346  -3.919095E+01
 7347  -3.919275E+01
 7348  -3.919456E+01
 7349  -3.919636E+01
 7350  -3.919816E+01
 7351  -3.919996E+01
 7352  -3.920175E+01
 7353  -3.920355E+01
 7354  -3.920534E+01
 7355  -3.920713E+01
 7356  -3.920892E+01
 7357  -3.921070E+01
 7358  -3.921249E+01
 7359  -3.921427E+01
 7360  -3.921605E+01
 7361  -3.921782E+01
 7362  -3.921960E+01
 7363  -3.922137E+01
 7364  -3.922314E+01
 7365  -3.922491E+01
 7366  -3.922668E+01
 7367  -3.922844E+01
 7368  -3.923021E+01
 7369  -3.923197E+01
 7370  -3.923373E+01
 7371  -3.923548E+01
 7372  -3.923724E+01
 7373  -3.923899E+01
 7374  -3.924074E+01
 7375  -3.924249E+01
 7376  -3.924424E+01
 7377  -3.924598E+01
 7378  -3.924773E+01
 7379  -3.924947E+01
 7380  -3.925120E+01
 7381  -3.925294E+01
 7382  -3.925468E+01
 7383  -3.925641E+01
 7384  -3.925814E+01
 7385  -3.925987E+01
 7386  -3.926159E+01
 7387  -3.926332E+01
 7388  -3.926504E+01
 7389  -3.926676E+01
 7390  -3.926848E+01
 7391  -3.927019E+01
 7392  -3.927191E+01
 7393  -3.927362E+01
 7394  -3.927533E+01
 7395  -3.927704E+01
 7396  -3.927874E+01
 7397  -3.928045E+01
 7398  -3.928215E+01
 7399  -3.928385E+01
 7400  -3.928554E+01
 7401  -3.928724E+01
 7402  -3.928893E+01
 7403  -3.929062E+01
 7404  -3.929231E+01
 7405  -3.929400E+01
 7406  -3.929569E+01
 7407  -3.929737E+01
 7408  -3.929905E+01
 7409  -3.930073E+01
 7410  -3.930241E+01
 7411  -3.930408E+01
 7412  -3.930576E+01
 7413  -3.930743E+01
 7414  -3.930910E+01
 7415  -3.931076E+01
 7416  -3.931243E+01
 7417  -3.931409E+01
 7418  -3.931575E+01
 7419  -3.931741E+01
 7420  -3.931907E+01
 7421  -3.932072E+01
 7422  -3.932237E+01
 7423  -3.932403E+01
 7424  -3.932567E+01
 7425  -3.932732E+01
 7426  -3.932897E+01
 7427  -3.933061E+01
 7428  -3.933225E+01
 7429  -3.933389E+01
 7430  -3.933552E+01
 7431  -3.933716E+01
 7432  -3.933879E+01
 7433  -3.934042E+01
 7434  -3.934205E+01
 7435  -3.934368E+01
 7436  -3.934530E+01
 7437  -3.934692E+01
 7438  -3.934854E+01
 7439  -3.935016E+01
 7440  -3.935178E+01
 7441  -3.935339E+01
 7442  -3.935500E+01
 7443  -3.935661E+01
 7444  -3.935822E+01
 7445  -3.935983E+01
 7446  -3.936143E+01
 7447  -3.936303E+01
 7448  -3.936463E+01
 7449  -3.936623E+01
 7450  -3.936783E+01
 7451  -3.936942E+01
 7452  -3.937101E+01
 7453  -3.937260E+01
 7454  -3.937419E+01
 7455  -3.937578E+01
 7456  -3.937736E+01
 7457  -3.937894E+01
 7458  -3.938052E+01
 7459  -3.938210E+01
 7460  -3.938368E+01
 7461  -3.938525E+01
 7462  -3.938682E+01
 7463  -3.938839E+01
 7464  -3.938996E+01
 7465  -3.939153E+01
 7466  -3.939309E+01
 7467  -3.939465E+01
 7468  -3.939621E+01
 7469  -3.939777E+01
 7470  -3.939933E+01
 7471  -3.940088E+01
 7472  -3.940243E+01
 7473  -3.940398E+01
 7474  -3.940553E+01
 7475  -3.940708E+01
 7476  -3.940862E+01
 7477  -3.941016E+01
 7478  -3.941170E+01
 7479  -3.941324E+01
 7480  -3.941478E+01
 7481  -3.941631E+01
 7482  -3.941784E+01
 7483  -3.941937E+01
 7484  -3.942090E+01
 7485  -3.942243E+01
 7486  -3.942395E+01
 7487  -3.942547E+01
 7488  -3.942699E+01
 7489  -3.942851E+01
 7490  -3.943003E+01
 7491  -3.943154E+01
 7492  -3.943305E+01
 7493  -3.943456E+01
 7494  -3.943607E+01
 7495  -3.943758E+01
 7496  -3.943908E+01
 7497  -3.944059E+01
 7498  -3.944209E+01
 7499  -3.944358E+01
 7500  -3.944508E+01
 7501  -3.944658E+01
 7502  -3.944807E+01
 7503  -3.944956E+01
 7504  -3.945105E+01
 7505  -3.945254E+01
 7506  -3.945402E+01
 7507  -3.945550E+01
 7508  -3.945698E+01
 7509  -3.945846E+01
 7510  -3.945994E+01
 7511  -3.946142E+01
 7512  -3.946289E+01
 7513  -3.946436E+01
 7514  -3.946583E+01
 7515  -3.946730E+01
 7516  -3.946876E+01
 7517  -3.947023E+01
 7518  -3.947169E+01
 7519  -3.947315E+01
 7520  -3.947461E+01
 7521  -3.947606E+01
 7522  -3.947752E+01
 7523  -3.947897E+01
 7524  -3.948042E+01
 7525  -3.948187E+01
 7526  -3.948332E+01
 7527  -3.948476E+01
 7528  -3.948620E+01
 7529  -3.948764E+01
 7530  -3.948908E+01
 7531  -3.949052E+01
 7532  -3.949196E+01
 7533  -3.949339E+01
 7534  -3.949482E+01
 7535  -3.949625E+01
 7536  -3.949768E+01
 7537  -3.949910E+01
 7538  -3.950053E+01
 7539  -3.950195E+01
 7540  -3.950337E+01
 7541  -3.950479E+01
 7542  -3.950620E+01
 7543  -3.950762E+01
 7544  -3.950903E+01
 7545  -3.951044E+01
 7546  -3.951185E+01
 7547  -3.951326E+01
 7548  -3.951467E+01
 7549  -3.951607E+01
 7550  -3.951747E+01
 7551  -3.951887E+01
 7552  -3.952027E+01
 7553  -3.952167E+01
 7554  -3.952306E+01
 7555  -3.952445E+01
 7556  -3.952584E+01
 7557  -3.952723E+01
 7558  -3.952862E+01
 7559  -3.953001E+01
 7560  -3.953139E+01
 7561  -3.953277E+01
 7562  -3.953415E+01
 7563  -3.953553E+01
 7564  -3.953691E+01
 7565  -3.953828E+01
 7566  -3.953965E+01
 7567  -3.954102E+01
 7568  -3.954239E+01
 7569  -3.954376E+01
 7570  -3.954513E+01
 7571  -3.954649E+01
 7572  -3.954785E+01
 7573  -3.954921E+01
 7574  -3.955057E+01
 7575  -3.955193E+01
 7576  -3.955328E+01
 7577  -3.955464E+01
 7578  -3.955599E+01
 7579  -3.955734E+01
 7580  -3.955869E+01
 7581  -3.956003E+01
 7582  -3.956138E+01
 7583  -3.956272E+01
 7584  -3.956406E+01
 7585  -3.956540E+01
 7586  -3.956674E+01
 7587  -3.956808E+01
 7588  -3.956941E+01
 7589  -3.957075E+01
 7590  -3.957208E+01
 7591  -3.957341E+01
 7592  -3.957473E+01
 7593  -3.957606E+01
 7594  -3.957738E+01
 7595  -3.957871E+01
 7596  -3.958003E+01
 7597  -3.958135E+01
 7598  -3.958267E+01
 7599  -3.958398E+01
 7600  -3.958530E+01
 7601  -3.958661E+01
 7602  -3.958792E+01
 7603  -3.958923E+01
 7604  -3.959054E+01
 7605  -3.959184E+01
 7606  -3.959315E+01
 7607  -3.959445E+01
 7608  -3.959575E+01
 7609  -3.959705E+01
 7610  -3.959835E+01
 7611  -3.959965E+01
 7612  -3.960094E+01
 7613  -3.960224E+01
 7614  -3.960354E+01
 7615  -3.960484E+01
 7616  -3.960613E+01
 7617  -3.960742E+01
 7618  -3.960871E+01
 7619  -3.961000E+01
 7620  -3.961129E+01
 7621  -3.961258E+01
 7622  -3.961386E+01
 7623  -3.961514E+01
 7624  -3.961642E+01
 7625  -3.961770E+01
 7626  -3.961898E+01
 7627  -3.962026E+01
 7628  -3.962154E+01
 7629  -3.962281E+01
 7630  -3.962408E+01
 7631  -3.962535E+01
 7632  -3.962662E+01
 7633  -3.962789E+01
 7634  -3.962916E+01
 7635  -3.963042E+01
 7636  -3.963168E+01
 7637  -3.963294E+01
 7638  -3.963420E+01
 7639  -3.963546E+01
 7640  -3.963672E+01
 7641  -3.963798E+01
 7642  -3.963923E+01
 7643  -3.964048E+01
 7644  -3.964173E+01
 7645  -3.964298E+01
 7646  -3.964423E+01
 7647  -3.964548E+01
 7648  -3.964673E+01
 7649  -3.964797E+01
 7650  -3.964921E+01
 7651  -3.965045E+01
 7652  -3.965169E+01
 7653  -3.965293E+01
 7654  -3.965417E+01
 7655  -3.965540E+01
 7656  -3.965664E+01
 7657  -3.965787E+01
 7658  -3.965910E+01
 7659  -3.966033E+01
 7660  -3.966156E+01
 7661  -3.966279E+01
 7662  -3.966401E+01
 7663  -3.966524E+01
 7664  -3.966646E+01
 7665  -3.966768E+01
 7666  -3.966890E+01
 7667  -3.967012E+01
 7668  -3.967134E+01
 7669  -3.967256E+01
 7670  -3.967377E+01
 7671  -3.967499E+01
 7672  -3.967620E+01
 7673  -3.967741E+01
 7674  -3.967862E+01
 7675  -3.967983E+01
 7676  -3.968103E+01
 7677  -3.968224E+01
 7678  -3.968344E+01
 7679  -3.968465E+01
 7680  -3.968585E+01
 7681  -3.968705E+01
 7682  -3.968825E+01
 7683  -3.968945E+01
 7684  -3.969064E+01
 7685  -3.969184E+01
 7686  -3.969303E+01
 7687  -3.969423E+01
 7688  -3.969542E+01
 7689  -3.969661E+01
 7690  -3.969780E+01
 7691  -3.969899E+01
 7692  -3.970017E+01
 7693  -3.970136E+01
 7694  -3.970255E+01
 7695  -3.970373E+01
 7696  -3.970491E+01
 7697  -3.970609E+01
 7698  -3.970727E+01
 7699  -3.970845E+01
 7700  -3.970963E+01
 7701  -3.971080E+01
 7702  -3.971198E+01
 7703  -3.971315E+01
 7704  -3.971433E+01
 7705  -3.971550E+01
 7706  -3.971667E+01
 7707  -3.971784E+01
 7708  -3.971900E+01
 7709  -3.972017E+01
 7710  -3.972134E+01
 7711  -3.972250E+01
 7712  -3.972367E+01
 7713  -3.972483E+01
 7714  -3.972599E+01
 7715  -3.972715E+01
 7716  -3.972831E+01
 7717  -3.972947E+01
 7718  -3.973062E+01
 7719  -3.973178E+01
 7720  -3.973294E+01
 7721  -3.973409E+01
 7722  -3.973524E+01
 7723  -3.973639E+01
 7724  -3.973754E+01
 7725  -3.973869E+01
 7726  -3.973984E+01
 7727  -3.974099E+01
 7728  -3.974214E+01
 7729  -3.974328E+01
 7730  -3.974443E+01
 7731  -3.974557E+01
 7732  -3.974671E+01
 7733  -3.974785E+01
 7734  -3.974899E+01
 7735  -3.975013E+01
 7736  -3.975127E+01
 7737  -3.975241E+01
 7738  -3.975355E+01
 7739  -3.975468E+01
 7740  -3.975582E+01
 7741  -3.975695E+01
 7742  -3.975808E+01
 7743  -3.975921E+01
 7744  -3.976034E+01
 7745  -3.976147E+01
 7746  -3.976260E+01
 7747  -3.976373E+01
 7748  -3.976486E+01
 7749  -3.976598E+01
 7750  -3.976711E+01
 7751  -3.976823E+01
 7752  -3.976936E+01
 7753  -3.977048E+01
 7754  -3.977160E+01
 7755  -3.977272E+01
 7756  -3.977384E+01
 7757  -3.977496E+01
 7758  -3.977608E+01
 7759  -3.977720E+01
 7760  -3.977831E+01
 7761  -3.977943E+01
 7762  -3.978054E+01
 7763  -3.978165E+01
 7764  -3.978277E+01
 7765  -3.978388E+01
 7766  -3.978499E+01
 7767  -3.978610E+01
 7768  -3.978721E+01
 7769  -3.978832E+01
 7770  -3.978943E+01
 7771  -3.979053E+01
 7772  -3.979164E+01
 7773  -3.979275E+01
 7774  -3.979385E+01
 7775  -3.979495E+01
 7776  -3.979606E+01
 7777  -3.979716E+01
 7778  -3.979826E+01
 7779  -3.979936E+01
 7780  -3.980046E+01
 7781  -3.980156E+01
 7782  -3.980266E+01
 7783  -3.980376E+01
 7784  -3.980485E+01
 7785  -3.980595E+01
 7786  -3.980705E+01
 7787  -3.980814E+01
 7788  -3.980923E+01
 7789  -3.981033E+01
 7790  -3.981142E+01
 7791  -3.981251E+01
 7792  -3.981360E+01
 7793  -3.981469E+01
 7794  -3.981578E+01
 7795  -3.981687E+01
 7796  -3.981796E+01
 7797  -3.981905E+01
 7798  -3.982014E+01
 7799  -3.982122E+01
 7800  -3.982231E+01
 7801  -3.982339E+01
 7802  -3.982448E+01
 7803  -3.982556E+01
 7804  -3.982664E+01
 7805  -3.982773E+01
 7806  -3.982881E+01
 7807  -3.982989E+01
 7808  -3.983097E+01
 7809  -3.983205E+01
 7810  -3.983313E+01
 7811  -3.983421E+01
 7812  -3.983529E+01
 7813  -3.983636E+01
 7814  -3.983744E+01
 7815  -3.983852E+01
 7816  -3.983959E+01
 7817  -3.984067E+01
 7818  -3.984174E+01
 7819  -3.984282E+01
 7820  -3.984389E+01
 7821  -3.984496E+01
 7822  -3.984603E+01
 7823  -3.984710E+01
 7824  -3.984818E+01
 7825  -3.984925E+01
 7826  -3.985032E+01
 7827  -3.985139E+01
 7828  -3.985245E+01
 7829  -3.985352E+01
 7830  -3.985459E+01
 7831  -3.985566E+01
 7832  -3.985672E+01
 7833  -3.985779E+01
 7834  -3.985886E+01
 7835  -3.985992E+01
 7836  -3.986099E+01
 7837  -3.986205E+01
 7838  -3.986311E+01
 7839  -3.986418E+01
 7840  -3.986524E+01
 7841  -3.986630E+01
 7842  -3.986736E+01
 7843  -3.986842E+01
 7844  -3.986949E+01
 7845  -3.987055E+01
 7846  -3.987161E+01
 7847  -3.987267E+01
 7848  -3.987372E+01
 7849  -3.987478E+01
 7850  -3.987584E+01
 7851  -3.987690E+01
 7852  -3.987796E+01
 7853  -3.987901E+01
 7854  -3.988007E+01
 7855  -3.988112E+01
 7856  -3.988218E+01
 7857  -3.988323E+01
 7858  -3.988429E+01
 7859  -3.988534E+01
 7860  -3.988640E+01
 7861  -3.988745E+01
 7862  -3.988850E+01
 7863  -3.988956E+01
 7864  -3.989061E+01
 7865  -3.989166E+01
 7866  -3.989271E+01
 7867  -3.989376E+01
 7868  -3.989481E+01
 7869  -3.989586E+01
 7870  -3.989691E+01
 7871  -3.989796E+01
 7872  -3.989901E+01
 7873  -3.990006E+01
 7874  -3.990111E+01
 7875  -3.990216E+01
 7876  -3.990321E+01
 7877  -3.990425E+01
 7878  -3.990530E+01
 7879  -3.990635E+01
 7880  -3.990739E+01
 7881  -3.990844E+01
 7882  -3.990949E+01
 7883  -3.991053E+01
 7884  -3.991158E+01
 7885  -3.991262E+01
 7886  -3.991367E+01
 7887  -3.991471E+01
 7888  -3.991576E+01
 7889  -3.991680E+01
 7890  -3.991784E+01
 7891  -3.991889E+01
 7892  -3.991993E+01
 7893  -3.992097E+01
 7894  -3.992201E+01
 7895  -3.992306E+01
 7896  -3.992410E+01
 7897  -3.992514E+01
 7898  -3.992618E+01
 7899  -3.992722E+01
 7900  -3.992826E+01
 7901  -3.992930E+01
 7902  -3.993034E+01
 7903  -3.993138E+01
 7904  -3.993242E+01
 7905  -3.993346E+01
 7906  -3.993450E+01
 7907  -3.993554E+01
 7908  -3.993658E+01
 7909  -3.993762E+01
 7910  -3.993866E+01
 7911  -3.993969E+01
 7912  -3.994073E+01
 7913  -3.994177E+01
 7914  -3.994281E+01
 7915  -3.994385E+01
 7916  -3.994488E+01
 7917  -3.994592E+01
 7918  -3.994696E+01
 7919  -3.994799E+01
 7920  -3.994903E+01
 7921  -3.995007E+01
 7922  -3.995110E+01
 7923  -3.995214E+01
 7924  -3.995317E+01
 7925  -3.995421E+01
 7926  -3.995525E+01
 7927  -3.995628E+01
 7928  -3.995732E+01
 7929  -3.995835E+01
 7930  -3.995939E+01
 7931  -3.996042E+01
 7932  -3.996145E+01
 7933  -3.996249E+01
 7934  -3.996352E+01
 7935  -3.996456E+01
 7936  -3.996559E+01
 7937  -3.996663E+01
 7938  -3.996766E+01
 7939  -3.996869E+01
 7940  -3.996973E+01
 7941  -3.997076E+01
 7942  -3.997179E+01
 7943  -3.997283E+01
 7944  -3.997386E+01
 7945  -3.997489E+01
 7946  -3.997592E+01
 7947  -3.997696E+01
 7948  -3.997799E+01
 7949  -3.997902E+01
 7950  -3.998005E+01
 7951  -3.998109E+01
 7952  -3.998212E+01
 7953  -3.998315E+01
 7954  -3.998418E+01
 7955  -3.998522E+01
 7956  -3.998625E+01
 7957  -3.998728E+01
 7958  -3.998831E+01
 7959  -3.998934E+01
 7960  -3.999038E+01
 7961  -3.999141E+01
 7962  -3.999244E+01
 7963  -3.999347E+01
 7964  -3.999450E+01
 7965  -3.999553E+01
 7966  -3.999657E+01
 7967  -3.999760E+01
 7968  -3.999863E+01
 7969  -3.999966E+01
 7970  -4.000069E+01
 7971  -4.000172E+01
 7972  -4.000275E+01
 7973  -4.000378E+01
 7974  -4.000482E+01
 7975  -4.000585E+01
 7976  -4.000688E+01
 7977  -4.000791E+01
 7978  -4.000894E+01
 7979  -4.000997E+01
 7980  -4.001100E+01
 7981  -4.001203E+01
 7982  -4.001307E+01
 7983  -4.001410E+01
 7984  -4.001513E+01
 7985  -4.001616E+01
 7986  -4.001719E+01
 7987  -4.001822E+01
 7988  -4.001925E+01
 7989  -4.002029E+01
 7990  -4.002132E+01
 7991  -4.002235E+01
 7992  -4.002338E+01
 7993  -4.002441E+01
 7994  -4.002544E+01
 7995  -4.002647E+01
 7996  -4.002751E+01
 7997  -4.002854E+01
 7998  -4.002957E+01
 7999  -4.003060E+01
 8000  -4.003163E+01
 8001  -4.003266E+01
 8002  -4.003370E+01
 8003  -4.003473E+01
 8004  -4.003576E+01
 8005  -4.003679E+01
 8006  -4.003782E+01
 8007  -4.003886E+01
 8008  -4.003989E+01
 8009  -4.004092E+01
 8010  -4.004195E+01
 8011  -4.004299E+01
 8012  -4.004402E+01
 8013  -4.004505E+01
 8014  -4.004608E+01
 8015  -4.004712E+01
 8016  -4.004815E+01
 8017  -4.004918E+01
 8018  -4.005022E+01
 8019  -4.005125E+01
 8020  -4.005228E+01
 8021  -4.005332E+01
 8022  -4.005435E+01
 8023  -4.005538E+01
 8024  -4.005642E+01
 8025  -4.005745E+01
 8026  -4.005849E+01
 8027  -4.005952E+01
 8028  -4.006056E+01
 8029  -4.006159E+01
 8030  -4.006262E+01
 8031  -4.006366E+01
 8032  -4.006469E+01
 8033  -4.006573E+01
 8034  -4.006676E+01
 8035  -4.006780E+01
 8036  -4.006883E+01
 8037  -4.006987E+01
 8038  -4.007091E+01
 8039  -4.007194E+01
 8040  -4.007298E+01
 8041  -4.007401E+01
 8042  -4.007505E+01
 8043  -4.007609E+01
 8044  -4.007712E+01
 8045  -4.007816E+01
 8046  -4.007920E+01
 8047  -4.008023E+01
 8048  -4.008127E+01
 8049  -4.008231E+01
 8050  -4.008335E+01
 8051  -4.008438E+01
 8052  -4.008542E+01
 8053  -4.008646E+01
 8054  -4.008750E+01
 8055  -4.008854E+01
 8056  -4.008958E+01
 8057  -4.009062E+01
 8058  -4.009165E+01
 8059  -4.009269E+01
 8060  -4.009373E+01
 8061  -4.009477E+01
 8062  -4.009581E+01
 8063  -4.009685E+01
 8064  -4.009789E+01
 8065  -4.009893E+01
 8066  -4.009998E+01
 8067  -4.010102E+01
 8068  -4.010206E+01
 8069  -4.010310E+01
 8070  -4.010414E+01
 8071  -4.010518E+01
 8072  -4.010622E+01
 8073  -4.010727E+01
 8074  -4.010831E+01
 8075  -4.010935E+01
 8076  -4.011040E+01
 8077  -4.011144E+01
 8078  -4.011248E+01
 8079  -4.011353E+01
 8080  -4.011457E+01
 8081  -4.011561E+01
 8082  -4.011666E+01
 8083  -4.011770E+01
 8084  -4.011875E+01
 8085  -4.011979E+01
 8086  -4.012084E+01
 8087  -4.012188E+01
 8088  -4.012293E+01
 8089  -4.012398E+01
 8090  -4.012502E+01
 8091  -4.012607E+01
 8092  -4.012712E+01
 8093  -4.012816E+01
 8094  -4.012921E+01
 8095  -4.013026E+01
 8096  -4.013131E+01
 8097  -4.013236E+01
 8098  -4.013340E+01
 8099  -4.013445E+01
 8100  -4.013550E+01
 8101  -4.013655E+01
 8102  -4.013760E+01
 8103  -4.013865E+01
 8104  -4.013970E+01
 8105  -4.014075E+01
 8106  -4.014180E+01
 8107  -4.014286E+01
 8108  -4.014391E+01
 8109  -4.014496E+01
 8110  -4.014601E+01
 8111  -4.014706E+01
 8112  -4.014812E+01
 8113  -4.014917E+01
 8114  -4.015022E+01
 8115  -4.015128E+01
 8116  -4.015233E+01
 8117  -4.015339E+01
 8118  -4.015444E+01
 8119  -4.015549E+01
 8120  -4.015655E+01
 8121  -4.015761E+01
 8122  -4.015866E+01
 8123  -4.015972E+01
 8124  -4.016077E+01
 8125  -4.016183E+01
 8126  -4.016289E+01
 8127  -4.016395E+01
 8128  -4.016500E+01
 8129  -4.016606E+01
 8130  -4.016712E+01
 8131  -4.016818E+01
 8132  -4.016924E+01
 8133  -4.017030E+01
 8134  -4.017136E+01
 8135  -4.017242E+01
 8136  -4.017348E+01
 8137  -4.017454E+01
 8138  -4.017560E+01
 8139  -4.017666E+01
 8140  -4.017773E+01
 8141  -4.017879E+01
 8142  -4.017985E+01
 8143  -4.018092E+01
 8144  -4.018198E+01
 8145  -4.018304E+01
 8146  -4.018411E+01
 8147  -4.018517E+01
 8148  -4.018624E+01
 8149  -4.018730E+01
 8150  -4.018837E+01
 8151  -4.018944E+01
 8152  -4.019050E+01
 8153  -4.019157E+01
 8154  -4.019264E+01
 8155  -4.019370E+01
 8156  -4.019477E+01
 8157  -4.019584E+01
 8158  -4.019691E+01
 8159  -4.019798E+01
 8160  -4.019905E+01
 8161  -4.020012E+01
 8162  -4.020119E+01
 8163  -4.020226E+01
 8164  -4.020333E+01
 8165  -4.020440E+01
 8166  -4.020548E+01
 8167  -4.020655E+01
 8168  -4.020762E+01
 8169  -4.020870E+01
 8170  -4.020977E+01
 8171  -4.021084E+01
 8172  -4.021192E+01
 8173  -4.021299E+01
 8174  -4.021407E+01
 8175  -4.021514E+01
 8176  -4.021622E+01
 8177  -4.021730E+01
 8178  -4.021838E+01
 8179  -4.021945E+01
 8180  -4.022053E+01
 8181  -4.022161E+01
 8182  -4.022269E+01
 8183  -4.022377E+01
 8184  -4.022485E+01
 8185  -4.022593E+01
 8186  -4.022701E+01
 8187  -4.022809E+01
 8188  -4.022917E+01
 8189  -4.023025E+01
 8190  -4.023134E+01
 8191  -4.023242E+01
 8192  -4.023350E+01
 8193  -4.023459E+01
 8194  -4.023567E+01
 8195  -4.023676E+01
 8196  -4.023784E+01
 8197  -4.023893E+01
 8198  -4.024001E+01
 8199  -4.024110E+01
 8200  -4.024219E+01
 8201  -4.024328E+01
 8202  -4.024436E+01
 8203  -4.024545E+01
 8204  -4.024654E+01
 8205  -4.024763E+01
 8206  -4.024872E+01
 8207  -4.024981E+01
 8208  -4.025090E+01
 8209  -4.025199E+01
 8210  -4.025309E+01
 8211  -4.025418E+01
 8212  -4.025527E+01
 8213  -4.025636E+01
 8214  -4.025746E+01
 8215  -4.025855E+01
 8216  -4.025965E+01
 8217  -4.026074E+01
 8218  -4.026184E+01
 8219  -4.026294E+01
 8220  -4.026403E+01
 8221  -4.026513E+01
 8222  -4.026623E+01
 8223  -4.026733E+01
 8224  -4.026843E+01
 8225  -4.026952E+01
 8226  -4.027062E+01
 8227  -4.027173E+01
 8228  -4.027283E+01
 8229  -4.027393E+01
 8230  -4.027503E+01
 8231  -4.027613E+01
 8232  -4.027724E+01
 8233  -4.027834E+01
 8234  -4.027944E+01
 8235  -4.028055E+01
 8236  -4.028165E+01
 8237  -4.028276E+01
 8238  -4.028387E+01
 8239  -4.028497E+01
 8240  -4.028608E+01
 8241  -4.028719E+01
 8242  -4.028830E+01
 8243  -4.028940E+01
 8244  -4.029051E+01
 8245  -4.029162E+01
 8246  -4.029274E+01
 8247  -4.029385E+01
 8248  -4.029496E+01
 8249  -4.029607E+01
 8250  -4.029718E+01
 8251  -4.029830E+01
 8252  -4.029941E+01
 8253  -4.030053E+01
 8254  -4.030164E+01
 8255  -4.030276E+01
 8256  -4.030387E+01
 8257  -4.030499E+01
 8258  -4.030611E+01
 8259  -4.030722E+01
 8260  -4.030834E+01
 8261  -4.030946E+01
 8262  -4.031058E+01
 8263  -4.031170E+01
 8264  -4.031282E+01
 8265  -4.031394E+01
 8266  -4.031507E+01
 8267  -4.031619E+01
 8268  -4.031731E+01
 8269  -4.031843E+01
 8270  -4.031956E+01
 8271  -4.032068E+01
 8272  -4.032181E+01
 8273  -4.032294E+01
 8274  -4.032406E+01
 8275  -4.032519E+01
 8276  -4.032632E+01
 8277  -4.032745E+01
 8278  -4.032857E+01
 8279  -4.032970E+01
 8280  -4.033083E+01
 8281  -4.033197E+01
 8282  -4.033310E+01
 8283  -4.033423E+01
 8284  -4.033536E+01
 8285  -4.033650E+01
 8286  -4.033763E+01
 8287  -4.033876E+01
 8288  -4.033990E+01
 8289  -4.034103E+01
 8290  -4.034217E+01
 8291  -4.034331E+01
 8292  -4.034445E+01
 8293  -4.034558E+01
 8294  -4.034672E+01
 8295  -4.034786E+01
 8296  -4.034900E+01
 8297  -4.035014E+01
 8298  -4.035128E+01
 8299  -4.035243E+01
 8300  -4.035357E+01
 8301  -4.035471E+01
 8302  -4.035586E+01
 8303  -4.035700E+01
 8304  -4.035815E+01
 8305  -4.035929E+01
 8306  -4.036044E+01
 8307  -4.036159E+01
 8308  -4.036273E+01
 8309  -4.036388E+01
 8310  -4.036503E+01
 8311  -4.036618E+01
 8312  -4.036733E+01
 8313  -4.036848E+01
 8314  -4.036963E+01
 8315  -4.037079E+01
 8316  -4.037194E+01
 8317  -4.037309E+01
 8318  -4.037425E+01
 8319  -4.037540E+01
 8320  -4.037656E+01
 8321  -4.037772E+01
 8322  -4.037887E+01
 8323  -4.038003E+01
 8324  -4.038119E+01
 8325  -4.038235E+01
 8326  -4.038351E+01
 8327  -4.038467E+01
 8328  -4.038583E+01
 8329  -4.038699E+01
 8330  -4.038815E+01
 8331  -4.038932E+01
 8332  -4.039048E+01
 8333  -4.039165E+01
 8334  -4.039281E+01
 8335  -4.039398E+01
 8336  -4.039514E+01
 8337  -4.039631E+01
 8338  -4.039748E+01
 8339  -4.039865E+01
 8340  -4.039982E+01
 8341  -4.040099E+01
 8342  -4.040216E+01
 8343  -4.040333E+01
 8344  -4.040450E+01
 8345  -4.040568E+01
 8346  -4.040685E+01
 8347  -4.040802E+01
 8348  -4.040920E+01
 8349  -4.041038E+01
 8350  -4.041155E+01
 8351  -4.041273E+01
 8352  -4.041391E+01
 8353  -4.041509E+01
 8354  -4.041627E+01
 8355  -4.041745E+01
 8356  -4.041863E+01
 8357  -4.041981E+01
 8358  -4.042099E+01
 8359  -4.042217E+01
 8360  -4.042336E+01
 8361  -4.042454E+01
 8362  -4.042573E+01
 8363  -4.042691E+01
 8364  -4.042810E+01
 8365  -4.042929E+01
 8366  -4.043048E+01
 8367  -4.043167E+01
 8368  -4.043286E+01
 8369  -4.043405E+01
 8370  -4.043524E+01
 8371  -4.043643E+01
 8372  -4.043762E+01
 8373  -4.043882E+01
 8374  -4.044001E+01
 8375  -4.044121E+01
 8376  -4.044240E+01
 8377  -4.044360E+01
 8378  -4.044480E+01
 8379  -4.044599E+01
 8380  -4.044719E+01
 8381  -4.044839E+01
 8382  -4.044959E+01
 8383  -4.045079E+01
 8384  -4.045200E+01
 8385  -4.045320E+01
 8386  -4.045440E+01
 8387  -4.045561E+01
 8388  -4.045681E+01
 8389  -4.045802E+01
 8390  -4.045922E+01
 8391  -4.046043E+01
 8392  -4.046164E+01
 8393  -4.046285E+01
 8394  -4.046406E+01
 8395  -4.046527E+01
 8396  -4.046648E+01
 8397  -4.046769E+01
 8398  -4.046891E+01
 8399  -4.047012E+01
 8400  -4.047134E+01
 8401  -4.047256E+01
 8402  -4.047379E+01
 8403  -4.047501E+01
 8404  -4.047624E+01
 8405  -4.047747E+01
 8406  -4.047870E+01
 8407  -4.047993E+01
 8408  -4.048116E+01
 8409  -4.048239E+01
 8410  -4.048362E+01
 8411  -4.048486E+01
 8412  -4.048609E+01
 8413  -4.048732E+01
 8414  -4.048856E+01
 8415  -4.048980E+01
 8416  -4.049103E+01
 8417  -4.049227E+01
 8418  -4.049351E+01
 8419  -4.049475E+01
 8420  -4.049599E+01
 8421  -4.049723E+01
 8422  -4.049847E+01
 8423  -4.049972E+01
 8424  -4.050096E+01
 8425  -4.050221E+01
 8426  -4.050345E+01
 8427  -4.050470E+01
 8428  -4.050595E+01
 8429  -4.050719E+01
 8430  -4.050844E+01
 8431  -4.050969E+01
 8432  -4.051094E+01
 8433  -4.051220E+01
 8434  -4.051345E+01
 8435  -4.051470E+01
 8436  -4.051596E+01
 8437  -4.051721E+01
 8438  -4.051847E+01
 8439  -4.051972E+01
 8440  -4.052098E+01
 8441  -4.052224E+01
 8442  -4.052350E+01
 8443  -4.052476E+01
 8444  -4.052602E+01
 8445  -4.052728E+01
 8446  -4.052854E+01
 8447  -4.052981E+01
 8448  -4.053107E+01
 8449  -4.053234E+01
 8450  -4.053360E+01
 8451  -4.053487E+01
 8452  -4.053614E+01
 8453  -4.053741E+01
 8454  -4.053868E+01
 8455  -4.053995E+01
 8456  -4.054122E+01
 8457  -4.054249E+01
 8458  -4.054377E+01
 8459  -4.054504E+01
 8460  -4.054632E+01
 8461  -4.054759E+01
 8462  -4.054887E+01
 8463  -4.055015E+01
 8464  -4.055143E+01
 8465  -4.055271E+01
 8466  -4.055399E+01
 8467  -4.055527E+01
 8468  -4.055655E+01
 8469  -4.055784E+01
 8470  -4.055912E+01
 8471  -4.056041E+01
 8472  -4.056169E+01
 8473  -4.056298E+01
 8474  -4.056427E+01
 8475  -4.056556E+01
 8476  -4.056685E+01
 8477  -4.056814E+01
 8478  -4.056943E+01
 8479  -4.057072E+01
 8480  -4.057202E+01
 8481  -4.057331E+01
 8482  -4.057461E+01
 8483  -4.057590E+01
 8484  -4.057720E+01
 8485  -4.057850E+01
 8486  -4.057980E+01
 8487  -4.058110E+01
 8488  -4.058240E+01
 8489  -4.058370E+01
 8490  -4.058500E+01
 8491  -4.058631E+01
 8492  -4.058761E+01
 8493  -4.058892E+01
 8494  -4.059023E+01
 8495  -4.059153E+01
 8496  -4.059284E+01
 8497  -4.059415E+01
 8498  -4.059546E+01
 8499  -4.059678E+01
 8500  -4.059809E+01
 8501  -4.059940E+01
 8502  -4.060072E+01
 8503  -4.060203E+01
 8504  -4.060335E+01
 8505  -4.060467E+01
 8506  -4.060599E+01
 8507  -4.060730E+01
 8508  -4.060862E+01
 8509  -4.060995E+01
 8510  -4.061127E+01
 8511  -4.061259E+01
 8512  -4.061392E+01
 8513  -4.061524E+01
 8514  -4.061657E+01
 8515  -4.061790E+01
 8516  -4.061922E+01
 8517  -4.062055E+01
 8518  -4.062188E+01
 8519  -4.062322E+01
 8520  -4.062455E+01
 8521  -4.062588E+01
 8522  -4.062722E+01
 8523  -4.062855E+01
 8524  -4.062989E+01
 8525  -4.063122E+01
 8526  -4.063256E+01
 8527  -4.063390E+01
 8528  -4.063524E+01
 8529  -4.063658E+01
 8530  -4.063793E+01
 8531  -4.063927E+01
 8532  -4.064061E+01
 8533  -4.064196E+01
 8534  -4.064331E+01
 8535  -4.064465E+01
 8536  -4.064600E+01
 8537  -4.064735E+01
 8538  -4.064870E+01
 8539  -4.065005E+01
 8540  -4.065141E+01
 8541  -4.065276E+01
 8542  -4.065411E+01
 8543  -4.065547E+01
 8544  -4.065683E+01
 8545  -4.065818E+01
 8546  -4.065954E+01
 8547  -4.066090E+01
 8548  -4.066226E+01
 8549  -4.066363E+01
 8550  -4.066499E+01
 8551  -4.066635E+01
 8552  -4.066772E+01
 8553  -4.066908E+01
 8554  -4.067045E+01
 8555  -4.067182E+01
 8556  -4.067319E+01
 8557  -4.067456E+01
 8558  -4.067593E+01
 8559  -4.067730E+01
 8560  -4.067868E+01
 8561  -4.068005E+01
 8562  -4.068143E+01
 8563  -4.068280E+01
 8564  -4.068418E+01
 8565  -4.068556E+01
 8566  -4.068694E+01
 8567  -4.068832E+01
 8568  -4.068970E+01
 8569  -4.069109E+01
 8570  -4.069247E+01
 8571  -4.069385E+01
 8572  -4.069524E+01
 8573  -4.069663E+01
 8574  -4.069802E+01
 8575  -4.069941E+01
 8576  -4.070080E+01
 8577  -4.070219E+01
 8578  -4.070358E+01
 8579  -4.070498E+01
 8580  -4.070637E+01
 8581  -4.070777E+01
 8582  -4.070916E+01
 8583  -4.071056E+01
 8584  -4.071196E+01
 8585  -4.071336E+01
 8586  -4.071476E+01
 8587  -4.071617E+01
 8588  -4.071757E+01
 8589  -4.071897E+01
 8590  -4.072038E+01
 8591  -4.072179E+01
 8592  -4.072320E+01
 8593  -4.072461E+01
 8594  -4.072602E+01
 8595  -4.072743E+01
 8596  -4.072884E+01
 8597  -4.073025E+01
 8598  -4.073167E+01
 8599  -4.073308E+01
 8600  -4.073450E+01
 8601  -4.073592E+01
 8602  -4.073734E+01
 8603  -4.073876E+01
 8604  -4.074018E+01
 8605  -4.074160E+01
 8606  -4.074303E+01
 8607  -4.074445E+01
 8608  -4.074588E+01
 8609  -4.074731E+01
 8610  -4.074873E+01
 8611  -4.075016E+01
 8612  -4.075159E+01
 8613  -4.075303E+01
 8614  -4.075446E+01
 8615  -4.075589E+01
 8616  -4.075733E+01
 8617  -4.075876E+01
 8618  -4.076020E+01
 8619  -4.076164E+01
 8620  -4.076308E+01
 8621  -4.076452E+01
 8622  -4.076596E+01
 8623  -4.076741E+01
 8624  -4.076885E+01
 8625  -4.077030E+01
 8626  -4.077174E+01
 8627  -4.077319E+01
 8628  -4.077464E+01
 8629  -4.077609E+01
 8630  -4.077754E+01
 8631  -4.077899E+01
 8632  -4.078045E+01
 8633  -4.078190E+01
 8634  -4.078336E+01
 8635  -4.078482E+01
 8636  -4.078627E+01
 8637  -4.078773E+01
 8638  -4.078919E+01
 8639  -4.079066E+01
 8640  -4.079212E+01
 8641  -4.079358E+01
 8642  -4.079505E+01
 8643  -4.079652E+01
 8644  -4.079798E+01
 8645  -4.079945E+01
 8646  -4.080092E+01
 8647  -4.080239E+01
 8648  -4.080387E+01
 8649  -4.080534E+01
 8650  -4.080681E+01
 8651  -4.080829E+01
 8652  -4.080977E+01
 8653  -4.081125E+01
 8654  -4.081273E+01
 8655  -4.081421E+01
 8656  -4.081569E+01
 8657  -4.081717E+01
 8658  -4.081866E+01
 8659  -4.082014E+01
 8660  -4.082163E+01
 8661  -4.082312E+01
 8662  -4.082461E+01
 8663  -4.082610E+01
 8664  -4.082759E+01
 8665  -4.082908E+01
 8666  -4.083057E+01
 8667  -4.083207E+01
 8668  -4.083357E+01
 8669  -4.083506E+01
 8670  -4.083656E+01
 8671  -4.083806E+01
 8672  -4.083956E+01
 8673  -4.084107E+01
 8674  -4.084257E+01
 8675  -4.084408E+01
 8676  -4.084558E+01
 8677  -4.084709E+01
 8678  -4.084860E+01
 8679  -4.085011E+01
 8680  -4.085162E+01
 8681  -4.085313E+01
 8682  -4.085464E+01
 8683  -4.085616E+01
 8684  -4.085768E+01
 8685  -4.085919E+01
 8686  -4.086071E+01
 8687  -4.086223E+01
 8688  -4.086375E+01
 8689  -4.086527E+01
 8690  -4.086680E+01
 8691  -4.086832E+01
 8692  -4.086985E+01
 8693  -4.087138E+01
 8694  -4.087290E+01
 8695  -4.087443E+01
 8696  -4.087596E+01
 8697  -4.087750E+01
 8698  -4.087903E+01
 8699  -4.088056E+01
 8700  -4.088210E+01
 8701  -4.088364E+01
 8702  -4.088518E+01
 8703  -4.088671E+01
 8704  -4.088826E+01
 8705  -4.088980E+01
 8706  -4.089134E+01
 8707  -4.089289E+01
 8708  -4.089443E+01
 8709  -4.089598E+01
 8710  -4.089753E+01
 8711  -4.089908E+01
 8712  -4.090063E+01
 8713  -4.090218E+01
 8714  -4.090373E+01
 8715  -4.090529E+01
 8716  -4.090684E+01
 8717  -4.090840E+01
 8718  -4.090996E+01
 8719  -4.091152E+01
 8720  -4.091308E+01
 8721  -4.091464E+01
 8722  -4.091621E+01
 8723  -4.091777E+01
 8724  -4.091934E+01
 8725  -4.092090E+01
 8726  -4.092247E+01
 8727  -4.092404E+01
 8728  -4.092561E+01
 8729  -4.092719E+01
 8730  -4.092876E+01
 8731  -4.093033E+01
 8732  -4.093191E+01
 8733  -4.093349E+01
 8734  -4.093507E+01
 8735  -4.093665E+01
 8736  -4.093823E+01
 8737  -4.093981E+01
 8738  -4.094140E+01
 8739  -4.094298E+01
 8740  -4.094457E+01
 8741  -4.094615E+01
 8742  -4.094774E+01
 8743  -4.094933E+01
 8744  -4.095093E+01
 8745  -4.095252E+01
 8746  -4.095411E+01
 8747  -4.095571E+01
 8748  -4.095731E+01
 8749  -4.095890E+01
 8750  -4.096050E+01
 8751  -4.096210E+01
 8752  -4.096371E+01
 8753  -4.096531E+01
 8754  -4.096691E+01
 8755  -4.096852E+01
 8756  -4.097013E+01
 8757  -4.097173E+01
 8758  -4.097334E+01
 8759  -4.097495E+01
 8760  -4.097657E+01
 8761  -4.097818E+01
 8762  -4.097980E+01
 8763  -4.098141E+01
 8764  -4.098303E+01
 8765  -4.098465E+01
 8766  -4.098627E+01
 8767  -4.098789E+01
 8768  -4.098951E+01
 8769  -4.099114E+01
 8770  -4.099276E+01
 8771  -4.099439E+01
 8772  -4.099602E+01
 8773  -4.099765E+01
 8774  -4.099928E+01
 8775  -4.100091E+01
 8776  -4.100254E+01
 8777  -4.100418E+01
 8778  -4.100581E+01
 8779  -4.100745E+01
 8780  -4.100909E+01
 8781  -4.101073E+01
 8782  -4.101237E+01
 8783  -4.101401E+01
 8784  -4.101565E+01
 8785  -4.101730E+01
 8786  -4.101894E+01
 8787  -4.102059E+01
 8788  -4.102224E+01
 8789  -4.102389E+01
 8790  -4.102554E+01
 8791  -4.102719E+01
 8792  -4.102885E+01
 8793  -4.103050E+01
 8794  -4.103216E+01
 8795  -4.103382E+01
 8796  -4.103548E+01
 8797  -4.103714E+01
 8798  -4.103880E+01
 8799  -4.104046E+01
 8800  -4.104213E+01
 8801  -4.104379E+01
 8802  -4.104546E+01
 8803  -4.104713E+01
 8804  -4.104880E+01
 8805  -4.105047E+01
 8806  -4.105214E+01
 8807  -4.105382E+01
 8808  -4.105549E+01
 8809  -4.105717E+01
 8810  -4.105884E+01
 8811  -4.106052E+01
 8812  -4.106220E+01
 8813  -4.106388E+01
 8814  -4.106557E+01
 8815  -4.106725E+01
 8816  -4.106894E+01
 8817  -4.107062E+01
 8818  -4.107231E+01
 8819  -4.107400E+01
 8820  -4.107569E+01
 8821  -4.107738E+01
 8822  -4.107908E+01
 8823  -4.108077E+01
 8824  -4.108247E+01
 8825  -4.108416E+01
 8826  -4.108586E+01
 8827  -4.108756E+01
 8828  -4.108926E+01
 8829  -4.109097E+01
 8830  -4.109267E+01
 8831  -4.109438E+01
 8832  -4.109608E+01
 8833  -4.109779E+01
 8834  -4.109950E+01
 8835  -4.110121E+01
 8836  -4.110292E+01
 8837  -4.110463E+01
 8838  -4.110635E+01
 8839  -4.110806E+01
 8840  -4.110978E+01
 8841  -4.111150E+01
 8842  -4.111322E+01
 8843  -4.111494E+01
 8844  -4.111666E+01
 8845  -4.111838E+01
 8846  -4.112011E+01
 8847  -4.112183E+01
 8848  -4.112356E+01
 8849  -4.112529E+01
 8850  -4.112702E+01
 8851  -4.112875E+01
 8852  -4.113048E+01
 8853  -4.113222E+01
 8854  -4.113395E+01
 8855  -4.113569E+01
 8856  -4.113743E+01
 8857  -4.113916E+01
 8858  -4.114090E+01
 8859  -4.114265E+01
 8860  -4.114439E+01
 8861  -4.114613E+01
 8862  -4.114788E+01
 8863  -4.114962E+01
 8864  -4.115137E+01
 8865  -4.115312E+01
 8866  -4.115487E+01
 8867  -4.115662E+01
 8868  -4.115838E+01
 8869  -4.116013E+01
 8870  -4.116189E+01
 8871  -4.116364E+01
 8872  -4.116540E+01
 8873  -4.116716E+01
 8874  -4.116892E+01
 8875  -4.117068E+01
 8876  -4.117245E+01
 8877  -4.117421E+01
 8878  -4.117598E+01
 8879  -4.117775E+01
 8880  -4.117951E+01
 8881  -4.118128E+01
 8882  -4.118305E+01
 8883  -4.118483E+01
 8884  -4.118660E+01
 8885  -4.118837E+01
 8886  -4.119015E+01
 8887  -4.119193E+01
 8888  -4.119371E+01
 8889  -4.119549E+01
 8890  -4.119727E+01
 8891  -4.119905E+01
 8892  -4.120083E+01
 8893  -4.120262E+01
 8894  -4.120440E+01
 8895  -4.120619E+01
 8896  -4.120798E+01
 8897  -4.120977E+01
 8898  -4.121156E+01
 8899  -4.121335E+01
 8900  -4.121515E+01
 8901  -4.121694E+01
 8902  -4.121874E+01
 8903  -4.122053E+01
 8904  -4.122233E+01
 8905  -4.122413E+01
 8906  -4.122593E+01
 8907  -4.122774E+01
 8908  -4.122954E+01
 8909  -4.123134E+01
 8910  -4.123315E+01
 8911  -4.123496E+01
 8912  -4.123677E+01
 8913  -4.123857E+01
 8914  -4.124039E+01
 8915  -4.124220E+01
 8916  -4.124401E+01
 8917  -4.124583E+01
 8918  -4.124764E+01
 8919  -4.124946E+01
 8920  -4.125128E+01
 8921  -4.125310E+01
 8922  -4.125492E+01
 8923  -4.125674E+01
 8924  -4.125856E+01
 8925  -4.126038E+01
 8926  -4.126221E+01
 8927  -4.126404E+01
 8928  -4.126586E+01
 8929  -4.126769E+01
 8930  -4.126952E+01
 8931  -4.127135E+01
 8932  -4.127319E+01
 8933  -4.127502E+01
 8934  -4.127686E+01
 8935  -4.127869E+01
 8936  -4.128053E+01
 8937  -4.128237E+01
 8938  -4.128421E+01
 8939  -4.128605E+01
 8940  -4.128789E+01
 8941  -4.128973E+01
 8942  -4.129158E+01
 8943  -4.129342E+01
 8944  -4.129527E+01
 8945  -4.129712E+01
 8946  -4.129896E+01
 8947  -4.130081E+01
 8948  -4.130267E+01
 8949  -4.130452E+01
 8950  -4.130637E+01
 8951  -4.130823E+01
 8952  -4.131008E+01
 8953  -4.131194E+01
 8954  -4.131380E+01
 8955  -4.131566E+01
 8956  -4.131752E+01
 8957  -4.131938E+01
 8958  -4.132124E+01
 8959  -4.132310E+01
 8960  -4.132497E+01
 8961  -4.132683E+01
 8962  -4.132870E+01
 8963  -4.133057E+01
 8964  -4.133244E+01
 8965  -4.133431E+01
 8966  -4.133618E+01
 8967  -4.133805E+01
 8968  -4.133993E+01
 8969  -4.134180E+01
 8970  -4.134368E+01
 8971  -4.134555E+01
 8972  -4.134743E+01
 8973  -4.134931E+01
 8974  -4.135119E+01
 8975  -4.135307E+01
 8976  -4.135495E+01
 8977  -4.135684E+01
 8978  -4.135872E+01
 8979  -4.136061E+01
 8980  -4.136249E+01
 8981  -4.136438E+01
 8982  -4.136627E+01
 8983  -4.136816E+01
 8984  -4.137005E+01
 8985  -4.137194E+01
 8986  -4.137383E+01
 8987  -4.137573E+01
 8988  -4.137762E+01
 8989  -4.137952E+01
 8990  -4.138142E+01
 8991  -4.138331E+01
 8992  -4.138521E+01
 8993  -4.138711E+01
 8994  -4.138901E+01
 8995  -4.139092E+01
 8996  -4.139282E+01
 8997  -4.139472E+01
 8998  -4.139663E+01
 8999  -4.139853E+01
 9000  -4.140044E+01
 9001  -4.140235E+01
 9002  -4.140426E+01
 9003  -4.140617E+01
 9004  -4.140808E+01
 9005  -4.140999E+01
 9006  -4.141192E+01
 9007  -4.141384E+01
 9008  -4.141577E+01
 9009  -4.141770E+01
 9010  -4.141963E+01
 9011  -4.142155E+01
 9012  -4.142348E+01
 9013  -4.142542E+01
 9014  -4.142735E+01
 9015  -4.142928E+01
 9016  -4.143121E+01
 9017  -4.143315E+01
 9018  -4.143509E+01
 9019  -4.143702E+01
 9020  -4.143896E+01
 9021  -4.144090E+01
 9022  -4.144284E+01
 9023  -4.144478E+01
 9024  -4.144672E+01
 9025  -4.144866E+01
 9026  -4.145060E+01
 9027  -4.145255E+01
 9028  -4.145449E+01
 9029  -4.145644E+01
 9030  -4.145839E+01
 9031  -4.146033E+01
 9032  -4.146228E+01
 9033  -4.146423E+01
 9034  -4.146618E+01
 9035  -4.146813E+01
 9036  -4.147008E+01
 9037  -4.147204E+01
 9038  -4.147399E+01
 9039  -4.147594E+01
 9040  -4.147790E+01
 9041  -4.147985E+01
 9042  -4.148181E+01
 9043  -4.148377E+01
 9044  -4.148573E+01
 9045  -4.148769E+01
 9046  -4.148965E+01
 9047  -4.149161E+01
 9048  -4.149357E+01
 9049  -4.149553E+01
 9050  -4.149750E+01
 9051  -4.149946E+01
 9052  -4.150142E+01
 9053  -4.150339E+01
 9054  -4.150536E+01
 9055  -4.150732E+01
 9056  -4.150929E+01
 9057  -4.151126E+01
 9058  -4.151323E+01
 9059  -4.151520E+01
 9060  -4.151717E+01
 9061  -4.151914E+01
 9062  -4.152112E+01
 9063  -4.152309E+01
 9064  -4.152506E+01
 9065  -4.152704E+01
 9066  -4.152901E+01
 9067  -4.153099E+01
 9068  -4.153297E+01
 9069  -4.153494E+01
 9070  -4.153692E+01
 9071  -4.153890E+01
 9072  -4.154088E+01
 9073  -4.154286E+01
 9074  -4.154484E+01
 9075  -4.154683E+01
 9076  -4.154881E+01
 9077  -4.155079E+01
 9078  -4.155277E+01
 9079  -4.155476E+01
 9080  -4.155674E+01
 9081  -4.155873E+01
 9082  -4.156072E+01
 9083  -4.156270E+01
 9084  -4.156469E+01
 9085  -4.156668E+01
 9086  -4.156867E+01
 9087  -4.157066E+01
 9088  -4.157265E+01
 9089  -4.157464E+01
 9090  -4.157663E+01
 9091  -4.157862E+01
 9092  -4.158062E+01
 9093  -4.158261E+01
 9094  -4.158460E+01
 9095  -4.158660E+01
 9096  -4.158859E+01
 9097  -4.159059E+01
 9098  -4.159258E+01
 9099  -4.159458E+01
 9100  -4.159658E+01
 9101  -4.159858E+01
 9102  -4.160057E+01
 9103  -4.160257E+01
 9104  -4.160457E+01
 9105  -4.160657E+01
 9106  -4.160857E+01
 9107  -4.161058E+01
 9108  -4.161258E+01
 9109  -4.161458E+01
 9110  -4.161658E+01
 9111  -4.161859E+01
 9112  -4.162059E+01
 9113  -4.162259E+01
 9114  -4.162460E+01
 9115  -4.162660E+01
 9116  -4.162861E+01
 9117  -4.163062E+01
 9118  -4.163262E+01
 9119  -4.163463E+01
 9120  -4.163664E+01
 9121  -4.163864E+01
 9122  -4.164065E+01
 9123  -4.164266E+01
 9124  -4.164467E+01
 9125  -4.164668E+01
 9126  -4.164869E+01
 9127  -4.165070E+01
 9128  -4.165271E+01
 9129  -4.165473E+01
 9130  -4.165674E+01
 9131  -4.165875E+01
 9132  -4.166076E+01
 9133  -4.166278E+01
 9134  -4.166479E+01
 9135  -4.166681E+01
 9136  -4.166882E+01
 9137  -4.167083E+01
 9138  -4.167285E+01
 9139  -4.167487E+01
 9140  -4.167688E+01
 9141  -4.167890E+01
 9142  -4.168092E+01
 9143  -4.168293E+01
 9144  -4.168495E+01
 9145  -4.168697E+01
 9146  -4.168899E+01
 9147  -4.169101E+01
 9148  -4.169302E+01
 9149  -4.169504E+01
 9150  -4.169706E+01
 9151  -4.169908E+01
 9152  -4.170110E+01
 9153  -4.170312E+01
 9154  -4.170515E+01
 9155  -4.170717E+01
 9156  -4.170919E+01
 9157  -4.171121E+01
 9158  -4.171323E+01
 9159  -4.171526E+01
 9160  -4.171728E+01
 9161  -4.171930E+01
 9162  -4.172133E+01
 9163  -4.172335E+01
 9164  -4.172537E+01
 9165  -4.172740E+01
 9166  -4.172942E+01
 9167  -4.173145E+01
 9168  -4.173347E+01
 9169  -4.173550E+01
 9170  -4.173752E+01
 9171  -4.173955E+01
 9172  -4.174158E+01
 9173  -4.174360E+01
 9174  -4.174563E+01
 9175  -4.174766E+01
 9176  -4.174968E+01
 9177  -4.175171E+01
 9178  -4.175374E+01
 9179  -4.175577E+01
 9180  -4.175779E+01
 9181  -4.175982E+01
 9182  -4.176185E+01
 9183  -4.176388E+01
 9184  -4.176591E+01
 9185  -4.176794E+01
 9186  -4.176997E+01
 9187  -4.177200E+01
 9188  -4.177403E+01
 9189  -4.177606E+01
 9190  -4.177809E+01
 9191  -4.178012E+01
 9192  -4.178215E+01
 9193  -4.178419E+01
 9194  -4.178622E+01
 9195  -4.178825E+01
 9196  -4.179029E+01
 9197  -4.179232E+01
 9198  -4.179436E+01
 9199  -4.179639E+01
 9200  -4.179842E+01
 9201  -4.180046E+01
 9202  -4.180249E+01
 9203  -4.180453E+01
 9204  -4.180656E+01
 9205  -4.180860E+01
 9206  -4.181063E+01
 9207  -4.181267E+01
 9208  -4.181471E+01
 9209  -4.181674E+01
 9210  -4.181878E+01
 9211  -4.182081E+01
 9212  -4.182285E+01
 9213  -4.182489E+01
 9214  -4.182692E+01
 9215  -4.182896E+01
 9216  -4.183100E+01
 9217  -4.183303E+01
 9218  -4.183507E+01
 9219  -4.183711E+01
 9220  -4.183914E+01
 9221  -4.184118E+01
 9222  -4.184322E+01
 9223  -4.184526E+01
 9224  -4.184729E+01
 9225  -4.184933E+01
 9226  -4.185137E+01
 9227  -4.185341E+01
 9228  -4.185544E+01
 9229  -4.185748E+01
 9230  -4.185952E+01
 9231  -4.186156E+01
 9232  -4.186360E+01
 9233  -4.186564E+01
 9234  -4.186767E+01
 9235  -4.186971E+01
 9236  -4.187175E+01
 9237  -4.187379E+01
 9238  -4.187583E+01
 9239  -4.187787E+01
 9240  -4.187991E+01
 9241  -4.188195E+01
 9242  -4.188399E+01
 9243  -4.188603E+01
 9244  -4.188807E+01
 9245  -4.189010E+01
 9246  -4.189214E+01
 9247  -4.189418E+01
 9248  -4.189622E+01
 9249  -4.189826E+01
 9250  -4.190030E+01
 9251  -4.190234E+01
 9252  -4.190438E+01
 9253  -4.190642E+01
 9254  -4.190846E+01
 9255  -4.191050E+01
 9256  -4.191255E+01
 9257  -4.191459E+01
 9258  -4.191663E+01
 9259  -4.191867E+01
 9260  -4.192071E+01
 9261  -4.192275E+01
 9262  -4.192479E+01
 9263  -4.192683E+01
 9264  -4.192887E+01
 9265  -4.193091E+01
 9266  -4.193295E+01
 9267  -4.193499E+01
 9268  -4.193704E+01
 9269  -4.193908E+01
 9270  -4.194112E+01
 9271  -4.194316E+01
 9272  -4.194520E+01
 9273  -4.194724E+01
 9274  -4.194929E+01
 9275  -4.195133E+01
 9276  -4.195337E+01
 9277  -4.195541E+01
 9278  -4.195745E+01
 9279  -4.195950E+01
 9280  -4.196154E+01
 9281  -4.196358E+01
 9282  -4.196562E+01
 9283  -4.196767E+01
 9284  -4.196971E+01
 9285  -4.197175E+01
 9286  -4.197379E+01
 9287  -4.197584E+01
 9288  -4.197788E+01
 9289  -4.197992E+01
 9290  -4.198197E+01
 9291  -4.198401E+01
 9292  -4.198605E+01
 9293  -4.198810E+01
 9294  -4.199014E+01
 9295  -4.199218E+01
 9296  -4.199423E+01
 9297  -4.199627E+01
 9298  -4.199832E+01
 9299  -4.200036E+01
 9300  -4.200240E+01
 9301  -4.200445E+01
 9302  -4.200649E+01
 9303  -4.200854E+01
 9304  -4.201058E+01
 9305  -4.201263E+01
 9306  -4.201467E+01
 9307  -4.201672E+01
 9308  -4.201876E+01
 9309  -4.202081E+01
 9310  -4.202285E+01
 9311  -4.202490E+01
 9312  -4.202695E+01
 9313  -4.202899E+01
 9314  -4.203104E+01
 9315  -4.203308E+01
 9316  -4.203513E+01
 9317  -4.203718E+01
 9318  -4.203922E+01
 9319  -4.204127E+01
 9320  -4.204332E+01
 9321  -4.204537E+01
 9322  -4.204741E+01
 9323  -4.204946E+01
 9324  -4.205151E+01
 9325  -4.205356E+01
 9326  -4.205560E+01
 9327  -4.205765E+01
 9328  -4.205970E+01
 9329  -4.206175E+01
 9330  -4.206380E+01
 9331  -4.206585E+01
 9332  -4.206790E+01
 9333  -4.206995E+01
 9334  -4.207200E+01
 9335  -4.207405E+01
 9336  -4.207610E+01
 9337  -4.207815E+01
 9338  -4.208020E+01
 9339  -4.208225E+01
 9340  -4.208430E+01
 9341  -4.208635E+01
 9342  -4.208840E+01
 9343  -4.209046E+01
 9344  -4.209251E+01
 9345  -4.209456E+01
 9346  -4.209661E+01
 9347  -4.209867E+01
 9348  -4.210072E+01
 9349  -4.210277E+01
 9350  -4.210483E+01
 9351  -4.210688E+01
 9352  -4.210893E+01
 9353  -4.211099E+01
 9354  -4.211304E+01
 9355  -4.211510E+01
 9356  -4.211715E+01
 9357  -4.211921E+01
 9358  -4.212127E+01
 9359  -4.212332E+01
 9360  -4.212538E+01
 9361  -4.212744E+01
 9362  -4.212949E+01
 9363  -4.213155E+01
 9364  -4.213361E+01
 9365  -4.213567E+01
 9366  -4.213773E+01
 9367  -4.213978E+01
 9368  -4.214184E+01
 9369  -4.214390E+01
 9370  -4.214596E+01
 9371  -4.214802E+01
 9372  -4.215009E+01
 9373  -4.215215E+01
 9374  -4.215421E+01
 9375  -4.215627E+01
 9376  -4.215833E+01
 9377  -4.216040E+01
 9378  -4.216246E+01
 9379  -4.216452E+01
 9380  -4.216659E+01
 9381  -4.216865E+01
 9382  -4.217072E+01
 9383  -4.217278E+01
 9384  -4.217485E+01
 9385  -4.217691E+01
 9386  -4.217898E+01
 9387  -4.218105E+01
 9388  -4.218311E+01
 9389  -4.218518E+01
 9390  -4.218725E+01
 9391  -4.218932E+01
 9392  -4.219139E+01
 9393  -4.219346E+01
 9394  -4.219553E+01
 9395  -4.219760E+01
 9396  -4.219967E+01
 9397  -4.220174E+01
 9398  -4.220382E+01
 9399  -4.220589E+01
 9400  -4.220796E+01
 9401  -4.221004E+01
 9402  -4.221211E+01
 9403  -4.221418E+01
 9404  -4.221626E+01
 9405  -4.221834E+01
 9406  -4.222041E+01
 9407  -4.222249E+01
 9408  -4.222457E+01
 9409  -4.222665E+01
 9410  -4.222873E+01
 9411  -4.223080E+01
 9412  -4.223288E+01
 9413  -4.223497E+01
 9414  -4.223705E+01
 9415  -4.223913E+01
 9416  -4.224121E+01
 9417  -4.224329E+01
 9418  -4.224538E+01
 9419  -4.224746E+01
 9420  -4.224955E+01
 9421  -4.225163E+01
 9422  -4.225372E+01
 9423  -4.225581E+01
 9424  -4.225789E+01
 9425  -4.225998E+01
 9426  -4.226207E+01
 9427  -4.226416E+01
 9428  -4.226625E+01
 9429  -4.226834E+01
 9430  -4.227043E+01
 9431  -4.227252E+01
 9432  -4.227462E+01
 9433  -4.227671E+01
 9434  -4.227881E+01
 9435  -4.228090E+01
 9436  -4.228300E+01
 9437  -4.228509E+01
 9438  -4.228719E+01
 9439  -4.228929E+01
 9440  -4.229139E+01
 9441  -4.229349E+01
 9442  -4.229559E+01
 9443  -4.229769E+01
 9444  -4.229979E+01
 9445  -4.230189E+01
 9446  -4.230400E+01
 9447  -4.230610E+01
 9448  -4.230820E+01
 9449  -4.231031E+01
 9450  -4.231242E+01
 9451  -4.231452E+01
 9452  -4.231663E+01
 9453  -4.231874E+01
 9454  -4.232085E+01
 9455  -4.232296E+01
 9456  -4.232507E+01
 9457  -4.232719E+01
 9458  -4.232930E+01
 9459  -4.233141E+01
 9460  -4.233353E+01
 9461  -4.233564E+01
 9462  -4.233776E+01
 9463  -4.233988E+01
 9464  -4.234199E+01
 9465  -4.234411E+01
 9466  -4.234623E+01
 9467  -4.234835E+01
 9468  -4.235048E+01
 9469  -4.235260E+01
 9470  -4.235472E+01
 9471  -4.235685E+01
 9472  -4.235897E+01
 9473  -4.236110E+01
 9474  -4.236323E+01
 9475  -4.236535E+01
 9476  -4.236748E+01
 9477  -4.236961E+01
 9478  -4.237174E+01
 9479  -4.237388E+01
 9480  -4.237601E+01
 9481  -4.237814E+01
 9482  -4.238028E+01
 9483  -4.238241E+01
 9484  -4.238455E+01
 9485  -4.238669E+01
 9486  -4.238883E+01
 9487  -4.239097E+01
 9488  -4.239311E+01
 9489  -4.239525E+01
 9490  -4.239739E+01
 9491  -4.239954E+01
 9492  -4.240168E+01
 9493  -4.240383E+01
 9494  -4.240597E+01
 9495  -4.240812E+01
 9496  -4.241027E+01
 9497  -4.241242E+01
 9498  -4.241457E+01
 9499  -4.241672E+01
 9500  -4.241888E+01
 9501  -4.242103E+01
 9502  -4.242319E+01
 9503  -4.242534E+01
 9504  -4.242750E+01
 9505  -4.242966E+01
 9506  -4.243182E+01
 9507  -4.243398E+01
 9508  -4.243614E+01
 9509  -4.243830E+01
 9510  -4.244047E+01
 9511  -4.244263E+01
 9512  -4.244480E+01
 9513  -4.244696E+01
 9514  -4.244913E+01
 9515  -4.245130E+01
 9516  -4.245347E+01
 9517  -4.245564E+01
 9518  -4.245782E+01
 9519  -4.245999E+01
 9520  -4.246216E+01
 9521  -4.246434E+01
 9522  -4.246652E+01
 9523  -4.246870E+01
 9524  -4.247088E+01
 9525  -4.247306E+01
 9526  -4.247524E+01
 9527  -4.247742E+01
 9528  -4.247960E+01
 9529  -4.248179E+01
 9530  -4.248398E+01
 9531  -4.248616E+01
 9532  -4.248835E+01
 9533  -4.249054E+01
 9534  -4.249273E+01
 9535  -4.249493E+01
 9536  -4.249712E+01
 9537  -4.249931E+01
 9538  -4.250151E+01
 9539  -4.250371E+01
 9540  -4.250591E+01
 9541  -4.250811E+01
 9542  -4.251031E+01
 9543  -4.251251E+01
 9544  -4.251471E+01
 9545  -4.251692E+01
 9546  -4.251912E+01
 9547  -4.252133E+01
 9548  -4.252354E+01
 9549  -4.252574E+01
 9550  -4.252796E+01
 9551  -4.253017E+01
 9552  -4.253238E+01
 9553  -4.253459E+01
 9554  -4.253681E+01
 9555  -4.253903E+01
 9556  -4.254124E+01
 9557  -4.254346E+01
 9558  -4.254568E+01
 9559  -4.254790E+01
 9560  -4.255013E+01
 9561  -4.255235E+01
 9562  -4.255458E+01
 9563  -4.255680E+01
 9564  -4.255903E+01
 9565  -4.256126E+01
 9566  -4.256349E+01
 9567  -4.256572E+01
 9568  -4.256795E+01
 9569  -4.257019E+01
 9570  -4.257242E+01
 9571  -4.257466E+01
 9572  -4.257690E+01
 9573  -4.257914E+01
 9574  -4.258138E+01
 9575  -4.258362E+01
 9576  -4.258586E+01
 9577  -4.258811E+01
 9578  -4.259035E+01
 9579  -4.259260E+01
 9580  -4.259485E+01
 9581  -4.259710E+01
 9582  -4.259935E+01
 9583  -4.260160E+01
 9584  -4.260385E+01
 9585  -4.260611E+01
 9586  -4.260836E+01
 9587  -4.261062E+01
 9588  -4.261288E+01
 9589  -4.261514E+01
 9590  -4.261740E+01
 9591  -4.261966E+01
 9592  -4.262192E+01
 9593  -4.262419E+01
 9594  -4.262645E+01
 9595  -4.262872E+01
 9596  -4.263099E+01
 9597  -4.263326E+01
 9598  -4.263553E+01
 9599  -4.263780E+01
 9600  -4.264008E+01
 9601  -4.264235E+01
 9602  -4.264463E+01
 9603  -4.264691E+01
 9604  -4.264918E+01
 9605  -4.265146E+01
 9606  -4.265375E+01
 9607  -4.265603E+01
 9608  -4.265831E+01
 9609  -4.266060E+01
 9610  -4.266289E+01
 9611  -4.266518E+01
 9612  -4.266747E+01
 9613  -4.266977E+01
 9614  -4.267207E+01
 9615  -4.267437E+01
 9616  -4.267668E+01
 9617  -4.267898E+01
 9618  -4.268129E+01
 9619  -4.268360E+01
 9620  -4.268591E+01
 9621  -4.268822E+01
 9622  -4.269053E+01
 9623  -4.269284E+01
 9624  -4.269516E+01
 9625  -4.269747E+01
 9626  -4.269979E+01
 9627  -4.270211E+01
 9628  -4.270443E+01
 9629  -4.270675E+01
 9630  -4.270907E+01
 9631  -4.271139E+01
 9632  -4.271372E+01
 9633  -4.271604E+01
 9634  -4.271837E+01
 9635  -4.272070E+01
 9636  -4.272303E+01
 9637  -4.272536E+01
 9638  -4.272769E+01
 9639  -4.273002E+01
 9640  -4.273236E+01
 9641  -4.273469E+01
 9642  -4.273703E+01
 9643  -4.273937E+01
 9644  -4.274170E+01
 9645  -4.274405E+01
 9646  -4.274639E+01
 9647  -4.274873E+01
 9648  -4.275107E+01
 9649  -4.275342E+01
 9650  -4.275577E+01
 9651  -4.275811E+01
 9652  -4.276046E+01
 9653  -4.276281E+01
 9654  -4.276516E+01
 9655  -4.276752E+01
 9656  -4.276987E+01
 9657  -4.277222E+01
 9658  -4.277458E+01
 9659  -4.277694E+01
 9660  -4.277930E+01
 9661  -4.278166E+01
 9662  -4.278402E+01
 9663  -4.278638E+01
 9664  -4.278874E+01
 9665  -4.279110E+01
 9666  -4.279347E+01
 9667  -4.279584E+01
 9668  -4.279820E+01
 9669  -4.280057E+01
 9670  -4.280294E+01
 9671  -4.280531E+01
 9672  -4.280768E+01
 9673  -4.281006E+01
 9674  -4.281243E+01
 9675  -4.281481E+01
 9676  -4.281718E+01
 9677  -4.281956E+01
 9678  -4.282194E+01
 9679  -4.282432E+01
 9680  -4.282670E+01
 9681  -4.282908E+01
 9682  -4.283146E+01
 9683  -4.283385E+01
 9684  -4.283623E+01
 9685  -4.283862E+01
 9686  -4.284100E+01
 9687  -4.284339E+01
 9688  -4.284578E+01
 9689  -4.284817E+01
 9690  -4.285056E+01
 9691  -4.285295E+01
 9692  -4.285535E+01
 9693  -4.285774E+01
 9694  -4.286014E+01
 9695  -4.286253E+01
 9696  -4.286493E+01
 9697  -4.286733E+01
 9698  -4.286972E+01
 9699  -4.287212E+01
 9700  -4.287452E+01
 9701  -4.287693E+01
 9702  -4.287933E+01
 9703  -4.288173E+01
 9704  -4.288414E+01
 9705  -4.288654E+01
 9706  -4.288895E+01
 9707  -4.289136E+01
 9708  -4.289376E+01
 9709  -4.289617E+01
 9710  -4.289858E+01
 9711  -4.290099E+01
 9712  -4.290340E+01
 9713  -4.290582E+01
 9714  -4.290823E+01
 9715  -4.291064E+01
 9716  -4.291306E+01
 9717  -4.291547E+01
 9718  -4.291789E+01
 9719  -4.292031E+01
 9720  -4.292272E+01
 9721  -4.292514E+01
 9722  -4.292756E+01
 9723  -4.292998E+01
 9724  -4.293240E+01
 9725  -4.293482E+01
 9726  -4.293725E+01
 9727  -4.293967E+01
 9728  -4.294209E+01
 9729  -4.294452E+01
 9730  -4.294694E+01
 9731  -4.294937E+01
 9732  -4.295180E+01
 9733  -4.295422E+01
 9734  -4.295665E+01
 9735  -4.295908E+01
 9736  -4.296151E+01
 9737  -4.296394E+01
 9738  -4.296637E+01
 9739  -4.296880E+01
 9740  -4.297123E+01
 9741  -4.297366E+01
 9742  -4.297610E+01
 9743  -4.297853E+01
 9744  -4.298097E+01
 9745  -4.298340E+01
 9746  -4.298584E+01
 9747  -4.298827E+01
 9748  -4.299071E+01
 9749  -4.299314E+01
 9750  -4.299558E+01
 9751  -4.299802E+01
 9752  -4.300046E+01
 9753  -4.300290E+01
 9754  -4.300533E+01
 9755  -4.300777E+01
 9756  -4.301021E+01
 9757  -4.301265E+01
 9758  -4.301510E+01
 9759  -4.301754E+01
 9760  -4.301998E+01
 9761  -4.302242E+01
 9762  -4.302486E+01
 9763  -4.302731E+01
 9764  -4.302975E+01
 9765  -4.303219E+01
 9766  -4.303464E+01
 9767  -4.303708E+01
 9768  -4.303953E+01
 9769  -4.304197E+01
 9770  -4.304442E+01
 9771  -4.304686E+01
 9772  -4.304931E+01
 9773  -4.305175E+01
 9774  -4.305420E+01
 9775  -4.305664E+01
 9776  -4.305909E+01
 9777  -4.306154E+01
 9778  -4.306398E+01
 9779  -4.306643E+01
 9780  -4.306888E+01
 9781  -4.307133E+01
 9782  -4.307377E+01
 9783  -4.307622E+01
 9784  -4.307867E+01
 9785  -4.308113E+01
 9786  -4.308358E+01
 9787  -4.308604E+01
 9788  -4.308849E+01
 9789  -4.309095E+01
 9790  -4.309341E+01
 9791  -4.309586E+01
 9792  -4.309832E+01
 9793  -4.310077E+01
 9794  -4.310323E+01
 9795  -4.310569E+01
 9796  -4.310814E+01
 9797  -4.311060E+01
 9798  -4.311305E+01
 9799  -4.311551E+01
 9800  -4.311796E+01
 9801  -4.312042E+01
 9802  -4.312288E+01
 9803  -4.312533E+01
 9804  -4.312779E+01
 9805  -4.313024E+01
 9806  -4.313270E+01
 9807  -4.313515E+01
 9808  -4.313761E+01
 9809  -4.314006E+01
 9810  -4.314251E+01
 9811  -4.314497E+01
 9812  -4.314742E+01
 9813  -4.314987E+01
 9814  -4.315233E+01
 9815  -4.315478E+01
 9816  -4.315723E+01
 9817  -4.315968E+01
 9818  -4.316214E+01
 9819  -4.316459E+01
 9820  -4.316704E+01
 9821  -4.316949E+01
 9822  -4.317194E+01
 9823  -4.317439E+01
 9824  -4.317684E+01
 9825  -4.317929E+01
 9826  -4.318174E+01
 9827  -4.318418E+01
 9828  -4.318663E+01
 9829  -4.318908E+01
 9830  -4.319153E+01
 9831  -4.319397E+01
 9832  -4.319642E+01
 9833  -4.319886E+01
 9834  -4.320131E+01
 9835  -4.320375E+01
 9836  -4.320619E+01
 9837  -4.320864E+01
 9838  -4.321108E+01
 9839  -4.321352E+01
 9840  -4.321596E+01
 9841  -4.321840E+01
 9842  -4.322084E+01
 9843  -4.322328E+01
 9844  -4.322572E+01
 9845  -4.322815E+01
 9846  -4.323059E+01
 9847  -4.323303E+01
 9848  -4.323546E+01
 9849  -4.323790E+01
 9850  -4.324033E+01
 9851  -4.324276E+01
 9852  -4.324519E+01
 9853  -4.324763E+01
 9854  -4.325006E+01
 9855  -4.325249E+01
 9856  -4.325491E+01
 9857  -4.325734E+01
 9858  -4.325977E+01
 9859  -4.326219E+01
 9860  -4.326462E+01
 9861  -4.326704E+01
 9862  -4.326947E+01
 9863  -4.327189E+01
 9864  -4.327431E+01
 9865  -4.327673E+01
 9866  -4.327915E+01
 9867  -4.328157E+01
 9868  -4.328398E+01
 9869  -4.328640E+01
 9870  -4.328882E+01
 9871  -4.329123E+01
 9872  -4.329364E+01
 9873  -4.329605E+01
 9874  -4.329846E+01
 9875  -4.330087E+01
 9876  -4.330328E+01
 9877  -4.330569E+01
 9878  -4.330809E+01
 9879  -4.331050E+01
 9880  -4.331290E+01
 9881  -4.331531E+01
 9882  -4.331771E+01
 9883  -4.332011E+01
 9884  -4.332250E+01
 9885  -4.332490E+01
 9886  -4.332730E+01
 9887  -4.332969E+01
 9888  -4.333209E+01
 9889  -4.333448E+01
 9890  -4.333687E+01
 9891  -4.333926E+01
 9892  -4.334165E+01
 9893  -4.334403E+01
 9894  -4.334642E+01
 9895  -4.334880E+01
 9896  -4.335118E+01
 9897  -4.335357E+01
 9898  -4.335594E+01
 9899  -4.335832E+01
 9900  -4.336070E+01
 9901  -4.336307E+01
 9902  -4.336545E+01
 9903  -4.336782E+01
 9904  -4.337019E+01
 9905  -4.337256E+01
 9906  -4.337493E+01
 9907  -4.337729E+01
 9908  -4.337966E+01
 9909  -4.338202E+01
 9910  -4.338438E+01
 9911  -4.338674E+01
 9912  -4.338910E+01
 9913  -4.339146E+01
 9914  -4.339381E+01
 9915  -4.339616E+01
 9916  -4.339852E+01
 9917  -4.340087E+01
 9918  -4.340321E+01
 9919  -4.340556E+01
 9920  -4.340790E+01
 9921  -4.341025E+01
 9922  -4.341259E+01
 9923  -4.341493E+01
 9924  -4.341727E+01
 9925  -4.341960E+01
 9926  -4.342194E+01
 9927  -4.342427E+01
 9928  -4.342661E+01
 9929  -4.342894E+01
 9930  -4.343127E+01
 9931  -4.343360E+01
 9932  -4.343593E+01
 9933  -4.343826E+01
 9934  -4.344058E+01
 9935  -4.344290E+01
 9936  -4.344522E+01
 9937  -4.344754E+01
 9938  -4.344986E+01
 9939  -4.345217E+01
 9940  -4.345448E+01
 9941  -4.345679E+01
 9942  -4.345910E+01
 9943  -4.346141E+01
 9944  -4.346371E+01
 9945  -4.346601E+01
 9946  -4.346831E+01
 9947  -4.347061E+01
 9948  -4.347291E+01
 9949  -4.347520E+01
 9950  -4.347749E+01
 9951  -4.347978E+01
 9952  -4.348207E+01
 9953  -4.348436E+01
 9954  -4.348664E+01
 9955  -4.348892E+01
 9956  -4.349120E+01
 9957  -4.349348E+01
 9958  -4.349576E+01
 9959  -4.349803E+01
 9960  -4.350030E+01
 9961  -4.350257E+01
 9962  -4.350484E+01
 9963  -4.350710E+01
 9964  -4.350936E+01
 9965  -4.351163E+01
 9966  -4.351388E+01
 9967  -4.351614E+01
 9968  -4.351839E+01
 9969  -4.352065E+01
 9970  -4.352290E+01
 9971  -4.352514E+01
 9972  -4.352739E+01
 9973  -4.352963E+01
 9974  -4.353187E+01
 9975  -4.353411E+01
 9976  -4.353635E+01
 9977  -4.353858E+01
 9978  -4.354081E+01
 9979  -4.354304E+01
 9980  -4.354527E+01
 9981  -4.354749E+01
 9982  -4.354972E+01
 9983  -4.355194E+01
 9984  -4.355415E+01
 9985  -4.355637E+01
 9986  -4.355858E+01
 9987  -4.356080E+01
 9988  -4.356300E+01
 9989  -4.356521E+01
 9990  -4.356742E+01
 9991  -4.356962E+01
 9992  -4.357182E+01
 9993  -4.357401E+01
 9994  -4.357621E+01
 9995  -4.357840E+01
 9996  -4.358059E+01
 9997  -4.358278E+01
 9998  -4.358497E+01
 9999  -4.358715E+01
10000  -4.358933E+01
10001  -4.359151E+01
10002  -4.359369E+01
10003  -4.359586E+01
10004  -4.359803E+01
10005  -4.360020E+01
10006  -4.360237E+01
10007  -4.360453E+01
10008  -4.360670E+01
10009  -4.360885E+01
10010  -4.361101E+01
10011  -4.361317E+01
10012  -4.361532E+01
10013  -4.361747E+01
10014  -4.361962E+01
10015  -4.362176E+01
10016  -4.362391E+01
10017  -4.362605E+01
10018  -4.362819E+01
10019  -4.363032E+01
10020  -4.363246E+01
10021  -4.363459E+01
10022  -4.363672E+01
10023  -4.363884E+01
10024  -4.364097E+01
10025  -4.364309E+01
10026  -4.364521E+01
10027  -4.364732E+01
10028  -4.364944E+01
10029  -4.365155E+01
10030  -4.365366E+01
10031  -4.365577E+01
10032  -4.365787E+01
10033  -4.365998E+01
10034  -4.366208E+01
10035  -4.366417E+01
10036  -4.366627E+01
10037  -4.366836E+01
10038  -4.367045E+01
10039  -4.367254E+01
10040  -4.367463E+01
10041  -4.367671E+01
10042  -4.367879E+01
10043  -4.368087E+01
10044  -4.368294E+01
10045  -4.368502E+01
10046  -4.368709E+01
10047  -4.368916E+01
10048  -4.369123E+01
10049  -4.369329E+01
10050  -4.369535E+01
10051  -4.369741E+01
10052  -4.369947E+01
10053  -4.370152E+01
10054  -4.370358E+01
10055  -4.370563E+01
10056  -4.370767E+01
10057  -4.370972E+01
10058  -4.371176E+01
10059  -4.371380E+01
10060  -4.371584E+01
10061  -4.371788E+01
10062  -4.371991E+01
10063  -4.372194E+01
10064  -4.372397E+01
10065  -4.372600E+01
10066  -4.372802E+01
10067  -4.373005E+01
10068  -4.373206E+01
10069  -4.373408E+01
10070  -4.373610E+01
10071  -4.373811E+01
10072  -4.374012E+01
10073  -4.374213E+01
10074  -4.374413E+01
10075  -4.374614E+01
10076  -4.374814E+01
10077  -4.375014E+01
10078  -4.375213E+01
10079  -4.375413E+01
10080  -4.375612E+01
10081  -4.375811E+01
10082  -4.376010E+01
10083  -4.376208E+01
10084  -4.376407E+01
10085  -4.376605E+01
10086  -4.376803E+01
10087  -4.377000E+01
10088  -4.377198E+01
10089  -4.377395E+01
10090  -4.377592E+01
10091  -4.377789E+01
10092  -4.377985E+01
10093  -4.378181E+01
10094  -4.378377E+01
10095  -4.378573E+01
10096  -4.378769E+01
10097  -4.378964E+01
10098  -4.379160E+01
10099  -4.379354E+01
10100  -4.379549E+01
10101  -4.379744E+01
10102  -4.379938E+01
10103  -4.380132E+01
10104  -4.380326E+01
10105  -4.380520E+01
10106  -4.380713E+01
10107  -4.380906E+01
10108  -4.381099E+01
10109  -4.381292E+01
10110  -4.381485E+01
10111  -4.381677E+01
10112  -4.381869E+01
10113  -4.382061E+01
10114  -4.382253E+01
10115  -4.382445E+01
10116  -4.382636E+01
10117  -4.382827E+01
10118  -4.383018E+01
10119  -4.383209E+01
10120  -4.383399E+01
10121  -4.383590E+01
10122  -4.383780E+01
10123  -4.383970E+01
10124  -4.384159E+01
10125  -4.384349E+01
10126  -4.384538E+01
10127  -4.384727E+01
10128  -4.384916E+01
10129  -4.385105E+01
10130  -4.385293E+01
10131  -4.385481E+01
10132  -4.385670E+01
10133  -4.385857E+01
10134  -4.386045E+01
10135  -4.386233E+01
10136  -4.386420E+01
10137  -4.386607E+01
10138  -4.386794E+01
10139  -4.386981E+01
10140  -4.387167E+01
10141  -4.387353E+01
10142  -4.387539E+01
10143  -4.387725E+01
10144  -4.387911E+01
10145  -4.388097E+01
10146  -4.388282E+01
10147  -4.388467E+01
10148  -4.388652E+01
10149  -4.388837E+01
10150  -4.389021E+01
10151  -4.389206E+01
10152  -4.389390E+01
10153  -4.389574E+01
10154  -4.389758E+01
10155  -4.389942E+01
10156  -4.390125E+01
10157  -4.390308E+01
10158  -4.390491E+01
10159  -4.390674E+01
10160  -4.390857E+01
10161  -4.391040E+01
10162  -4.391222E+01
10163  -4.391404E+01
10164  -4.391586E+01
10165  -4.391768E+01
10166  -4.391950E+01
10167  -4.392131E+01
10168  -4.392313E+01
10169  -4.392494E+01
10170  -4.392675E+01
10171  -4.392855E+01
10172  -4.393036E+01
10173  -4.393216E+01
10174  -4.393397E+01
10175  -4.393577E+01
10176  -4.393757E+01
10177  -4.393936E+01
10178  -4.394116E+01
10179  -4.394295E+01
10180  -4.394475E+01
10181  -4.394654E+01
10182  -4.394833E+01
10183  -4.395011E+01
10184  -4.395190E+01
10185  -4.395368E+01
10186  -4.395547E+01
10187  -4.395725E+01
10188  -4.395902E+01
10189  -4.396080E+01
10190  -4.396258E+01
10191  -4.396435E+01
10192  -4.396612E+01
10193  -4.396790E+01
10194  -4.396966E+01
10195  -4.397143E+01
10196  -4.397320E+01
10197  -4.397496E+01
10198  -4.397672E+01
10199  -4.397849E+01
10200  -4.398025E+01
10201  -4.398200E+01
10202  -4.398376E+01
10203  -4.398552E+01
10204  -4.398727E+01
10205  -4.398902E+01
10206  -4.399077E+01
10207  -4.399252E+01
10208  -4.399427E+01
10209  -4.399601E+01
10210  -4.399776E+01
10211  -4.399950E+01
10212  -4.400124E+01
10213  -4.400298E+01
10214  -4.400472E+01
10215  -4.400645E+01
10216  -4.400819E+01
10217  -4.400992E+01
10218  -4.401166E+01
10219  -4.401339E+01
10220  -4.401512E+01
10221  -4.401684E+01
10222  -4.401857E+01
10223  -4.402029E+01
10224  -4.402202E+01
10225  -4.402374E+01
10226  -4.402546E+01
10227  -4.402718E+01
10228  -4.402890E+01
10229  -4.403061E+01
10230  -4.403233E+01
10231  -4.403404E+01
10232  -4.403575E+01
10233  -4.403746E+01
10234  -4.403917E+01
10235  -4.404088E+01
10236  -4.404259E+01
10237  -4.404429E+01
10238  -4.404600E+01
10239  -4.404770E+01
10240  -4.404940E+01
10241  -4.405110E+01
10242  -4.405280E+01
10243  -4.405449E+01
10244  -4.405619E+01
10245  -4.405788E+01
10246  -4.405958E+01
10247  -4.406127E+01
10248  -4.406296E+01
10249  -4.406465E+01
10250  -4.406634E+01
10251  -4.406802E+01
10252  -4.406971E+01
10253  -4.407139E+01
10254  -4.407307E+01
10255  -4.407475E+01
10256  -4.407643E+01
10257  -4.407811E+01
10258  -4.407979E+01
10259  -4.408146E+01
10260  -4.408314E+01
10261  -4.408481E+01
10262  -4.408648E+01
10263  -4.408816E+01
10264  -4.408983E+01
10265  -4.409149E+01
10266  -4.409316E+01
10267  -4.409483E+01
10268  -4.409649E+01
10269  -4.409815E+01
10270  -4.409982E+01
10271  -4.410148E+01
10272  -4.410314E+01
10273  -4.410480E+01
10274  -4.410645E+01
10275  -4.410811E+01
10276  -4.410976E+01
10277  -4.411142E+01
10278  -4.411307E+01
10279  -4.411472E+01
10280  -4.411637E+01
10281  -4.411802E+01
10282  -4.411967E+01
10283  -4.412132E+01
10284  -4.412296E+01
10285  -4.412461E+01
10286  -4.412625E+01
10287  -4.412789E+01
10288  -4.412953E+01
10289  -4.413117E+01
10290  -4.413281E+01
10291  -4.413445E+01
10292  -4.413608E+01
10293  -4.413772E+01
10294  -4.413935E+01
10295  -4.414099E+01
10296  -4.414262E+01
10297  -4.414425E+01
10298  -4.414588E+01
10299  -4.414751E+01
10300  -4.414913E+01
10301  -4.415076E+01
10302  -4.415238E+01
10303  -4.415401E+01
10304  -4.415563E+01
10305  -4.415725E+01
10306  -4.415887E+01
10307  -4.416049E+01
10308  -4.416211E+01
10309  -4.416373E+01
10310  -4.416535E+01
10311  -4.416696E+01
10312  -4.416858E+01
10313  -4.417019E+01
10314  -4.417180E+01
10315  -4.417341E+01
10316  -4.417502E+01
10317  -4.417663E+01
10318  -4.417824E+01
10319  -4.417985E+01
10320  -4.418145E+01
10321  -4.418306E+01
10322  -4.418466E+01
10323  -4.418627E+01
10324  -4.418787E+01
10325  -4.418947E+01
10326  -4.419107E+01
10327  -4.419267E+01
10328  -4.419427E+01
10329  -4.419586E+01
10330  -4.419746E+01
10331  -4.419906E+01
10332  -4.420065E+01
10333  -4.420224E+01
10334  -4.420384E+01
10335  -4.420543E+01
10336  -4.420702E+01
10337  -4.420861E+01
10338  -4.421020E+01
10339  -4.421178E+01
10340  -4.421337E+01
10341  -4.421496E+01
10342  -4.421654E+01
10343  -4.421812E+01
10344  -4.421971E+01
10345  -4.422129E+01
10346  -4.422287E+01
10347  -4.422445E+01
10348  -4.422603E+01
10349  -4.422761E+01
10350  -4.422918E+01
10351  -4.423076E+01
10352  -4.423234E+01
10353  -4.423391E+01
10354  -4.423548E+01
10355  -4.423706E+01
10356  -4.423863E+01
10357  -4.424020E+01
10358  -4.424177E+01
10359  -4.424334E+01
10360  -4.424491E+01
10361  -4.424648E+01
10362  -4.424804E+01
10363  -4.424961E+01
10364  -4.425117E+01
10365  -4.425274E+01
10366  -4.425430E+01
10367  -4.425586E+01
10368  -4.425743E+01
10369  -4.425899E+01
10370  -4.426055E+01
10371  -4.426211E+01
10372  -4.426366E+01
10373  -4.426522E+01
10374  -4.426678E+01
10375  -4.426833E+01
10376  -4.426989E+01
10377  -4.427144E+01
10378  -4.427300E+01
10379  -4.427455E+01
10380  -4.427610E+01
10381  -4.427765E+01
10382  -4.427920E+01
10383  -4.428075E+01
10384  -4.428230E+01
10385  -4.428385E+01
10386  -4.428540E+01
10387  -4.428694E+01
10388  -4.428849E+01
10389  -4.429004E+01
10390  -4.429158E+01
10391  -4.429312E+01
10392  -4.429467E+01
10393  -4.429621E+01
10394  -4.429775E+01
10395  -4.429929E+01
10396  -4.430083E+01
10397  -4.430237E+01
10398  -4.430391E+01
10399  -4.430545E+01
10400  -4.430698E+01
10401  -4.430852E+01
10402  -4.431006E+01
10403  -4.431159E+01
10404  -4.431313E+01
10405  -4.431466E+01
10406  -4.431619E+01
10407  -4.431773E+01
10408  -4.431926E+01
10409  -4.432079E+01
10410  -4.432232E+01
10411  -4.432385E+01
10412  -4.432538E+01
10413  -4.432691E+01
10414  -4.432843E+01
10415  -4.432996E+01
10416  -4.433149E+01
10417  -4.433301E+01
10418  -4.433454E+01
10419  -4.433606E+01
10420  -4.433759E+01
10421  -4.433911E+01
10422  -4.434063E+01
10423  -4.434216E+01
10424  -4.434368E+01
10425  -4.434520E+01
10426  -4.434672E+01
10427  -4.434824E+01
10428  -4.434976E+01
10429  -4.435128E+01
10430  -4.435280E+01
10431  -4.435431E+01
10432  -4.435583E+01
10433  -4.435735E+01
10434  -4.435886E+01
10435  -4.436038E+01
10436  -4.436189E+01
10437  -4.436341E+01
10438  -4.436492E+01
10439  -4.436643E+01
10440  -4.436795E+01
10441  -4.436946E+01
10442  -4.437097E+01
10443  -4.437248E+01
10444  -4.437399E+01
10445  -4.437550E+01
10446  -4.437701E+01
10447  -4.437852E+01
10448  -4.438003E+01
10449  -4.438154E+01
10450  -4.438305E+01
10451  -4.438455E+01
10452  -4.438606E+01
10453  -4.438757E+01
10454  -4.438907E+01
10455  -4.439058E+01
10456  -4.439208E+01
10457  -4.439359E+01
10458  -4.439509E+01
10459  -4.439660E+01
10460  -4.439810E+01
10461  -4.439960E+01
10462  -4.440110E+01
10463  -4.440261E+01
10464  -4.440411E+01
10465  -4.440561E+01
10466  -4.440711E+01
10467  -4.440861E+01
10468  -4.441011E+01
10469  -4.441161E+01
10470  -4.441311E+01
10471  -4.441461E+01
10472  -4.441611E+01
10473  -4.441760E+01
10474  -4.441910E+01
10475  -4.442060E+01
10476  -4.442210E+01
10477  -4.442359E+01
10478  -4.442509E+01
10479  -4.442659E+01
10480  -4.442808E+01
10481  -4.442958E+01
10482  -4.443107E+01
10483  -4.443257E+01
10484  -4.443406E+01
10485  -4.443556E+01
10486  -4.443705E+01
10487  -4.443854E+01
10488  -4.444004E+01
10489  -4.444153E+01
10490  -4.444302E+01
10491  -4.444451E+01
10492  -4.444601E+01
10493  -4.444750E+01
10494  -4.444899E+01
10495  -4.445048E+01
10496  -4.445197E+01
10497  -4.445346E+01
10498  -4.445495E+01
10499  -4.445644E+01
10500  -4.445794E+01
10501  -4.445943E+01
10502  -4.446092E+01
10503  -4.446240E+01
10504  -4.446389E+01
10505  -4.446538E+01
10506  -4.446687E+01
10507  -4.446836E+01
10508  -4.446985E+01
10509  -4.447134E+01
10510  -4.447283E+01
10511  -4.447431E+01
10512  -4.447580E+01
10513  -4.447729E+01
10514  -4.447878E+01
10515  -4.448027E+01
10516  -4.448175E+01
10517  -4.448324E+01
10518  -4.448473E+01
10519  -4.448621E+01
10520  -4.448770E+01
10521  -4.448919E+01
10522  -4.449067E+01
10523  -4.449216E+01
10524  -4.449365E+01
10525  -4.449513E+01
10526  -4.449662E+01
10527  -4.449811E+01
10528  -4.449959E+01
10529  -4.450108E+01
10530  -4.450256E+01
10531  -4.450405E+01
10532  -4.450554E+01
10533  -4.450702E+01
10534  -4.450851E+01
10535  -4.450999E+01
10536  -4.451148E+01
10537  -4.451296E+01
10538  -4.451445E+01
10539  -4.451594E+01
10540  -4.451742E+01
10541  -4.451891E+01
10542  -4.452039E+01
10543  -4.452188E+01
10544  -4.452336E+01
10545  -4.452485E+01
10546  -4.452633E+01
10547  -4.452782E+01
10548  -4.452931E+01
10549  -4.453079E+01
10550  -4.453228E+01
10551  -4.453376E+01
10552  -4.453525E+01
10553  -4.453673E+01
10554  -4.453822E+01
10555  -4.453971E+01
10556  -4.454119E+01
10557  -4.454268E+01
10558  -4.454416E+01
10559  -4.454565E+01
10560  -4.454714E+01
10561  -4.454862E+01
10562  -4.455011E+01
10563  -4.455160E+01
10564  -4.455308E+01
10565  -4.455457E+01
10566  -4.455606E+01
10567  -4.455755E+01
10568  -4.455903E+01
10569  -4.456052E+01
10570  -4.456201E+01
10571  -4.456350E+01
10572  -4.456498E+01
10573  -4.456647E+01
10574  -4.456796E+01
10575  -4.456945E+01
10576  -4.457094E+01
10577  -4.457243E+01
10578  -4.457392E+01
10579  -4.457540E+01
10580  -4.457689E+01
10581  -4.457838E+01
10582  -4.457987E+01
10583  -4.458136E+01
10584  -4.458285E+01
10585  -4.458434E+01
10586  -4.458584E+01
10587  -4.458733E+01
10588  -4.458882E+01
10589  -4.459031E+01
10590  -4.459180E+01
10591  -4.459329E+01
10592  -4.459479E+01
10593  -4.459628E+01
10594  -4.459777E+01
10595  -4.459926E+01
10596  -4.460076E+01
10597  -4.460225E+01
10598  -4.460375E+01
10599  -4.460524E+01
10600  -4.460673E+01
10601  -4.460823E+01
10602  -4.460972E+01
10603  -4.461122E+01
10604  -4.461272E+01
10605  -4.461421E+01
10606  -4.461571E+01
10607  -4.461721E+01
10608  -4.461870E+01
10609  -4.462020E+01
10610  -4.462170E+01
10611  -4.462320E+01
10612  -4.462470E+01
10613  -4.462620E+01
10614  -4.462770E+01
10615  -4.462920E+01
10616  -4.463070E+01
10617  -4.463220E+01
10618  -4.463370E+01
10619  -4.463520E+01
10620  -4.463671E+01
10621  -4.463822E+01
10622  -4.463972E+01
10623  -4.464123E+01
10624  -4.464274E+01
10625  -4.464425E+01
10626  -4.464576E+01
10627  -4.464726E+01
10628  -4.464877E+01
10629  -4.465028E+01
10630  -4.465179E+01
10631  -4.465330E+01
10632  -4.465482E+01
10633  -4.465633E+01
10634  -4.465784E+01
10635  -4.465935E+01
10636  -4.466087E+01
10637  -4.466238E+01
10638  -4.466389E+01
10639  -4.466541E+01
10640  -4.466692E+01
10641  -4.466844E+01
10642  -4.466996E+01
10643  -4.467147E+01
10644  -4.467299E+01
10645  -4.467451E+01
10646  -4.467603E+01
10647  -4.467755E+01
10648  -4.467907E+01
10649  -4.468059E+01
10650  -4.468211E+01
10651  -4.468363E+01
10652  -4.468515E+01
10653  -4.468668E+01
10654  -4.468820E+01
10655  -4.468972E+01
10656  -4.469125E+01
10657  -4.469277E+01
10658  -4.469430E+01
10659  -4.469582E+01
10660  -4.469735E+01
10661  -4.469888E+01
10662  -4.470041E+01
10663  -4.470194E+01
10664  -4.470347E+01
10665  -4.470500E+01
10666  -4.470653E+01
10667  -4.470806E+01
10668  -4.470959E+01
10669  -4.471112E+01
10670  -4.471266E+01
10671  -4.471419E+01
10672  -4.471573E+01
10673  -4.471726E+01
10674  -4.471880E+01
10675  -4.472034E+01
10676  -4.472187E+01
10677  -4.472341E+01
10678  -4.472495E+01
10679  -4.472649E+01
10680  -4.472803E+01
10681  -4.472957E+01
10682  -4.473112E+01
10683  -4.473266E+01
10684  -4.473420E+01
10685  -4.473575E+01
10686  -4.473729E+01
10687  -4.473884E+01
10688  -4.474038E+01
10689  -4.474193E+01
10690  -4.474348E+01
10691  -4.474503E+01
10692  -4.474658E+01
10693  -4.474813E+01
10694  -4.474968E+01
10695  -4.475123E+01
10696  -4.475279E+01
10697  -4.475434E+01
10698  -4.475589E+01
10699  -4.475745E+01
10700  -4.475901E+01
10701  -4.476056E+01
10702  -4.476212E+01
10703  -4.476368E+01
10704  -4.476524E+01
10705  -4.476680E+01
10706  -4.476836E+01
10707  -4.476992E+01
10708  -4.477149E+01
10709  -4.477305E+01
10710  -4.477461E+01
10711  -4.477618E+01
10712  -4.477775E+01
10713  -4.477931E+01
10714  -4.478088E+01
10715  -4.478245E+01
10716  -4.478402E+01
10717  -4.478559E+01
10718  -4.478717E+01
10719  -4.478874E+01
10720  -4.479031E+01
10721  -4.479189E+01
10722  -4.479346E+01
10723  -4.479504E+01
10724  -4.479662E+01
10725  -4.479819E+01
10726  -4.479977E+01
10727  -4.480135E+01
10728  -4.480294E+01
10729  -4.480452E+01
10730  -4.480610E+01
10731  -4.480769E+01
10732  -4.480927E+01
10733  -4.481086E+01
10734  -4.481244E+01
10735  -4.481403E+01
10736  -4.481562E+01
10737  -4.481721E+01
10738  -4.481880E+01
10739  -4.482039E+01
10740  -4.482199E+01
10741  -4.482358E+01
10742  -4.482518E+01
10743  -4.482677E+01
10744  -4.482837E+01
10745  -4.482997E+01
10746  -4.483157E+01
10747  -4.483317E+01
10748  -4.483477E+01
10749  -4.483637E+01
10750  -4.483798E+01
10751  -4.483958E+01
10752  -4.484119E+01
10753  -4.484279E+01
10754  -4.484440E+01
10755  -4.484601E+01
10756  -4.484762E+01
10757  -4.484923E+01
10758  -4.485084E+01
10759  -4.485246E+01
10760  -4.485407E+01
10761  -4.485569E+01
10762  -4.485730E+01
10763  -4.485892E+01
10764  -4.486054E+01
10765  -4.486216E+01
10766  -4.486378E+01
10767  -4.486540E+01
10768  -4.486702E+01
10769  -4.486865E+01
10770  -4.487027E+01
10771  -4.487190E+01
10772  -4.487353E+01
10773  -4.487516E+01
10774  -4.487679E+01
10775  -4.487842E+01
10776  -4.488005E+01
10777  -4.488169E+01
10778  -4.488332E+01
10779  -4.488496E+01
10780  -4.488659E+01
10781  -4.488823E+01
10782  -4.488987E+01
10783  -4.489151E+01
10784  -4.489315E+01
10785  -4.489480E+01
10786  -4.489644E+01
10787  -4.489809E+01
10788  -4.489973E+01
10789  -4.490138E+01
10790  -4.490303E+01
10791  -4.490468E+01
10792  -4.490633E+01
10793  -4.490799E+01
10794  -4.490964E+01
10795  -4.491129E+01
10796  -4.491295E+01
10797  -4.491461E+01
10798  -4.491627E+01
10799  -4.491793E+01
10800  -4.491959E+01
10801  -4.492125E+01
10802  -4.492292E+01
10803  -4.492458E+01
10804  -4.492625E+01
10805  -4.492792E+01
10806  -4.492959E+01
10807  -4.493126E+01
10808  -4.493293E+01
10809  -4.493460E+01
10810  -4.493628E+01
10811  -4.493795E+01
10812  -4.493963E+01
10813  -4.494131E+01
10814  -4.494299E+01
10815  -4.494467E+01
10816  -4.494635E+01
10817  -4.494804E+01
10818  -4.494972E+01
10819  -4.495141E+01
10820  -4.495310E+01
10821  -4.495478E+01
10822  -4.495648E+01
10823  -4.495817E+01
10824  -4.495986E+01
10825  -4.496155E+01
10826  -4.496325E+01
10827  -4.496495E+01
10828  -4.496665E+01
10829  -4.496835E+01
10830  -4.497005E+01
10831  -4.497175E+01
10832  -4.497345E+01
10833  -4.497516E+01
10834  -4.497687E+01
10835  -4.497858E+01
10836  -4.498029E+01
10837  -4.498200E+01
10838  -4.498371E+01
10839  -4.498542E+01
10840  -4.498714E+01
10841  -4.498886E+01
10842  -4.499057E+01
10843  -4.499229E+01
10844  -4.499401E+01
10845  -4.499574E+01
10846  -4.499746E+01
10847  -4.499919E+01
10848  -4.500091E+01
10849  -4.500264E+01
10850  -4.500437E+01
10851  -4.500610E+01
10852  -4.500783E+01
10853  -4.500957E+01
10854  -4.501130E+01
10855  -4.501304E+01
10856  -4.501478E+01
10857  -4.501652E+01
10858  -4.501826E+01
10859  -4.502000E+01
10860  -4.502175E+01
10861  -4.502349E+01
10862  -4.502524E+01
10863  -4.502699E+01
10864  -4.502874E+01
10865  -4.503049E+01
10866  -4.503225E+01
10867  -4.503400E+01
10868  -4.503576E+01
10869  -4.503752E+01
10870  -4.503928E+01
10871  -4.504104E+01
10872  -4.504280E+01
10873  -4.504456E+01
10874  -4.504633E+01
10875  -4.504810E+01
10876  -4.504986E+01
10877  -4.505164E+01
10878  -4.505341E+01
10879  -4.505518E+01
10880  -4.505696E+01
10881  -4.505873E+01
10882  -4.506051E+01
10883  -4.506229E+01
10884  -4.506407E+01
10885  -4.506585E+01
10886  -4.506764E+01
10887  -4.506942E+01
10888  -4.507121E+01
10889  -4.507300E+01
10890  -4.507479E+01
10891  -4.507658E+01
10892  -4.507838E+01
10893  -4.508017E+01
10894  -4.508197E+01
10895  -4.508377E+01
10896  -4.508557E+01
10897  -4.508737E+01
10898  -4.508917E+01
10899  -4.509098E+01
10900  -4.509278E+01
10901  -4.509459E+01
10902  -4.509640E+01
10903  -4.509821E+01
10904  -4.510003E+01
10905  -4.510184E+01
10906  -4.510366E+01
10907  -4.510548E+01
10908  -4.510730E+01
10909  -4.510912E+01
10910  -4.511094E+01
10911  -4.511277E+01
10912  -4.511459E+01
10913  -4.511642E+01
10914  -4.511825E+01
10915  -4.512008E+01
10916  -4.512191E+01
10917  -4.512375E+01
10918  -4.512558E+01
10919  -4.512742E+01
10920  -4.512926E+01
10921  -4.513110E+01
10922  -4.513295E+01
10923  -4.513479E+01
10924  -4.513664E+01
10925  -4.513849E+01
10926  -4.514034E+01
10927  -4.514219E+01
10928  -4.514404E+01
10929  -4.514589E+01
10930  -4.514775E+01
10931  -4.514961E+01
10932  -4.515147E+01
10933  -4.515333E+01
10934  -4.515519E+01
10935  -4.515706E+01
10936  -4.515893E+01
10937  -4.516080E+01
10938  -4.516267E+01
10939  -4.516454E+01
10940  -4.516641E+01
10941  -4.516829E+01
10942  -4.517016E+01
10943  -4.517204E+01
10944  -4.517392E+01
10945  -4.517581E+01
10946  -4.517769E+01
10947  -4.517958E+01
10948  -4.518146E+01
10949  -4.518335E+01
10950  -4.518525E+01
10951  -4.518714E+01
10952  -4.518903E+01
10953  -4.519093E+01
10954  -4.519283E+01
10955  -4.519473E+01
10956  -4.519663E+01
10957  -4.519853E+01
10958  -4.520044E+01
10959  -4.520235E+01
10960  -4.520426E+01
10961  -4.520617E+01
10962  -4.520808E+01
10963  -4.520999E+01
10964  -4.521191E+01
10965  -4.521383E+01
10966  -4.521575E+01
10967  -4.521767E+01
10968  -4.521959E+01
10969  -4.522152E+01
10970  -4.522344E+01
10971  -4.522537E+01
10972  -4.522730E+01
10973  -4.522924E+01
10974  -4.523117E+01
10975  -4.523311E+01
10976  -4.523504E+01
10977  -4.523698E+01
10978  -4.523892E+01
10979  -4.524087E+01
10980  -4.524281E+01
10981  -4.524476E+01
10982  -4.524671E+01
10983  -4.524866E+01
10984  -4.525061E+01
10985  -4.525257E+01
10986  -4.525452E+01
10987  -4.525648E+01
10988  -4.525844E+01
10989  -4.526040E+01
10990  -4.526237E+01
10991  -4.526433E+01
10992  -4.526630E+01
10993  -4.526827E+01
10994  -4.527024E+01
10995  -4.527221E+01
10996  -4.527419E+01
10997  -4.527616E+01
10998  -4.527814E+01
10999  -4.528012E+01
11000  -4.528210E+01
11001  -4.528409E+01
11002  -4.528607E+01
11003  -4.528806E+01
11004  -4.529005E+01
11005  -4.529204E+01
11006  -4.529404E+01
11007  -4.529603E+01
11008  -4.529803E+01
11009  -4.530003E+01
11010  -4.530203E+01
11011  -4.530403E+01
11012  -4.530604E+01
11013  -4.530804E+01
11014  -4.531005E+01
11015  -4.531206E+01
11016  -4.531407E+01
11017  -4.531609E+01
11018  -4.531810E+01
11019  -4.532012E+01
11020  -4.532214E+01
11021  -4.532416E+01
11022  -4.532619E+01
11023  -4.532821E+01
11024  -4.533024E+01
11025  -4.533227E+01
11026  -4.533430E+01
11027  -4.533633E+01
11028  -4.533837E+01
11029  -4.534041E+01
11030  -4.534244E+01
11031  -4.534449E+01
11032  -4.534653E+01
11033  -4.534857E+01
11034  -4.535062E+01
11035  -4.535267E+01
11036  -4.535472E+01
11037  -4.535677E+01
11038  -4.535883E+01
11039  -4.536088E+01
11040  -4.536294E+01
11041  -4.536500E+01
11042  -4.536706E+01
11043  -4.536913E+01
11044  -4.537119E+01
11045  -4.537326E+01
11046  -4.537533E+01
11047  -4.537740E+01
11048  -4.537947E+01
11049  -4.538155E+01
11050  -4.538363E+01
11051  -4.538571E+01
11052  -4.538779E+01
11053  -4.538987E+01
11054  -4.539196E+01
11055  -4.539404E+01
11056  -4.539613E+01
11057  -4.539822E+01
11058  -4.540032E+01
11059  -4.540241E+01
11060  -4.540451E+01
11061  -4.540661E+01
11062  -4.540871E+01
11063  -4.541081E+01
11064  -4.541292E+01
11065  -4.541502E+01
11066  -4.541713E+01
11067  -4.541924E+01
11068  -4.542135E+01
11069  -4.542347E+01
11070  -4.542558E+01
11071  -4.542770E+01
11072  -4.542982E+01
11073  -4.543194E+01
11074  -4.543407E+01
11075  -4.543620E+01
11076  -4.543832E+01
11077  -4.544045E+01
11078  -4.544258E+01
11079  -4.544472E+01
11080  -4.544685E+01
11081  -4.544899E+01
11082  -4.545113E+01
11083  -4.545327E+01
11084  -4.545542E+01
11085  -4.545756E+01
11086  -4.545971E+01
11087  -4.546186E+01
11088  -4.546401E+01
11089  -4.546616E+01
11090  -4.546832E+01
11091  -4.547048E+01
11092  -4.547264E+01
11093  -4.547480E+01
11094  -4.547696E+01
11095  -4.547913E+01
11096  -4.548129E+01
11097  -4.548346E+01
11098  -4.548563E+01
11099  -4.548781E+01
11100  -4.548998E+01
11101  -4.549216E+01
11102  -4.549434E+01
11103  -4.549652E+01
11104  -4.549870E+01
11105  -4.550088E+01
11106  -4.550307E+01
11107  -4.550526E+01
11108  -4.550745E+01
11109  -4.550964E+01
11110  -4.551184E+01
11111  -4.551403E+01
11112  -4.551623E+01
11113  -4.551843E+01
11114  -4.552063E+01
11115  -4.552284E+01
11116  -4.552504E+01
11117  -4.552725E+01
11118  -4.552946E+01
11119  -4.553167E+01
11120  -4.553388E+01
11121  -4.553610E+01
11122  -4.553832E+01
11123  -4.554054E+01
11124  -4.554276E+01
11125  -4.554498E+01
11126  -4.554721E+01
11127  -4.554943E+01
11128  -4.555166E+01
11129  -4.555389E+01
11130  -4.555613E+01
11131  -4.555836E+01
11132  -4.556060E+01
11133  -4.556284E+01
11134  -4.556508E+01
11135  -4.556732E+01
11136  -4.556956E+01
11137  -4.557181E+01
11138  -4.557406E+01
11139  -4.557631E+01
11140  -4.557856E+01
11141  -4.558081E+01
11142  -4.558307E+01
11143  -4.558533E+01
11144  -4.558759E+01
11145  -4.558985E+01
11146  -4.559211E+01
11147  -4.559437E+01
11148  -4.559664E+01
11149  -4.559891E+01
11150  -4.560118E+01
11151  -4.560345E+01
11152  -4.560573E+01
11153  -4.560801E+01
11154  -4.561028E+01
11155  -4.561256E+01
11156  -4.561485E+01
11157  -4.561713E+01
11158  -4.561942E+01
11159  -4.562170E+01
11160  -4.562399E+01
11161  -4.562628E+01
11162  -4.562858E+01
11163  -4.563087E+01
11164  -4.563317E+01
11165  -4.563547E+01
11166  -4.563777E+01
11167  -4.564007E+01
11168  -4.564237E+01
11169  -4.564468E+01
11170  -4.564699E+01
11171  -4.564930E+01
11172  -4.565161E+01
11173  -4.565392E+01
11174  -4.565624E+01
11175  -4.565855E+01
11176  -4.566087E+01
11177  -4.566319E+01
11178  -4.566552E+01
11179  -4.566784E+01
11180  -4.567017E+01
11181  -4.567249E+01
11182  -4.567482E+01
11183  -4.567716E+01
11184  -4.567949E+01
11185  -4.568182E+01
11186  -4.568416E+01
11187  -4.568650E+01
11188  -4.568884E+01
11189  -4.569118E+01
11190  -4.569352E+01
11191  -4.569587E+01
11192  -4.569822E+01
11193  -4.570057E+01
11194  -4.570292E+01
11195  -4.570527E+01
11196  -4.570762E+01
11197  -4.570998E+01
11198  -4.571234E+01
11199  -4.571470E+01
11200  -4.571706E+01
11201  -4.571942E+01
11202  -4.572178E+01
11203  -4.572415E+01
11204  -4.572652E+01
11205  -4.572889E+01
11206  -4.573126E+01
11207  -4.573363E+01
11208  -4.573601E+01
11209  -4.573838E+01
11210  -4.574076E+01
11211  -4.574314E+01
11212  -4.574552E+01
11213  -4.574790E+01
11214  -4.575029E+01
11215  -4.575268E+01
11216  -4.575506E+01
11217  -4.575745E+01
11218  -4.575984E+01
11219  -4.576224E+01
11220  -4.576463E+01
11221  -4.576703E+01
11222  -4.576943E+01
11223  -4.577182E+01
11224  -4.577423E+01
11225  -4.577663E+01
11226  -4.577903E+01
11227  -4.578144E+01
11228  -4.578384E+01
11229  -4.578625E+01
11230  -4.578866E+01
11231  -4.579108E+01
11232  -4.579349E+01
11233  -4.579590E+01
11234  -4.579832E+01
11235  -4.580074E+01
11236  -4.580316E+01
11237  -4.580558E+01
11238  -4.580800E+01
11239  -4.581043E+01
11240  -4.581285E+01
11241  -4.581528E+01
11242  -4.581771E+01
11243  -4.582014E+01
11244  -4.582257E+01
11245  -4.582500E+01
11246  -4.582744E+01
11247  -4.582987E+01
11248  -4.583231E+01
11249  -4.583475E+01
11250  -4.583719E+01
11251  -4.583963E+01
11252  -4.584207E+01
11253  -4.584452E+01
11254  -4.584696E+01
11255  -4.584941E+01
11256  -4.585186E+01
11257  -4.585431E+01
11258  -4.585676E+01
11259  -4.585922E+01
11260  -4.586168E+01
11261  -4.586415E+01
11262  -4.586662E+01
11263  -4.586908E+01
11264  -4.587155E+01
11265  -4.587403E+01
11266  -4.587650E+01
11267  -4.587897E+01
11268  -4.588145E+01
11269  -4.588392E+01
11270  -4.588640E+01
11271  -4.588888E+01
11272  -4.589136E+01
11273  -4.589384E+01
11274  -4.589633E+01
11275  -4.589881E+01
11276  -4.590130E+01
11277  -4.590378E+01
11278  -4.590627E+01
11279  -4.590876E+01
11280  -4.591125E+01
11281  -4.591374E+01
11282  -4.591624E+01
11283  -4.591873E+01
11284  -4.592123E+01
11285  -4.592372E+01
11286  -4.592622E+01
11287  -4.592872E+01
11288  -4.593122E+01
11289  -4.593372E+01
11290  -4.593622E+01
11291  -4.593872E+01
11292  -4.594123E+01
11293  -4.594373E+01
11294  -4.594624E+01
11295  -4.594875E+01
11296  -4.595126E+01
11297  -4.595377E+01
11298  -4.595628E+01
11299  -4.595879E+01
11300  -4.596130E+01
11301  -4.596382E+01
11302  -4.596633E+01
11303  -4.596885E+01
11304  -4.597136E+01
11305  -4.597388E+01
11306  -4.597640E+01
11307  -4.597892E+01
11308  -4.598144E+01
11309  -4.598396E+01
11310  -4.598649E+01
11311  -4.598901E+01
11312  -4.599153E+01
11313  -4.599406E+01
11314  -4.599659E+01
11315  -4.599911E+01
11316  -4.600164E+01
11317  -4.600417E+01
11318  -4.600670E+01
11319  -4.600923E+01
11320  -4.601176E+01
11321  -4.601429E+01
11322  -4.601683E+01
11323  -4.601936E+01
11324  -4.602190E+01
11325  -4.602443E+01
11326  -4.602697E+01
11327  -4.602951E+01
11328  -4.603204E+01
11329  -4.603458E+01
11330  -4.603712E+01
11331  -4.603966E+01
11332  -4.604220E+01
11333  -4.604474E+01
11334  -4.604729E+01
11335  -4.604983E+01
11336  -4.605237E+01
11337  -4.605492E+01
11338  -4.605746E+01
11339  -4.606001E+01
11340  -4.606255E+01
11341  -4.606510E+01
11342  -4.606765E+01
11343  -4.607020E+01
11344  -4.607274E+01
11345  -4.607529E+01
11346  -4.607784E+01
11347  -4.608039E+01
11348  -4.608294E+01
11349  -4.608549E+01
11350  -4.608805E+01
11351  -4.609060E+01
11352  -4.609315E+01
11353  -4.609570E+01
11354  -4.609826E+01
11355  -4.610081E+01
11356  -4.610337E+01
11357  -4.610592E+01
11358  -4.610848E+01
11359  -4.611103E+01
11360  -4.611359E+01
11361  -4.611615E+01
11362  -4.611870E+01
11363  -4.612126E+01
11364  -4.612382E+01
11365  -4.612638E+01
11366  -4.612893E+01
11367  -4.613149E+01
11368  -4.613405E+01
11369  -4.613661E+01
11370  -4.613917E+01
11371  -4.614173E+01
11372  -4.614429E+01
11373  -4.614685E+01
11374  -4.614941E+01
11375  -4.615197E+01
11376  -4.615453E+01
11377  -4.615709E+01
11378  -4.615965E+01
11379  -4.616222E+01
11380  -4.616478E+01
11381  -4.616734E+01
11382  -4.616990E+01
11383  -4.617246E+01
11384  -4.617502E+01
11385  -4.617759E+01
11386  -4.618015E+01
11387  -4.618271E+01
11388  -4.618527E+01
11389  -4.618784E+01
11390  -4.619040E+01
11391  -4.619296E+01
11392  -4.619552E+01
11393  -4.619809E+01
11394  -4.620065E+01
11395  -4.620321E+01
11396  -4.620577E+01
11397  -4.620834E+01
11398  -4.621090E+01
11399  -4.621346E+01
11400  -4.621602E+01
11401  -4.621858E+01
11402  -4.622115E+01
11403  -4.622371E+01
11404  -4.622627E+01
11405  -4.622883E+01
11406  -4.623139E+01
11407  -4.623395E+01
11408  -4.623651E+01
11409  -4.623907E+01
11410  -4.624163E+01
11411  -4.624419E+01
11412  -4.624675E+01
11413  -4.624931E+01
11414  -4.625187E+01
11415  -4.625443E+01
11416  -4.625699E+01
11417  -4.625955E+01
11418  -4.626211E+01
11419  -4.626467E+01
11420  -4.626722E+01
11421  -4.626978E+01
11422  -4.627234E+01
11423  -4.627489E+01
11424  -4.627745E+01
11425  -4.628001E+01
11426  -4.628256E+01
11427  -4.628512E+01
11428  -4.628767E+01
11429  -4.629022E+01
11430  -4.629278E+01
11431  -4.629533E+01
11432  -4.629788E+01
11433  -4.630044E+01
11434  -4.630299E+01
11435  -4.630554E+01
11436  -4.630809E+01
11437  -4.631064E+01
11438  -4.631319E+01
11439  -4.631574E+01
11440  -4.631829E+01
11441  -4.632083E+01
11442  -4.632338E+01
11443  -4.632593E+01
11444  -4.632847E+01
11445  -4.633102E+01
11446  -4.633356E+01
11447  -4.633611E+01
11448  -4.633865E+01
11449  -4.634119E+01
11450  -4.634373E+01
11451  -4.634627E+01
11452  -4.634882E+01
11453  -4.635135E+01
11454  -4.635389E+01
11455  -4.635643E+01
11456  -4.635897E+01
11457  -4.636151E+01
11458  -4.636404E+01
11459  -4.636658E+01
11460  -4.636911E+01
11461  -4.637164E+01
11462  -4.637418E+01
11463  -4.637671E+01
11464  -4.637924E+01
11465  -4.638177E+01
11466  -4.638430E+01
11467  -4.638683E+01
11468  -4.638935E+01
11469  -4.639188E+01
11470  -4.639441E+01
11471  -4.639693E+01
11472  -4.639945E+01
11473  -4.640198E+01
11474  -4.640450E+01
11475  -4.640702E+01
11476  -4.640954E+01
11477  -4.641206E+01
11478  -4.641457E+01
11479  -4.641709E+01
11480  -4.641961E+01
11481  -4.642212E+01
11482  -4.642464E+01
11483  -4.642715E+01
11484  -4.642966E+01
11485  -4.643217E+01
11486  -4.643468E+01
11487  -4.643719E+01
11488  -4.643969E+01
11489  -4.644220E+01
11490  -4.644471E+01
11491  -4.644721E+01
11492  -4.644971E+01
11493  -4.645221E+01
11494  -4.645471E+01
11495  -4.645721E+01
11496  -4.645971E+01
11497  -4.646221E+01
11498  -4.646470E+01
11499  -4.646720E+01
11500  -4.646969E+01
11501  -4.647218E+01
11502  -4.647467E+01
11503  -4.647716E+01
11504  -4.647965E+01
11505  -4.648214E+01
11506  -4.648462E+01
11507  -4.648711E+01
11508  -4.648959E+01
11509  -4.649207E+01
11510  -4.649455E+01
11511  -4.649703E+01
11512  -4.649951E+01
11513  -4.650199E+01
11514  -4.650446E+01
11515  -4.650693E+01
11516  -4.650941E+01
11517  -4.651188E+01
11518  -4.651435E+01
11519  -4.651682E+01
11520  -4.651928E+01
11521  -4.652175E+01
11522  -4.652421E+01
11523  -4.652668E+01
11524  -4.652914E+01
11525  -4.653160E+01
11526  -4.653406E+01
11527  -4.653651E+01
11528  -4.653897E+01
11529  -4.654142E+01
11530  -4.654388E+01
11531  -4.654633E+01
11532  -4.654878E+01
11533  -4.655122E+01
11534  -4.655367E+01
11535  -4.655612E+01
11536  -4.655856E+01
11537  -4.656100E+01
11538  -4.656344E+01
11539  -4.656588E+01
11540  -4.656832E+01
11541  -4.657076E+01
11542  -4.657319E+01
11543  -4.657563E+01
11544  -4.657806E+01
11545  -4.658049E+01
11546  -4.658292E+01
11547  -4.658534E+01
11548  -4.658777E+01
11549  -4.659019E+01
11550  -4.659261E+01
11551  -4.659503E+01
11552  -4.659745E+01
11553  -4.659987E+01
11554  -4.660229E+01
11555  -4.660470E+01
11556  -4.660711E+01
11557  -4.660953E+01
11558  -4.661194E+01
11559  -4.661434E+01
11560  -4.661675E+01
11561  -4.661915E+01
11562  -4.662156E+01
11563  -4.662396E+01
11564  -4.662636E+01
11565  -4.662876E+01
11566  -4.663115E+01
11567  -4.663355E+01
11568  -4.663594E+01
11569  -4.663833E+01
11570  -4.664072E+01
11571  -4.664311E+01
11572  -4.664550E+01
11573  -4.664788E+01
11574  -4.665026E+01
11575  -4.665265E+01
11576  -4.665504E+01
11577  -4.665743E+01
11578  -4.665982E+01
11579  -4.666220E+01
11580  -4.666458E+01
11581  -4.666696E+01
11582  -4.666934E+01
11583  -4.667172E+01
11584  -4.667409E+01
11585  -4.667647E+01
11586  -4.667884E+01
11587  -4.668121E+01
11588  -4.668358E+01
11589  -4.668595E+01
11590  -4.668831E+01
11591  -4.669067E+01
11592  -4.669303E+01
11593  -4.669539E+01
11594  -4.669775E+01
11595  -4.670011E+01
11596  -4.670246E+01
11597  -4.670482E+01
11598  -4.670717E+01
11599  -4.670952E+01
11600  -4.671186E+01
11601  -4.671421E+01
11602  -4.671655E+01
11603  -4.671890E+01
11604  -4.672124E+01
11605  -4.672357E+01
11606  -4.672591E+01
11607  -4.672825E+01
11608  -4.673058E+01
11609  -4.673291E+01
11610  -4.673524E+01
11611  -4.673757E+01
11612  -4.673990E+01
11613  -4.674222E+01
11614  -4.674454E+01
11615  -4.674686E+01
11616  -4.674918E+01
11617  -4.675150E+01
11618  -4.675382E+01
11619  -4.675613E+01
11620  -4.675844E+01
11621  -4.676075E+01
11622  -4.676306E+01
11623  -4.676537E+01
11624  -4.676767E+01
11625  -4.676998E+01
11626  -4.677228E+01
11627  -4.677458E+01
11628  -4.677687E+01
11629  -4.677917E+01
11630  -4.678146E+01
11631  -4.678376E+01
11632  -4.678605E+01
11633  -4.678834E+01
11634  -4.679062E+01
11635  -4.679291E+01
11636  -4.679519E+01
11637  -4.679747E+01
11638  -4.679975E+01
11639  -4.680203E+01
11640  -4.680431E+01
11641  -4.680658E+01
11642  -4.680885E+01
11643  -4.681113E+01
11644  -4.681339E+01
11645  -4.681566E+01
11646  -4.681794E+01
11647  -4.682022E+01
11648  -4.682250E+01
11649  -4.682477E+01
11650  -4.682704E+01
11651  -4.682931E+01
11652  -4.683158E+01
11653  -4.683385E+01
11654  -4.683611E+01
11655  -4.683837E+01
11656  -4.684064E+01
11657  -4.684289E+01
11658  -4.684515E+01
11659  -4.684741E+01
11660  -4.684966E+01
11661  -4.685192E+01
11662  -4.685417E+01
11663  -4.685641E+01
11664  -4.685866E+01
11665  -4.686091E+01
11666  -4.686315E+01
11667  -4.686539E+01
11668  -4.686763E+01
11669  -4.686987E+01
11670  -4.687211E+01
11671  -4.687434E+01
11672  -4.687658E+01
11673  -4.687881E+01
11674  -4.688104E+01
11675  -4.688326E+01
11676  -4.688549E+01
11677  -4.688771E+01
11678  -4.688994E+01
11679  -4.689216E+01
11680  -4.689438E+01
11681  -4.689659E+01
11682  -4.689881E+01
11683  -4.690102E+01
11684  -4.690323E+01
11685  -4.690544E+01
11686  -4.690765E+01
11687  -4.690986E+01
11688  -4.691206E+01
11689  -4.691427E+01
11690  -4.691647E+01
11691  -4.691867E+01
11692  -4.692087E+01
11693  -4.692306E+01
11694  -4.692526E+01
11695  -4.692745E+01
11696  -4.692964E+01
11697  -4.693183E+01
11698  -4.693402E+01
11699  -4.693621E+01
11700  -4.693839E+01
11701  -4.694057E+01
11702  -4.694275E+01
11703  -4.694493E+01
11704  -4.694711E+01
11705  -4.694928E+01
11706  -4.695146E+01
11707  -4.695363E+01
11708  -4.695580E+01
11709  -4.695797E+01
11710  -4.696014E+01
11711  -4.696230E+01
11712  -4.696447E+01
11713  -4.696663E+01
11714  -4.696879E+01
11715  -4.697095E+01
11716  -4.697310E+01
11717  -4.697526E+01
11718  -4.697741E+01
11719  -4.697956E+01
11720  -4.698171E+01
11721  -4.698386E+01
11722  -4.698601E+01
11723  -4.698815E+01
11724  -4.699030E+01
11725  -4.699244E+01
11726  -4.699458E+01
11727  -4.699672E+01
11728  -4.699885E+01
11729  -4.700099E+01
11730  -4.700312E+01
11731  -4.700525E+01
11732  -4.700738E+01
11733  -4.700951E+01
11734  -4.701164E+01
11735  -4.701376E+01
11736  -4.701589E+01
11737  -4.701801E+01
11738  -4.702013E+01
11739  -4.702225E+01
11740  -4.702436E+01
11741  -4.702648E+01
11742  -4.702859E+01
11743  -4.703070E+01
11744  -4.703281E+01
11745  -4.703492E+01
11746  -4.703703E+01
11747  -4.703913E+01
11748  -4.704124E+01
11749  -4.704334E+01
11750  -4.704544E+01
11751  -4.704754E+01
11752  -4.704963E+01
11753  -4.705173E+01
11754  -4.705382E+01
11755  -4.705591E+01
11756  -4.705800E+01
11757  -4.706009E+01
11758  -4.706218E+01
11759  -4.706427E+01
11760  -4.706635E+01
11761  -4.706843E+01
11762  -4.707051E+01
11763  -4.707259E+01
11764  -4.707467E+01
11765  -4.707674E+01
11766  -4.707882E+01
11767  -4.708089E+01
11768  -4.708296E+01
11769  -4.708503E+01
11770  -4.708710E+01
11771  -4.708917E+01
11772  -4.709123E+01
11773  -4.709329E+01
11774  -4.709535E+01
11775  -4.709741E+01
11776  -4.709947E+01
11777  -4.710153E+01
11778  -4.710358E+01
11779  -4.710564E+01
11780  -4.710769E+01
11781  -4.710974E+01
11782  -4.711179E+01
11783  -4.711383E+01
11784  -4.711588E+01
11785  -4.711792E+01
11786  -4.711997E+01
11787  -4.712201E+01
11788  -4.712405E+01
11789  -4.712608E+01
11790  -4.712812E+01
11791  -4.713015E+01
11792  -4.713219E+01
11793  -4.713422E+01
11794  -4.713625E+01
11795  -4.713828E+01
11796  -4.714030E+01
11797  -4.714233E+01
11798  -4.714435E+01
11799  -4.714637E+01
11800  -4.714839E+01
11801  -4.715041E+01
11802  -4.715243E+01
11803  -4.715445E+01
11804  -4.715646E+01
11805  -4.715847E+01
11806  -4.716048E+01
11807  -4.716249E+01
11808  -4.716450E+01
11809  -4.716651E+01
11810  -4.716851E+01
11811  -4.717052E+01
11812  -4.717252E+01
11813  -4.717452E+01
11814  -4.717652E+01
11815  -4.717851E+01
11816  -4.718051E+01
11817  -4.718250E+01
11818  -4.718450E+01
11819  -4.718649E+01
11820  -4.718848E+01
11821  -4.719047E+01
11822  -4.719245E+01
11823  -4.719444E+01
11824  -4.719642E+01
11825  -4.719841E+01
11826  -4.720039E+01
11827  -4.720237E+01
11828  -4.720434E+01
11829  -4.720632E+01
11830  -4.720829E+01
11831  -4.721027E+01
11832  -4.721224E+01
11833  -4.721421E+01
11834  -4.721618E+01
11835  -4.721815E+01
11836  -4.722011E+01
11837  -4.722208E+01
11838  -4.722404E+01
11839  -4.722600E+01
11840  -4.722796E+01
11841  -4.722992E+01
11842  -4.723188E+01
11843  -4.723383E+01
11844  -4.723579E+01
11845  -4.723774E+01
11846  -4.723969E+01
11847  -4.724164E+01
11848  -4.724359E+01
11849  -4.724554E+01
11850  -4.724748E+01
11851  -4.724943E+01
11852  -4.725137E+01
11853  -4.725331E+01
11854  -4.725525E+01
11855  -4.725719E+01
11856  -4.725912E+01
11857  -4.726106E+01
11858  -4.726299E+01
11859  -4.726493E+01
11860  -4.726686E+01
11861  -4.726879E+01
11862  -4.727072E+01
11863  -4.727264E+01
11864  -4.727457E+01
11865  -4.727649E+01
11866  -4.727841E+01
11867  -4.728034E+01
11868  -4.728226E+01
11869  -4.728417E+01
11870  -4.728609E+01
11871  -4.728801E+01
11872  -4.728992E+01
11873  -4.729184E+01
11874  -4.729375E+01
11875  -4.729566E+01
11876  -4.729757E+01
11877  -4.729947E+01
11878  -4.730138E+01
11879  -4.730328E+01
11880  -4.730519E+01
11881  -4.730709E+01
11882  -4.730899E+01
11883  -4.731089E+01
11884  -4.731279E+01
11885  -4.731469E+01
11886  -4.731658E+01
11887  -4.731847E+01
11888  -4.732037E+01
11889  -4.732226E+01
11890  -4.732415E+01
11891  -4.732604E+01
11892  -4.732792E+01
11893  -4.732981E+01
11894  -4.733170E+01
11895  -4.733358E+01
11896  -4.733546E+01
11897  -4.733734E+01
11898  -4.733922E+01
11899  -4.734110E+01
11900  -4.734298E+01
11901  -4.734485E+01
11902  -4.734673E+01
11903  -4.734860E+01
11904  -4.735047E+01
11905  -4.735234E+01
11906  -4.735421E+01
11907  -4.735608E+01
11908  -4.735795E+01
11909  -4.735981E+01
11910  -4.736168E+01
11911  -4.736354E+01
11912  -4.736540E+01
11913  -4.736726E+01
11914  -4.736912E+01
11915  -4.737098E+01
11916  -4.737284E+01
11917  -4.737469E+01
11918  -4.737655E+01
11919  -4.737840E+01
11920  -4.738025E+01
11921  -4.738210E+01
11922  -4.738395E+01
11923  -4.738580E+01
11924  -4.738765E+01
11925  -4.738949E+01
11926  -4.739134E+01
11927  -4.739318E+01
11928  -4.739502E+01
11929  -4.739686E+01
11930  -4.739870E+01
11931  -4.740054E+01
11932  -4.740238E+01
11933  -4.740422E+01
11934  -4.740605E+01
11935  -4.740789E+01
11936  -4.740972E+01
11937  -4.741155E+01
11938  -4.741338E+01
11939  -4.741521E+01
11940  -4.741704E+01
11941  -4.741887E+01
11942  -4.742069E+01
11943  -4.742252E+01
11944  -4.742434E+01
11945  -4.742616E+01
11946  -4.742799E+01
11947  -4.742981E+01
11948  -4.743163E+01
11949  -4.743344E+01
11950  -4.743526E+01
11951  -4.743708E+01
11952  -4.743889E+01
11953  -4.744071E+01
11954  -4.744252E+01
11955  -4.744433E+01
11956  -4.744614E+01
11957  -4.744795E+01
11958  -4.744976E+01
11959  -4.745157E+01
11960  -4.745338E+01
11961  -4.745518E+01
11962  -4.745699E+01
11963  -4.745879E+01
11964  -4.746059E+01
11965  -4.746239E+01
11966  -4.746420E+01
11967  -4.746599E+01
11968  -4.746779E+01
11969  -4.746959E+01
11970  -4.747139E+01
11971  -4.747318E+01
11972  -4.747498E+01
11973  -4.747677E+01
11974  -4.747856E+01
11975  -4.748036E+01
11976  -4.748215E+01
11977  -4.748394E+01
11978  -4.748573E+01
11979  -4.748751E+01
11980  -4.748930E+01
11981  -4.749109E+01
11982  -4.749287E+01
11983  -4.749466E+01
11984  -4.749644E+01
11985  -4.749822E+01
11986  -4.750000E+01
11987  -4.750178E+01
11988  -4.750356E+01
11989  -4.750534E+01
11990  -4.750712E+01
11991  -4.750890E+01
11992  -4.751067E+01
11993  -4.751245E+01
11994  -4.751422E+01
11995  -4.751599E+01
11996  -4.751777E+01
11997  -4.751954E+01
11998  -4.752131E+01
11999  -4.752308E+01
12000  -4.752485E+01
12001  -4.752662E+01
12002  -4.752838E+01
12003  -4.753015E+01
12004  -4.753192E+01
12005  -4.753368E+01
12006  -4.753545E+01
12007  -4.753721E+01
12008  -4.753897E+01
12009  -4.754073E+01
12010  -4.754250E+01
12011  -4.754426E+01
12012  -4.754602E+01
12013  -4.754777E+01
12014  -4.754953E+01
12015  -4.755129E+01
12016  -4.755305E+01
12017  -4.755480E+01
12018  -4.755656E+01
12019  -4.755831E+01
12020  -4.756006E+01
12021  -4.756182E+01
12022  -4.756357E+01
12023  -4.756532E+01
12024  -4.756707E+01
12025  -4.756882E+01
12026  -4.757057E+01
12027  -4.757232E+01
12028  -4.757407E+01
12029  -4.757581E+01
12030  -4.757756E+01
12031  -4.757931E+01
12032  -4.758105E+01
12033  -4.758280E+01
12034  -4.758454E+01
12035  -4.758628E+01
12036  -4.758802E+01
12037  -4.758977E+01
12038  -4.759151E+01
12039  -4.759325E+01
12040  -4.759499E+01
12041  -4.759673E+01
12042  -4.759847E+01
12043  -4.760020E+01
12044  -4.760194E+01
12045  -4.760368E+01
12046  -4.760541E+01
12047  -4.760715E+01
12048  -4.760889E+01
12049  -4.761062E+01
12050  -4.761235E+01
12051  -4.761409E+01
12052  -4.761582E+01
12053  -4.761755E+01
12054  -4.761928E+01
12055  -4.762102E+01
12056  -4.762275E+01
12057  -4.762448E+01
12058  -4.762621E+01
12059  -4.762793E+01
12060  -4.762966E+01
12061  -4.763139E+01
12062  -4.763312E+01
12063  -4.763485E+01
12064  -4.763657E+01
12065  -4.763830E+01
12066  -4.764002E+01
12067  -4.764175E+01
12068  -4.764347E+01
12069  -4.764520E+01
12070  -4.764692E+01
12071  -4.764864E+01
12072  -4.765037E+01
12073  -4.765209E+01
12074  -4.765381E+01
12075  -4.765553E+01
12076  -4.765725E+01
12077  -4.765897E+01
12078  -4.766069E+01
12079  -4.766241E+01
12080  -4.766413E+01
12081  -4.766585E+01
12082  -4.766757E+01
12083  -4.766928E+01
12084  -4.767100E+01
12085  -4.767272E+01
12086  -4.767443E+01
12087  -4.767615E+01
12088  -4.767787E+01
12089  -4.767958E+01
12090  -4.768130E+01
12091  -4.768301E+01
12092  -4.768473E+01
12093  -4.768644E+01
12094  -4.768815E+01
12095  -4.768987E+01
12096  -4.769158E+01
12097  -4.769329E+01
12098  -4.769500E+01
12099  -4.769672E+01
12100  -4.769843E+01
12101  -4.770014E+01
12102  -4.770185E+01
12103  -4.770356E+01
12104  -4.770527E+01
12105  -4.770698E+01
12106  -4.770869E+01
12107  -4.771040E+01
12108  -4.771211E+01
12109  -4.771381E+01
12110  -4.771552E+01
12111  -4.771723E+01
12112  -4.771894E+01
12113  -4.772065E+01
12114  -4.772235E+01
12115  -4.772406E+01
12116  -4.772577E+01
12117  -4.772747E+01
12118  -4.772918E+01
12119  -4.773089E+01
12120  -4.773259E+01
12121  -4.773430E+01
12122  -4.773600E+01
12123  -4.773771E+01
12124  -4.773941E+01
12125  -4.774112E+01
12126  -4.774282E+01
12127  -4.774452E+01
12128  -4.774623E+01
12129  -4.774793E+01
12130  -4.774963E+01
12131  -4.775134E+01
12132  -4.775304E+01
12133  -4.775474E+01
12134  -4.775644E+01
12135  -4.775815E+01
12136  -4.775985E+01
12137  -4.776155E+01
12138  -4.776325E+01
12139  -4.776495E+01
12140  -4.776666E+01
12141  -4.776836E+01
12142  -4.777006E+01
12143  -4.777176E+01
12144  -4.777346E+01
12145  -4.777516E+01
12146  -4.777686E+01
12147  -4.777856E+01
12148  -4.778026E+01
12149  -4.778196E+01
12150  -4.778366E+01
12151  -4.778536E+01
12152  -4.778706E+01
12153  -4.778876E+01
12154  -4.779046E+01
12155  -4.779216E+01
12156  -4.779386E+01
12157  -4.779555E+01
12158  -4.779725E+01
12159  -4.779895E+01
12160  -4.780065E+01
12161  -4.780235E+01
12162  -4.780405E+01
12163  -4.780574E+01
12164  -4.780744E+01
12165  -4.780914E+01
12166  -4.781084E+01
12167  -4.781254E+01
12168  -4.781423E+01
12169  -4.781593E+01
12170  -4.781763E+01
12171  -4.781933E+01
12172  -4.782102E+01
12173  -4.782272E+01
12174  -4.782442E+01
12175  -4.782612E+01
12176  -4.782781E+01
12177  -4.782951E+01
12178  -4.783121E+01
12179  -4.783290E+01
12180  -4.783460E+01
12181  -4.783630E+01
12182  -4.783799E+01
12183  -4.783969E+01
12184  -4.784139E+01
12185  -4.784308E+01
12186  -4.784478E+01
12187  -4.784648E+01
12188  -4.784817E+01
12189  -4.784987E+01
12190  -4.785156E+01
12191  -4.785326E+01
12192  -4.785496E+01
12193  -4.785665E+01
12194  -4.785835E+01
12195  -4.786005E+01
12196  -4.786174E+01
12197  -4.786344E+01
12198  -4.786513E+01
12199  -4.786683E+01
12200  -4.786853E+01
12201  -4.787022E+01
12202  -4.787192E+01
12203  -4.787361E+01
12204  -4.787531E+01
12205  -4.787700E+01
12206  -4.787870E+01
12207  -4.788040E+01
12208  -4.788209E+01
12209  -4.788379E+01
12210  -4.788548E+01
12211  -4.788718E+01
12212  -4.788888E+01
12213  -4.789057E+01
12214  -4.789227E+01
12215  -4.789396E+01
12216  -4.789566E+01
12217  -4.789735E+01
12218  -4.789905E+01
12219  -4.790075E+01
12220  -4.790244E+01
12221  -4.790414E+01
12222  -4.790583E+01
12223  -4.790753E+01
12224  -4.790923E+01
12225  -4.791092E+01
12226  -4.791262E+01
12227  -4.791431E+01
12228  -4.791601E+01
12229  -4.791771E+01
12230  -4.791940E+01
12231  -4.792110E+01
12232  -4.792279E+01
12233  -4.792449E+01
12234  -4.792619E+01
12235  -4.792788E+01
12236  -4.792958E+01
12237  -4.793127E+01
12238  -4.793297E+01
12239  -4.793467E+01
12240  -4.793636E+01
12241  -4.793806E+01
12242  -4.793975E+01
12243  -4.794145E+01
12244  -4.794315E+01
12245  -4.794484E+01
12246  -4.794654E+01
12247  -4.794824E+01
12248  -4.794993E+01
12249  -4.795163E+01
12250  -4.795332E+01
12251  -4.795502E+01
12252  -4.795672E+01
12253  -4.795841E+01
12254  -4.796011E+01
12255  -4.796181E+01
12256  -4.796350E+01
12257  -4.796520E+01
12258  -4.796690E+01
12259  -4.796859E+01
12260  -4.797029E+01
12261  -4.797199E+01
12262  -4.797368E+01
12263  -4.797538E+01
12264  -4.797708E+01
12265  -4.797877E+01
12266  -4.798047E+01
12267  -4.798217E+01
12268  -4.798386E+01
12269  -4.798556E+01
12270  -4.798726E+01
12271  -4.798896E+01
12272  -4.799065E+01
12273  -4.799235E+01
12274  -4.799405E+01
12275  -4.799574E+01
12276  -4.799744E+01
12277  -4.799914E+01
12278  -4.800084E+01
12279  -4.800253E+01
12280  -4.800423E+01
12281  -4.800593E+01
12282  -4.800762E+01
12283  -4.800932E+01
12284  -4.801102E+01
12285  -4.801272E+01
12286  -4.801441E+01
12287  -4.801611E+01
12288  -4.801781E+01
12289  -4.801950E+01
12290  -4.802120E+01
12291  -4.802290E+01
12292  -4.802460E+01
12293  -4.802629E+01
12294  -4.802799E+01
12295  -4.802969E+01
12296  -4.803139E+01
12297  -4.803308E+01
12298  -4.803478E+01
12299  -4.803648E+01
12300  -4.803818E+01
12301  -4.803987E+01
12302  -4.804157E+01
12303  -4.804327E+01
12304  -4.804497E+01
12305  -4.804666E+01
12306  -4.804836E+01
12307  -4.805006E+01
12308  -4.805175E+01
12309  -4.805345E+01
12310  -4.805515E+01
12311  -4.805685E+01
12312  -4.805854E+01
12313  -4.806024E+01
12314  -4.806194E+01
12315  -4.806364E+01
12316  -4.806533E+01
12317  -4.806703E+01
12318  -4.806873E+01
12319  -4.807042E+01
12320  -4.807212E+01
12321  -4.807382E+01
12322  -4.807552E+01
12323  -4.807721E+01
12324  -4.807891E+01
12325  -4.808061E+01
12326  -4.808230E+01
12327  -4.808400E+01
12328  -4.808570E+01
12329  -4.808739E+01
12330  -4.808909E+01
12331  -4.809079E+01
12332  -4.809248E+01
12333  -4.809418E+01
12334  -4.809588E+01
12335  -4.809757E+01
12336  -4.809927E+01
12337  -4.810097E+01
12338  -4.810266E+01
12339  -4.810436E+01
12340  -4.810605E+01
12341  -4.810775E+01
12342  -4.810945E+01
12343  -4.811114E+01
12344  -4.811284E+01
12345  -4.811453E+01
12346  -4.811623E+01
12347  -4.811792E+01
12348  -4.811962E+01
12349  -4.812131E+01
12350  -4.812301E+01
12351  -4.812471E+01
12352  -4.812640E+01
12353  -4.812810E+01
12354  -4.812979E+01
12355  -4.813148E+01
12356  -4.813318E+01
12357  -4.813487E+01
12358  -4.813657E+01
12359  -4.813826E+01
12360  -4.813996E+01
12361  -4.814165E+01
12362  -4.814334E+01
12363  -4.814504E+01
12364  -4.814673E+01
12365  -4.814842E+01
12366  -4.815012E+01
12367  -4.815181E+01
12368  -4.815350E+01
12369  -4.815520E+01
12370  -4.815689E+01
12371  -4.815858E+01
12372  -4.816028E+01
12373  -4.816197E+01
12374  -4.816366E+01
12375  -4.816535E+01
12376  -4.816704E+01
12377  -4.816873E+01
12378  -4.817043E+01
12379  -4.817212E+01
12380  -4.817381E+01
12381  -4.817550E+01
12382  -4.817719E+01
12383  -4.817888E+01
12384  -4.818057E+01
12385  -4.818226E+01
12386  -4.818395E+01
12387  -4.818564E+01
12388  -4.818733E+01
12389  -4.818902E+01
12390  -4.819071E+01
12391  -4.819240E+01
12392  -4.819409E+01
12393  -4.819577E+01
12394  -4.819746E+01
12395  -4.819915E+01
12396  -4.820084E+01
12397  -4.820252E+01
12398  -4.820421E+01
12399  -4.820590E+01
12400  -4.820759E+01
12401  -4.820927E+01
12402  -4.821096E+01
12403  -4.821264E+01
12404  -4.821433E+01
12405  -4.821601E+01
12406  -4.821770E+01
12407  -4.821938E+01
12408  -4.822107E+01
12409  -4.822275E+01
12410  -4.822444E+01
12411  -4.822612E+01
12412  -4.822780E+01
12413  -4.822949E+01
12414  -4.823117E+01
12415  -4.823285E+01
12416  -4.823453E+01
12417  -4.823622E+01
12418  -4.823790E+01
12419  -4.823958E+01
12420  -4.824126E+01
12421  -4.824294E+01
12422  -4.824462E+01
12423  -4.824630E+01
12424  -4.824798E+01
12425  -4.824966E+01
12426  -4.825134E+01
12427  -4.825302E+01
12428  -4.825469E+01
12429  -4.825637E+01
12430  -4.825805E+01
12431  -4.825973E+01
12432  -4.826140E+01
12433  -4.826308E+01
12434  -4.826475E+01
12435  -4.826643E+01
12436  -4.826810E+01
12437  -4.826978E+01
12438  -4.827145E+01
12439  -4.827313E+01
12440  -4.827480E+01
12441  -4.827647E+01
12442  -4.827815E+01
12443  -4.827982E+01
12444  -4.828149E+01
12445  -4.828316E+01
12446  -4.828483E+01
12447  -4.828650E+01
12448  -4.828817E+01
12449  -4.828984E+01
12450  -4.829151E+01
12451  -4.829318E+01
12452  -4.829485E+01
12453  -4.829651E+01
12454  -4.829818E+01
12455  -4.829985E+01
12456  -4.830151E+01
12457  -4.830318E+01
12458  -4.830484E+01
12459  -4.830651E+01
12460  -4.830817E+01
12461  -4.830984E+01
12462  -4.831150E+01
12463  -4.831316E+01
12464  -4.831482E+01
12465  -4.831649E+01
12466  -4.831815E+01
12467  -4.831981E+01
12468  -4.832147E+01
12469  -4.832313E+01
12470  -4.832479E+01
12471  -4.832644E+01
12472  -4.832810E+01
12473  -4.832976E+01
12474  -4.833142E+01
12475  -4.833307E+01
12476  -4.833473E+01
12477  -4.833638E+01
12478  -4.833804E+01
12479  -4.833969E+01
12480  -4.834134E+01
12481  -4.834300E+01
12482  -4.834465E+01
12483  -4.834630E+01
12484  -4.834795E+01
12485  -4.834960E+01
12486  -4.835125E+01
12487  -4.835290E+01
12488  -4.835455E+01
12489  -4.835619E+01
12490  -4.835784E+01
12491  -4.835949E+01
12492  -4.836113E+01
12493  -4.836278E+01
12494  -4.836442E+01
12495  -4.836607E+01
12496  -4.836771E+01
12497  -4.836935E+01
12498  -4.837099E+01
12499  -4.837263E+01
12500  -4.837427E+01
12501  -4.837591E+01
12502  -4.837755E+01
12503  -4.837919E+01
12504  -4.838083E+01
12505  -4.838247E+01
12506  -4.838410E+01
12507  -4.838574E+01
12508  -4.838737E+01
12509  -4.838901E+01
12510  -4.839064E+01
12511  -4.839227E+01
12512  -4.839390E+01
12513  -4.839553E+01
12514  -4.839716E+01
12515  -4.839879E+01
12516  -4.840042E+01
12517  -4.840205E+01
12518  -4.840368E+01
12519  -4.840530E+01
12520  -4.840693E+01
12521  -4.840855E+01
12522  -4.841018E+01
12523  -4.841180E+01
12524  -4.841342E+01
12525  -4.841504E+01
12526  -4.841666E+01
12527  -4.841828E+01
12528  -4.841990E+01
12529  -4.842152E+01
12530  -4.842314E+01
12531  -4.842476E+01
12532  -4.842637E+01
12533  -4.842799E+01
12534  -4.842960E+01
12535  -4.843121E+01
12536  -4.843283E+01
12537  -4.843444E+01
12538  -4.843605E+01
12539  -4.843766E+01
12540  -4.843927E+01
12541  -4.844088E+01
12542  -4.844248E+01
12543  -4.844409E+01
12544  -4.844569E+01
12545  -4.844730E+01
12546  -4.844890E+01
12547  -4.845051E+01
12548  -4.845211E+01
12549  -4.845371E+01
12550  -4.845531E+01
12551  -4.845691E+01
12552  -4.845851E+01
12553  -4.846010E+01
12554  -4.846170E+01
12555  -4.846329E+01
12556  -4.846489E+01
12557  -4.846648E+01
12558  -4.846807E+01
12559  -4.846967E+01
12560  -4.847126E+01
12561  -4.847285E+01
12562  -4.847443E+01
12563  -4.847602E+01
12564  -4.847761E+01
12565  -4.847919E+01
12566  -4.848078E+01
12567  -4.848236E+01
12568  -4.848395E+01
12569  -4.848553E+01
12570  -4.848711E+01
12571  -4.848869E+01
12572  -4.849027E+01
12573  -4.849184E+01
12574  -4.849342E+01
12575  -4.849500E+01
12576  -4.849657E+01
12577  -4.849814E+01
12578  -4.849972E+01
12579  -4.850129E+01
12580  -4.850286E+01
12581  -4.850443E+01
12582  -4.850600E+01
12583  -4.850756E+01
12584  -4.850913E+01
12585  -4.851070E+01
12586  -4.851226E+01
12587  -4.851382E+01
12588  -4.851538E+01
12589  -4.851695E+01
12590  -4.851851E+01
12591  -4.852006E+01
12592  -4.852162E+01
12593  -4.852318E+01
12594  -4.852473E+01
12595  -4.852629E+01
12596  -4.852784E+01
12597  -4.852939E+01
12598  -4.853094E+01
12599  -4.853249E+01
12600  -4.853404E+01
12601  -4.853559E+01
12602  -4.853714E+01
12603  -4.853868E+01
12604  -4.854023E+01
12605  -4.854177E+01
12606  -4.854331E+01
12607  -4.854485E+01
12608  -4.854639E+01
12609  -4.854793E+01
12610  -4.854947E+01
12611  -4.855101E+01
12612  -4.855254E+01
12613  -4.855407E+01
12614  -4.855561E+01
12615  -4.855714E+01
12616  -4.855867E+01
12617  -4.856020E+01
12618  -4.856173E+01
12619  -4.856325E+01
12620  -4.856478E+01
12621  -4.856630E+01
12622  -4.856783E+01
12623  -4.856935E+01
12624  -4.857087E+01
12625  -4.857239E+01
12626  -4.857391E+01
12627  -4.857543E+01
12628  -4.857694E+01
12629  -4.857846E+01
12630  -4.857997E+01
12631  -4.858148E+01
12632  -4.858300E+01
12633  -4.858451E+01
12634  -4.858601E+01
12635  -4.858752E+01
12636  -4.858903E+01
12637  -4.859054E+01
12638  -4.859205E+01
12639  -4.859356E+01
12640  -4.859507E+01
12641  -4.859657E+01
12642  -4.859808E+01
12643  -4.859958E+01
12644  -4.860109E+01
12645  -4.860259E+01
12646  -4.860409E+01
12647  -4.860559E+01
12648  -4.860709E+01
12649  -4.860859E+01
12650  -4.861008E+01
12651  -4.861158E+01
12652  -4.861307E+01
12653  -4.861456E+01
12654  -4.861605E+01
12655  -4.861754E+01
12656  -4.861903E+01
12657  -4.862052E+01
12658  -4.862200E+01
12659  -4.862349E+01
12660  -4.862497E+01
12661  -4.862645E+01
12662  -4.862793E+01
12663  -4.862941E+01
12664  -4.863089E+01
12665  -4.863237E+01
12666  -4.863384E+01
12667  -4.863532E+01
12668  -4.863679E+01
12669  -4.863826E+01
12670  -4.863973E+01
12671  -4.864120E+01
12672  -4.864267E+01
12673  -4.864413E+01
12674  -4.864560E+01
12675  -4.864706E+01
12676  -4.864853E+01
12677  -4.864999E+01
12678  -4.865145E+01
12679  -4.865290E+01
12680  -4.865436E+01
12681  -4.865582E+01
12682  -4.865727E+01
12683  -4.865872E+01
12684  -4.866018E+01
12685  -4.866163E+01
12686  -4.866308E+01
12687  -4.866452E+01
12688  -4.866597E+01
12689  -4.866741E+01
12690  -4.866886E+01
12691  -4.867030E+01
12692  -4.867174E+01
12693  -4.867318E+01
12694  -4.867462E+01
12695  -4.867606E+01
12696  -4.867749E+01
12697  -4.867893E+01
12698  -4.868036E+01
12699  -4.868179E+01
12700  -4.868322E+01
12701  -4.868465E+01
12702  -4.868608E+01
12703  -4.868750E+01
12704  -4.868893E+01
12705  -4.869035E+01
12706  -4.869177E+01
12707  -4.869320E+01
12708  -4.869462E+01
12709  -4.869603E+01
12710  -4.869745E+01
12711  -4.869887E+01
12712  -4.870028E+01
12713  -4.870169E+01
12714  -4.870310E+01
12715  -4.870451E+01
12716  -4.870592E+01
12717  -4.870733E+01
12718  -4.870874E+01
12719  -4.871014E+01
12720  -4.871155E+01
12721  -4.871295E+01
12722  -4.871435E+01
12723  -4.871575E+01
12724  -4.871715E+01
12725  -4.871854E+01
12726  -4.871994E+01
12727  -4.872133E+01
12728  -4.872272E+01
12729  -4.872412E+01
12730  -4.872551E+01
12731  -4.872689E+01
12732  -4.872828E+01
12733  -4.872967E+01
12734  -4.873105E+01
12735  -4.873244E+01
12736  -4.873382E+01
12737  -4.873520E+01
12738  -4.873658E+01
12739  -4.873795E+01
12740  -4.873933E+01
12741  -4.874071E+01
12742  -4.874208E+01
12743  -4.874345E+01
12744  -4.874482E+01
12745  -4.874619E+01
12746  -4.874756E+01
12747  -4.874893E+01
12748  -4.875030E+01
12749  -4.875166E+01
12750  -4.875302E+01
12751  -4.875439E+01
12752  -4.875575E+01
12753  -4.875711E+01
12754  -4.875846E+01
12755  -4.875982E+01
12756  -4.876118E+01
12757  -4.876253E+01
12758  -4.876388E+01
12759  -4.876523E+01
12760  -4.876658E+01
12761  -4.876793E+01
12762  -4.876928E+01
12763  -4.877063E+01
12764  -4.877197E+01
12765  -4.877331E+01
12766  -4.877466E+01
12767  -4.877600E+01
12768  -4.877734E+01
12769  -4.877867E+01
12770  -4.878001E+01
12771  -4.878135E+01
12772  -4.878268E+01
12773  -4.878401E+01
12774  -4.878535E+01
12775  -4.878668E+01
12776  -4.878800E+01
12777  -4.878933E+01
12778  -4.879066E+01
12779  -4.879198E+01
12780  -4.879331E+01
12781  -4.879463E+01
12782  -4.879595E+01
12783  -4.879727E+01
12784  -4.879859E+01
12785  -4.879991E+01
12786  -4.880122E+01
12787  -4.880254E+01
12788  -4.880385E+01
12789  -4.880517E+01
12790  -4.880648E+01
12791  -4.880779E+01
12792  -4.880909E+01
12793  -4.881040E+01
12794  -4.881171E+01
12795  -4.881301E+01
12796  -4.881432E+01
12797  -4.881562E+01
12798  -4.881692E+01
12799  -4.881822E+01
12800  -4.881952E+01
12801  -4.882082E+01
12802  -4.882211E+01
12803  -4.882341E+01
12804  -4.882470E+01
12805  -4.882599E+01
12806  -4.882728E+01
12807  -4.882857E+01
12808  -4.882986E+01
12809  -4.883115E+01
12810  -4.883244E+01
12811  -4.883372E+01
12812  -4.883500E+01
12813  -4.883629E+01
12814  -4.883757E+01
12815  -4.883885E+01
12816  -4.884013E+01
12817  -4.884140E+01
12818  -4.884268E+01
12819  -4.884396E+01
12820  -4.884523E+01
12821  -4.884650E+01
12822  -4.884777E+01
12823  -4.884904E+01
12824  -4.885031E+01
12825  -4.885158E+01
12826  -4.885285E+01
12827  -4.885411E+01
12828  -4.885538E+01
12829  -4.885664E+01
12830  -4.885790E+01
12831  -4.885916E+01
12832  -4.886042E+01
12833  -4.886168E+01
12834  -4.886294E+01
12835  -4.886420E+01
12836  -4.886545E+01
12837  -4.886671E+01
12838  -4.886796E+01
12839  -4.886921E+01
12840  -4.887046E+01
12841  -4.887171E+01
12842  -4.887296E+01
12843  -4.887421E+01
12844  -4.887545E+01
12845  -4.887670E+01
12846  -4.887794E+01
12847  -4.887918E+01
12848  -4.888042E+01
12849  -4.888166E+01
12850  -4.888290E+01
12851  -4.888414E+01
12852  -4.888538E+01
12853  -4.888661E+01
12854  -4.888785E+01
12855  -4.888908E+01
12856  -4.889031E+01
12857  -4.889155E+01
12858  -4.889278E+01
12859  -4.889401E+01
12860  -4.889523E+01
12861  -4.889646E+01
12862  -4.889769E+01
12863  -4.889891E+01
12864  -4.890013E+01
12865  -4.890136E+01
12866  -4.890258E+01
12867  -4.890380E+01
12868  -4.890502E+01
12869  -4.890624E+01
12870  -4.890745E+01
12871  -4.890867E+01
12872  -4.890989E+01
12873  -4.891110E+01
12874  -4.891231E+01
12875  -4.891353E+01
12876  -4.891474E+01
12877  -4.891595E+01
12878  -4.891716E+01
12879  -4.891836E+01
12880  -4.891957E+01
12881  -4.892078E+01
12882  -4.892198E+01
12883  -4.892318E+01
12884  -4.892439E+01
12885  -4.892559E+01
12886  -4.892679E+01
12887  -4.892799E+01
12888  -4.892919E+01
12889  -4.893039E+01
12890  -4.893158E+01
12891  -4.893278E+01
12892  -4.893397E+01
12893  -4.893517E+01
12894  -4.893636E+01
12895  -4.893755E+01
12896  -4.893874E+01
12897  -4.893993E+01
12898  -4.894112E+01
12899  -4.894231E+01
12900  -4.894350E+01
12901  -4.894468E+01
12902  -4.894587E+01
12903  -4.894705E+01
12904  -4.894823E+01
12905  -4.894942E+01
12906  -4.895060E+01
12907  -4.895178E+01
12908  -4.895296E+01
12909  -4.895414E+01
12910  -4.895531E+01
12911  -4.895649E+01
12912  -4.895767E+01
12913  -4.895884E+01
12914  -4.896001E+01
12915  -4.896119E+01
12916  -4.896236E+01
12917  -4.896353E+01
12918  -4.896470E+01
12919  -4.896587E+01
12920  -4.896704E+01
12921  -4.896820E+01
12922  -4.896937E+01
12923  -4.897054E+01
12924  -4.897170E+01
12925  -4.897286E+01
12926  -4.897403E+01
12927  -4.897519E+01
12928  -4.897635E+01
12929  -4.897751E+01
12930  -4.897867E+01
12931  -4.897983E+01
12932  -4.898099E+01
12933  -4.898214E+01
12934  -4.898330E+01
12935  -4.898445E+01
12936  -4.898561E+01
12937  -4.898676E+01
12938  -4.898791E+01
12939  -4.898907E+01
12940  -4.899022E+01
12941  -4.899137E+01
12942  -4.899252E+01
12943  -4.899367E+01
12944  -4.899481E+01
12945  -4.899596E+01
12946  -4.899711E+01
12947  -4.899825E+01
12948  -4.899939E+01
12949  -4.900054E+01
12950  -4.900168E+01
12951  -4.900282E+01
12952  -4.900396E+01
12953  -4.900510E+01
12954  -4.900624E+01
12955  -4.900738E+01
12956  -4.900852E+01
12957  -4.900966E+01
12958  -4.901079E+01
12959  -4.901193E+01
12960  -4.901306E+01
12961  -4.901420E+01
12962  -4.901533E+01
12963  -4.901646E+01
12964  -4.901760E+01
12965  -4.901873E+01
12966  -4.901986E+01
12967  -4.902099E+01
12968  -4.902211E+01
12969  -4.902324E+01
12970  -4.902437E+01
12971  -4.902550E+01
12972  -4.902662E+01
12973  -4.902775E+01
12974  -4.902887E+01
12975  -4.902999E+01
12976  -4.903112E+01
12977  -4.903224E+01
12978  -4.903336E+01
12979  -4.903448E+01
12980  -4.903560E+01
12981  -4.903672E+01
12982  -4.903784E+01
12983  -4.903896E+01
12984  -4.904007E+01
12985  -4.904119E+01
12986  -4.904231E+01
12987  -4.904342E+01
12988  -4.904454E+01
12989  -4.904565E+01
12990  -4.904676E+01
12991  -4.904787E+01
12992  -4.904899E+01
12993  -4.905010E+01
12994  -4.905121E+01
12995  -4.905232E+01
12996  -4.905343E+01
12997  -4.905453E+01
12998  -4.905564E+01
12999  -4.905675E+01
13000  -4.905785E+01
13001  -4.905896E+01
13002  -4.906007E+01
13003  -4.906117E+01
13004  -4.906227E+01
13005  -4.906338E+01
13006  -4.906448E+01
13007  -4.906558E+01
13008  -4.906668E+01
13009  -4.906778E+01
13010  -4.906888E+01
13011  -4.906998E+01
13012  -4.907108E+01
13013  -4.907218E+01
13014  -4.907328E+01
13015  -4.907437E+01
13016  -4.907547E+01
13017  -4.907656E+01
13018  -4.907766E+01
13019  -4.907875E+01
13020  -4.907985E+01
13021  -4.908094E+01
13022  -4.908203E+01
13023  -4.908313E+01
13024  -4.908422E+01
13025  -4.908531E+01
13026  -4.908640E+01
13027  -4.908749E+01
13028  -4.908858E+01
13029  -4.908967E+01
13030  -4.909075E+01
13031  -4.909184E+01
13032  -4.909293E+01
13033  -4.909401E+01
13034  -4.909510E+01
13035  -4.909619E+01
13036  -4.909727E+01
13037  -4.909835E+01
13038  -4.909944E+01
13039  -4.910052E+01
13040  -4.910160E+01
13041  -4.910269E+01
13042  -4.910377E+01
13043  -4.910485E+01
13044  -4.910593E+01
13045  -4.910701E+01
13046  -4.910809E+01
13047  -4.910917E+01
13048  -4.911024E+01
13049  -4.911132E+01
13050  -4.911240E+01
13051  -4.911348E+01
13052  -4.911455E+01
13053  -4.911563E+01
13054  -4.911670E+01
13055  -4.911778E+01
13056  -4.911885E+01
13057  -4.911993E+01
13058  -4.912100E+01
13059  -4.912207E+01
13060  -4.912314E+01
13061  -4.912422E+01
13062  -4.912529E+01
13063  -4.912636E+01
13064  -4.912743E+01
13065  -4.912850E+01
13066  -4.912957E+01
13067  -4.913064E+01
13068  -4.913170E+01
13069  -4.913277E+01
13070  -4.913384E+01
13071  -4.913491E+01
13072  -4.913597E+01
13073  -4.913704E+01
13074  -4.913811E+01
13075  -4.913917E+01
13076  -4.914024E+01
13077  -4.914130E+01
13078  -4.914236E+01
13079  -4.914343E+01
13080  -4.914449E+01
13081  -4.914555E+01
13082  -4.914662E+01
13083  -4.914768E+01
13084  -4.914874E+01
13085  -4.914980E+01
13086  -4.915086E+01
13087  -4.915192E+01
13088  -4.915298E+01
13089  -4.915404E+01
13090  -4.915510E+01
13091  -4.915616E+01
13092  -4.915721E+01
13093  -4.915827E+01
13094  -4.915933E+01
13095  -4.916039E+01
13096  -4.916144E+01
13097  -4.916250E+01
13098  -4.916355E+01
13099  -4.916461E+01
13100  -4.916566E+01
13101  -4.916672E+01
13102  -4.916777E+01
13103  -4.916883E+01
13104  -4.916988E+01
13105  -4.917093E+01
13106  -4.917199E+01
13107  -4.917304E+01
13108  -4.917409E+01
13109  -4.917514E+01
13110  -4.917619E+01
13111  -4.917724E+01
13112  -4.917829E+01
13113  -4.917934E+01
13114  -4.918039E+01
13115  -4.918144E+01
13116  -4.918249E+01
13117  -4.918354E+01
13118  -4.918459E+01
13119  -4.918564E+01
13120  -4.918668E+01
13121  -4.918773E+01
13122  -4.918878E+01
13123  -4.918982E+01
13124  -4.919087E+01
13125  -4.919192E+01
13126  -4.919296E+01
13127  -4.919401E+01
13128  -4.919505E+01
13129  -4.919610E+01
13130  -4.919714E+01
13131  -4.919819E+01
13132  -4.919923E+01
13133  -4.920027E+01
13134  -4.920132E+01
13135  -4.920236E+01
13136  -4.920340E+01
13137  -4.920444E+01
13138  -4.920549E+01
13139  -4.920653E+01
13140  -4.920757E+01
13141  -4.920861E+01
13142  -4.920965E+01
13143  -4.921069E+01
13144  -4.921173E+01
13145  -4.921277E+01
13146  -4.921381E+01
13147  -4.921485E+01
13148  -4.921589E+01
13149  -4.921693E+01
13150  -4.921796E+01
13151  -4.921900E+01
13152  -4.922004E+01
13153  -4.922108E+01
13154  -4.922212E+01
13155  -4.922315E+01
13156  -4.922419E+01
13157  -4.922523E+01
13158  -4.922626E+01
13159  -4.922730E+01
13160  -4.922833E+01
13161  -4.922937E+01
13162  -4.923040E+01
13163  -4.923144E+01
13164  -4.923247E+01
13165  -4.923351E+01
13166  -4.923454E+01
13167  -4.923558E+01
13168  -4.923661E+01
13169  -4.923764E+01
13170  -4.923868E+01
13171  -4.923971E+01
13172  -4.924074E+01
13173  -4.924178E+01
13174  -4.924281E+01
13175  -4.924384E+01
13176  -4.924487E+01
13177  -4.924590E+01
13178  -4.924694E+01
13179  -4.924797E+01
13180  -4.924900E+01
13181  -4.925003E+01
13182  -4.925106E+01
13183  -4.925209E+01
13184  -4.925312E+01
13185  -4.925415E+01
13186  -4.925518E+01
13187  -4.925621E+01
13188  -4.925724E+01
13189  -4.925827E+01
13190  -4.925930E+01
13191  -4.926033E+01
13192  -4.926135E+01
13193  -4.926238E+01
13194  -4.926341E+01
13195  -4.926444E+01
13196  -4.926547E+01
13197  -4.926650E+01
13198  -4.926753E+01
13199  -4.926857E+01
13200  -4.926960E+01
13201  -4.927063E+01
13202  -4.927166E+01
13203  -4.927269E+01
13204  -4.927372E+01
13205  -4.927475E+01
13206  -4.927578E+01
13207  -4.927682E+01
13208  -4.927785E+01
13209  -4.927888E+01
13210  -4.927991E+01
13211  -4.928094E+01
13212  -4.928197E+01
13213  -4.928300E+01
13214  -4.928403E+01
13215  -4.928505E+01
13216  -4.928608E+01
13217  -4.928711E+01
13218  -4.928814E+01
13219  -4.928917E+01
13220  -4.929020E+01
13221  -4.929123E+01
13222  -4.929226E+01
13223  -4.929329E+01
13224  -4.929431E+01
13225  -4.929534E+01
13226  -4.929637E+01
13227  -4.929740E+01
13228  -4.929842E+01
13229  -4.929945E+01
13230  -4.930048E+01
13231  -4.930151E+01
13232  -4.930253E+01
13233  -4.930356E+01
13234  -4.930459E+01
13235  -4.930562E+01
13236  -4.930664E+01
13237  -4.930767E+01
13238  -4.930870E+01
13239  -4.930972E+01
13240  -4.931075E+01
13241  -4.931177E+01
13242  -4.931280E+01
13243  -4.931383E+01
13244  -4.931485E+01
13245  -4.931588E+01
13246  -4.931690E+01
13247  -4.931793E+01
13248  -4.931895E+01
13249  -4.931998E+01
13250  -4.932101E+01
13251  -4.932203E+01
13252  -4.932306E+01
13253  -4.932408E+01
13254  -4.932511E+01
13255  -4.932613E+01
13256  -4.932716E+01
13257  -4.932818E+01
13258  -4.932921E+01
13259  -4.933023E+01
13260  -4.933126E+01
13261  -4.933228E+01
13262  -4.933330E+01
13263  -4.933433E+01
13264  -4.933535E+01
13265  -4.933638E+01
13266  -4.933740E+01
13267  -4.933843E+01
13268  -4.933945E+01
13269  -4.934047E+01
13270  -4.934150E+01
13271  -4.934252E+01
13272  -4.934355E+01
13273  -4.934457E+01
13274  -4.934559E+01
13275  -4.934662E+01
13276  -4.934764E+01
13277  -4.934867E+01
13278  -4.934969E+01
13279  -4.935071E+01
13280  -4.935174E+01
13281  -4.935276E+01
13282  -4.935378E+01
13283  -4.935481E+01
13284  -4.935583E+01
13285  -4.935685E+01
13286  -4.935788E+01
13287  -4.935890E+01
13288  -4.935993E+01
13289  -4.936095E+01
13290  -4.936197E+01
13291  -4.936300E+01
13292  -4.936402E+01
13293  -4.936504E+01
13294  -4.936607E+01
13295  -4.936709E+01
13296  -4.936811E+01
13297  -4.936914E+01
13298  -4.937016E+01
13299  -4.937118E+01
13300  -4.937221E+01
13301  -4.937323E+01
13302  -4.937425E+01
13303  -4.937528E+01
13304  -4.937630E+01
13305  -4.937732E+01
13306  -4.937835E+01
13307  -4.937937E+01
13308  -4.938039E+01
13309  -4.938142E+01
13310  -4.938244E+01
13311  -4.938346E+01
13312  -4.938449E+01
13313  -4.938551E+01
13314  -4.938653E+01
13315  -4.938756E+01
13316  -4.938858E+01
13317  -4.938960E+01
13318  -4.939063E+01
13319  -4.939165E+01
13320  -4.939267E+01
13321  -4.939370E+01
13322  -4.939472E+01
13323  -4.939575E+01
13324  -4.939677E+01
13325  -4.939779E+01
13326  -4.939882E+01
13327  -4.939984E+01
13328  -4.940086E+01
13329  -4.940189E+01
13330  -4.940291E+01
13331  -4.940394E+01
13332  -4.940496E+01
13333  -4.940598E+01
13334  -4.940701E+01
13335  -4.940803E+01
13336  -4.940906E+01
13337  -4.941008E+01
13338  -4.941111E+01
13339  -4.941213E+01
13340  -4.941316E+01
13341  -4.941418E+01
13342  -4.941520E+01
13343  -4.941623E+01
13344  -4.941725E+01
13345  -4.941828E+01
13346  -4.941930E+01
13347  -4.942033E+01
13348  -4.942135E+01
13349  -4.942238E+01
13350  -4.942340E+01
13351  -4.942443E+01
13352  -4.942545E+01
13353  -4.942648E+01
13354  -4.942751E+01
13355  -4.942853E+01
13356  -4.942956E+01
13357  -4.943058E+01
13358  -4.943161E+01
13359  -4.943263E+01
13360  -4.943366E+01
13361  -4.943469E+01
13362  -4.943571E+01
13363  -4.943674E+01
13364  -4.943777E+01
13365  -4.943879E+01
13366  -4.943982E+01
13367  -4.944084E+01
13368  -4.944187E+01
13369  -4.944290E+01
13370  -4.944393E+01
13371  -4.944495E+01
13372  -4.944598E+01
13373  -4.944701E+01
13374  -4.944803E+01
13375  -4.944906E+01
13376  -4.945009E+01
13377  -4.945112E+01
13378  -4.945215E+01
13379  -4.945317E+01
13380  -4.945420E+01
13381  -4.945523E+01
13382  -4.945626E+01
13383  -4.945729E+01
13384  -4.945831E+01
13385  -4.945934E+01
13386  -4.946037E+01
13387  -4.946140E+01
13388  -4.946243E+01
13389  -4.946346E+01
13390  -4.946449E+01
13391  -4.946552E+01
13392  -4.946655E+01
13393  -4.946758E+01
13394  -4.946861E+01
13395  -4.946965E+01
13396  -4.947069E+01
13397  -4.947173E+01
13398  -4.947277E+01
13399  -4.947381E+01
13400  -4.947485E+01
13401  -4.947589E+01
13402  -4.947693E+01
13403  -4.947797E+01
13404  -4.947901E+01
13405  -4.948005E+01
13406  -4.948109E+01
13407  -4.948213E+01
13408  -4.948317E+01
13409  -4.948421E+01
13410  -4.948525E+01
13411  -4.948630E+01
13412  -4.948734E+01
13413  -4.948838E+01
13414  -4.948942E+01
13415  -4.949046E+01
13416  -4.949151E+01
13417  -4.949255E+01
13418  -4.949359E+01
13419  -4.949464E+01
13420  -4.949568E+01
13421  -4.949672E+01
13422  -4.949777E+01
13423  -4.949881E+01
13424  -4.949985E+01
13425  -4.950090E+01
13426  -4.950194E+01
13427  -4.950299E+01
13428  -4.950403E+01
13429  -4.950508E+01
13430  -4.950612E+01
13431  -4.950717E+01
13432  -4.950821E+01
13433  -4.950926E+01
13434  -4.951030E+01
13435  -4.951135E+01
13436  -4.951240E+01
13437  -4.951344E+01
13438  -4.951449E+01
13439  -4.951554E+01
13440  -4.951658E+01
13441  -4.951763E+01
13442  -4.951868E+01
13443  -4.951973E+01
13444  -4.952077E+01
13445  -4.952182E+01
13446  -4.952287E+01
13447  -4.952392E+01
13448  -4.952497E+01
13449  -4.952602E+01
13450  -4.952706E+01
13451  -4.952811E+01
13452  -4.952916E+01
13453  -4.953021E+01
13454  -4.953126E+01
13455  -4.953231E+01
13456  -4.953336E+01
13457  -4.953441E+01
13458  -4.953547E+01
13459  -4.953652E+01
13460  -4.953757E+01
13461  -4.953862E+01
13462  -4.953967E+01
13463  -4.954072E+01
13464  -4.954178E+01
13465  -4.954283E+01
13466  -4.954388E+01
13467  -4.954493E+01
13468  -4.954599E+01
13469  -4.954704E+01
13470  -4.954809E+01
13471  -4.954915E+01
13472  -4.955020E+01
13473  -4.955126E+01
13474  -4.955231E+01
13475  -4.955337E+01
13476  -4.955442E+01
13477  -4.955548E+01
13478  -4.955653E+01
13479  -4.955759E+01
13480  -4.955864E+01
13481  -4.955970E+01
13482  -4.956076E+01
13483  -4.956181E+01
13484  -4.956287E+01
13485  -4.956393E+01
13486  -4.956499E+01
13487  -4.956604E+01
13488  -4.956710E+01
13489  -4.956816E+01
13490  -4.956922E+01
13491  -4.957028E+01
13492  -4.957134E+01
13493  -4.957240E+01
13494  -4.957346E+01
13495  -4.957452E+01
13496  -4.957558E+01
13497  -4.957664E+01
13498  -4.957770E+01
13499  -4.957876E+01
13500  -4.957982E+01
13501  -4.958088E+01
13502  -4.958195E+01
13503  -4.958301E+01
13504  -4.958407E+01
13505  -4.958513E+01
13506  -4.958620E+01
13507  -4.958726E+01
13508  -4.958832E+01
13509  -4.958939E+01
13510  -4.959045E+01
13511  -4.959152E+01
13512  -4.959258E+01
13513  -4.959365E+01
13514  -4.959471E+01
13515  -4.959578E+01
13516  -4.959684E+01
13517  -4.959791E+01
13518  -4.959898E+01
13519  -4.960004E+01
13520  -4.960111E+01
13521  -4.960218E+01
13522  -4.960325E+01
13523  -4.960431E+01
13524  -4.960538E+01
13525  -4.960645E+01
13526  -4.960752E+01
13527  -4.960859E+01
13528  -4.960966E+01
13529  -4.961073E+01
13530  -4.961180E+01
13531  -4.961287E+01
13532  -4.961394E+01
13533  -4.961501E+01
13534  -4.961608E+01
13535  -4.961716E+01
13536  -4.961823E+01
13537  -4.961930E+01
13538  -4.962037E+01
13539  -4.962145E+01
13540  -4.962252E+01
13541  -4.962359E+01
13542  -4.962467E+01
13543  -4.962574E+01
13544  -4.962682E+01
13545  -4.962789E+01
13546  -4.962897E+01
13547  -4.963004E+01
13548  -4.963112E+01
13549  -4.963219E+01
13550  -4.963327E+01
13551  -4.963435E+01
13552  -4.963543E+01
13553  -4.963650E+01
13554  -4.963758E+01
13555  -4.963866E+01
13556  -4.963974E+01
13557  -4.964082E+01
13558  -4.964190E+01
13559  -4.964298E+01
13560  -4.964406E+01
13561  -4.964514E+01
13562  -4.964622E+01
13563  -4.964730E+01
13564  -4.964838E+01
13565  -4.964946E+01
13566  -4.965054E+01
13567  -4.965163E+01
13568  -4.965271E+01
13569  -4.965379E+01
13570  -4.965488E+01
13571  -4.965596E+01
13572  -4.965705E+01
13573  -4.965813E+01
13574  -4.965921E+01
13575  -4.966030E+01
13576  -4.966139E+01
13577  -4.966247E+01
13578  -4.966356E+01
13579  -4.966465E+01
13580  -4.966573E+01
13581  -4.966682E+01
13582  -4.966791E+01
13583  -4.966900E+01
13584  -4.967008E+01
13585  -4.967117E+01
13586  -4.967226E+01
13587  -4.967335E+01
13588  -4.967444E+01
13589  -4.967553E+01
13590  -4.967662E+01
13591  -4.967772E+01
13592  -4.967881E+01
13593  -4.967990E+01
13594  -4.968099E+01
13595  -4.968208E+01
13596  -4.968318E+01
13597  -4.968427E+01
13598  -4.968537E+01
13599  -4.968646E+01
13600  -4.968755E+01
13601  -4.968865E+01
13602  -4.968975E+01
13603  -4.969084E+01
13604  -4.969194E+01
13605  -4.969303E+01
13606  -4.969413E+01
13607  -4.969523E+01
13608  -4.969633E+01
13609  -4.969742E+01
13610  -4.969852E+01
13611  -4.969962E+01
13612  -4.970072E+01
13613  -4.970182E+01
13614  -4.970292E+01
13615  -4.970402E+01
13616  -4.970512E+01
13617  -4.970622E+01
13618  -4.970733E+01
13619  -4.970843E+01
13620  -4.970953E+01
13621  -4.971063E+01
13622  -4.971174E+01
13623  -4.971285E+01
13624  -4.971396E+01
13625  -4.971507E+01
13626  -4.971618E+01
13627  -4.971729E+01
13628  -4.971840E+01
13629  -4.971951E+01
13630  -4.972063E+01
13631  -4.972174E+01
13632  -4.972285E+01
13633  -4.972397E+01
13634  -4.972508E+01
13635  -4.972619E+01
13636  -4.972731E+01
13637  -4.972842E+01
13638  -4.972954E+01
13639  -4.973066E+01
13640  -4.973177E+01
13641  -4.973289E+01
13642  -4.973401E+01
13643  -4.973512E+01
13644  -4.973624E+01
13645  -4.973736E+01
13646  -4.973848E+01
13647  -4.973960E+01
13648  -4.974072E+01
13649  -4.974184E+01
13650  -4.974296E+01
13651  -4.974408E+01
13652  -4.974521E+01
13653  -4.974633E+01
13654  -4.974745E+01
13655  -4.974857E+01
13656  -4.974970E+01
13657  -4.975082E+01
13658  -4.975195E+01
13659  -4.975307E+01
13660  -4.975420E+01
13661  -4.975532E+01
13662  -4.975645E+01
13663  -4.975757E+01
13664  -4.975870E+01
13665  -4.975983E+01
13666  -4.976096E+01
13667  -4.976209E+01
13668  -4.976321E+01
13669  -4.976434E+01
13670  -4.976547E+01
13671  -4.976660E+01
13672  -4.976773E+01
13673  -4.976887E+01
13674  -4.977000E+01
13675  -4.977113E+01
13676  -4.977226E+01
13677  -4.977340E+01
13678  -4.977453E+01
13679  -4.977566E+01
13680  -4.977680E+01
13681  -4.977793E+01
13682  -4.977907E+01
13683  -4.978020E+01
13684  -4.978134E+01
13685  -4.978248E+01
13686  -4.978361E+01
13687  -4.978475E+01
13688  -4.978589E+01
13689  -4.978703E+01
13690  -4.978817E+01
13691  -4.978931E+01
13692  -4.979045E+01
13693  -4.979159E+01
13694  -4.979273E+01
13695  -4.979387E+01
13696  -4.979501E+01
13697  -4.979615E+01
13698  -4.979730E+01
13699  -4.979844E+01
13700  -4.979959E+01
13701  -4.980073E+01
13702  -4.980187E+01
13703  -4.980302E+01
13704  -4.980417E+01
13705  -4.980531E+01
13706  -4.980646E+01
13707  -4.980761E+01
13708  -4.980875E+01
13709  -4.980990E+01
13710  -4.981105E+01
13711  -4.981220E+01
13712  -4.981335E+01
13713  -4.981450E+01
13714  -4.981565E+01
13715  -4.981680E+01
13716  -4.981795E+01
13717  -4.981911E+01
13718  -4.982026E+01
13719  -4.982141E+01
13720  -4.982257E+01
13721  -4.982372E+01
13722  -4.982488E+01
13723  -4.982603E+01
13724  -4.982719E+01
13725  -4.982834E+01
13726  -4.982950E+01
13727  -4.983066E+01
13728  -4.983181E+01
13729  -4.983297E+01
13730  -4.983413E+01
13731  -4.983529E+01
13732  -4.983645E+01
13733  -4.983761E+01
13734  -4.983877E+01
13735  -4.983993E+01
13736  -4.984110E+01
13737  -4.984226E+01
13738  -4.984342E+01
13739  -4.984458E+01
13740  -4.984575E+01
13741  -4.984691E+01
13742  -4.984808E+01
13743  -4.984924E+01
13744  -4.985041E+01
13745  -4.985157E+01
13746  -4.985274E+01
13747  -4.985391E+01
13748  -4.985508E+01
13749  -4.985625E+01
13750  -4.985742E+01
13751  -4.985858E+01
13752  -4.985976E+01
13753  -4.986093E+01
13754  -4.986210E+01
13755  -4.986327E+01
13756  -4.986444E+01
13757  -4.986561E+01
13758  -4.986679E+01
13759  -4.986796E+01
13760  -4.986914E+01
13761  -4.987031E+01
13762  -4.987149E+01
13763  -4.987266E+01
13764  -4.987384E+01
13765  -4.987502E+01
13766  -4.987619E+01
13767  -4.987737E+01
13768  -4.987855E+01
13769  -4.987973E+01
13770  -4.988091E+01
13771  -4.988209E+01
13772  -4.988327E+01
13773  -4.988445E+01
13774  -4.988563E+01
13775  -4.988682E+01
13776  -4.988800E+01
13777  -4.988918E+01
13778  -4.989037E+01
13779  -4.989155E+01
13780  -4.989274E+01
13781  -4.989392E+01
13782  -4.989511E+01
13783  -4.989629E+01
13784  -4.989748E+01
13785  -4.989867E+01
13786  -4.989986E+01
13787  -4.990105E+01
13788  -4.990224E+01
13789  -4.990343E+01
13790  -4.990462E+01
13791  -4.990581E+01
13792  -4.990700E+01
13793  -4.990819E+01
13794  -4.990939E+01
13795  -4.991058E+01
13796  -4.991177E+01
13797  -4.991297E+01
13798  -4.991416E+01
13799  -4.991536E+01
13800  -4.991655E+01
13801  -4.991775E+01
13802  -4.991895E+01
13803  -4.992015E+01
13804  -4.992134E+01
13805  -4.992254E+01
13806  -4.992374E+01
13807  -4.992494E+01
13808  -4.992614E+01
13809  -4.992735E+01
13810  -4.992855E+01
13811  -4.992975E+01
13812  -4.993095E+01
13813  -4.993216E+01
13814  -4.993336E+01
13815  -4.993457E+01
13816  -4.993577E+01
13817  -4.993698E+01
13818  -4.993818E+01
13819  -4.993939E+01
13820  -4.994060E+01
13821  -4.994181E+01
13822  -4.994301E+01
13823  -4.994422E+01
13824  -4.994543E+01
13825  -4.994664E+01
13826  -4.994785E+01
13827  -4.994907E+01
13828  -4.995028E+01
13829  -4.995149E+01
13830  -4.995270E+01
13831  -4.995392E+01
13832  -4.995513E+01
13833  -4.995635E+01
13834  -4.995756E+01
13835  -4.995878E+01
13836  -4.996000E+01
13837  -4.996121E+01
13838  -4.996243E+01
13839  -4.996365E+01
13840  -4.996487E+01
13841  -4.996609E+01
13842  -4.996731E+01
13843  -4.996853E+01
13844  -4.996975E+01
13845  -4.997097E+01
13846  -4.997220E+01
13847  -4.997342E+01
13848  -4.997464E+01
13849  -4.997587E+01
13850  -4.997709E+01
13851  -4.997832E+01
13852  -4.997955E+01
13853  -4.998077E+01
13854  -4.998200E+01
13855  -4.998323E+01
13856  -4.998446E+01
13857  -4.998569E+01
13858  -4.998691E+01
13859  -4.998815E+01
13860  -4.998938E+01
13861  -4.999061E+01
13862  -4.999184E+01
13863  -4.999307E+01
13864  -4.999431E+01
13865  -4.999554E+01
13866  -4.999677E+01
13867  -4.999801E+01
13868  -4.999925E+01
13869  -5.000048E+01
13870  -5.000172E+01
13871  -5.000296E+01
13872  -5.000419E+01
13873  -5.000543E+01
13874  -5.000667E+01
13875  -5.000791E+01
13876  -5.000915E+01
13877  -5.001039E+01
13878  -5.001164E+01
13879  -5.001288E+01
13880  -5.001412E+01
13881  -5.001537E+01
13882  -5.001661E+01
13883  -5.001785E+01
13884  -5.001910E+01
13885  -5.002035E+01
13886  -5.002159E+01
13887  -5.002284E+01
13888  -5.002409E+01
13889  -5.002534E+01
13890  -5.002659E+01
13891  -5.002784E+01
13892  -5.002909E+01
13893  -5.003034E+01
13894  -5.003159E+01
13895  -5.003284E+01
13896  -5.003409E+01
13897  -5.003535E+01
13898  -5.003660E+01
13899  -5.003786E+01
13900  -5.003911E+01
13901  -5.004037E+01
13902  -5.004162E+01
13903  -5.004288E+01
13904  -5.004414E+01
13905  -5.004540E+01
13906  -5.004666E+01
13907  -5.004792E+01
13908  -5.004918E+01
13909  -5.005044E+01
13910  -5.005170E+01
13911  -5.005296E+01
13912  -5.005422E+01
13913  -5.005549E+01
13914  -5.005675E+01
13915  -5.005802E+01
13916  -5.005928E+01
13917  -5.006055E+01
13918  -5.006181E+01
13919  -5.006308E+01
13920  -5.006435E+01
13921  -5.006562E+01
13922  -5.006689E+01
13923  -5.006816E+01
13924  -5.006943E+01
13925  -5.007070E+01
13926  -5.007197E+01
13927  -5.007324E+01
13928  -5.007451E+01
13929  -5.007579E+01
13930  -5.007706E+01
13931  -5.007833E+01
13932  -5.007961E+01
13933  -5.008089E+01
13934  -5.008216E+01
13935  -5.008344E+01
13936  -5.008472E+01
13937  -5.008600E+01
13938  -5.008728E+01
13939  -5.008856E+01
13940  -5.008984E+01
13941  -5.009112E+01
13942  -5.009240E+01
13943  -5.009368E+01
13944  -5.009496E+01
13945  -5.009625E+01
13946  -5.009753E+01
13947  -5.009882E+01
13948  -5.010010E+01
13949  -5.010139E+01
13950  -5.010267E+01
13951  -5.010396E+01
13952  -5.010525E+01
13953  -5.010654E+01
13954  -5.010783E+01
13955  -5.010912E+01
13956  -5.011041E+01
13957  -5.011170E+01
13958  -5.011299E+01
13959  -5.011428E+01
13960  -5.011558E+01
13961  -5.011687E+01
13962  -5.011816E+01
13963  -5.011946E+01
13964  -5.012076E+01
13965  -5.012205E+01
13966  -5.012335E+01
13967  -5.012465E+01
13968  -5.012594E+01
13969  -5.012724E+01
13970  -5.012854E+01
13971  -5.012984E+01
13972  -5.013114E+01
13973  -5.013245E+01
13974  -5.013375E+01
13975  -5.013505E+01
13976  -5.013635E+01
13977  -5.013766E+01
13978  -5.013896E+01
13979  -5.014027E+01
13980  -5.014157E+01
13981  -5.014288E+01
13982  -5.014419E+01
13983  -5.014550E+01
13984  -5.014680E+01
13985  -5.014811E+01
13986  -5.014942E+01
13987  -5.015073E+01
13988  -5.015205E+01
13989  -5.015336E+01
13990  -5.015467E+01
13991  -5.015598E+01
13992  -5.015730E+01
13993  -5.015861E+01
13994  -5.015993E+01
13995  -5.016124E+01
13996  -5.016256E+01
13997  -5.016388E+01
13998  -5.016519E+01
13999  -5.016651E+01
14000  -5.016783E+01
14001  -5.016915E+01
14002  -5.017047E+01
14003  -5.017179E+01
14004  -5.017311E+01
14005  -5.017444E+01
14006  -5.017576E+01
14007  -5.017708E+01
14008  -5.017841E+01
14009  -5.017973E+01
14010  -5.018106E+01
14011  -5.018238E+01
14012  -5.018371E+01
14013  -5.018504E+01
14014  -5.018636E+01
14015  -5.018769E+01
14016  -5.018902E+01
14017  -5.019035E+01
14018  -5.019168E+01
14019  -5.019301E+01
14020  -5.019435E+01
14021  -5.019568E+01
14022  -5.019701E+01
14023  -5.019835E+01
14024  -5.019968E+01
14025  -5.020102E+01
14026  -5.020235E+01
14027  -5.020369E+01
14028  -5.020503E+01
14029  -5.020636E+01
14030  -5.020770E+01
14031  -5.020904E+01
14032  -5.021038E+01
14033  -5.021172E+01
14034  -5.021306E+01
14035  -5.021441E+01
14036  -5.021575E+01
14037  -5.021709E+01
14038  -5.021843E+01
14039  -5.021978E+01
14040  -5.022112E+01
14041  -5.022247E+01
14042  -5.022382E+01
14043  -5.022516E+01
14044  -5.022651E+01
14045  -5.022786E+01
14046  -5.022921E+01
14047  -5.023056E+01
14048  -5.023191E+01
14049  -5.023326E+01
14050  -5.023461E+01
14051  -5.023596E+01
14052  -5.023732E+01
14053  -5.023867E+01
14054  -5.024002E+01
14055  -5.024138E+01
14056  -5.024273E+01
14057  -5.024409E+01
14058  -5.024545E+01
14059  -5.024681E+01
14060  -5.024816E+01
14061  -5.024952E+01
14062  -5.025088E+01
14063  -5.025224E+01
14064  -5.025360E+01
14065  -5.025496E+01
14066  -5.025633E+01
14067  -5.025769E+01
14068  -5.025905E+01
14069  -5.026042E+01
14070  -5.026178E+01
14071  -5.026315E+01
14072  -5.026451E+01
14073  -5.026588E+01
14074  -5.026725E+01
14075  -5.026861E+01
14076  -5.026998E+01
14077  -5.027135E+01
14078  -5.027272E+01
14079  -5.027409E+01
14080  -5.027546E+01
14081  -5.027684E+01
14082  -5.027821E+01
14083  -5.027958E+01
14084  -5.028095E+01
14085  -5.028233E+01
14086  -5.028370E+01
14087  -5.028508E+01
14088  -5.028646E+01
14089  -5.028783E+01
14090  -5.028921E+01
14091  -5.029059E+01
14092  -5.029197E+01
14093  -5.029335E+01
14094  -5.029473E+01
14095  -5.029611E+01
14096  -5.029749E+01
14097  -5.029887E+01
14098  -5.030026E+01
14099  -5.030164E+01
14100  -5.030302E+01
14101  -5.030441E+01
14102  -5.030579E+01
14103  -5.030718E+01
14104  -5.030857E+01
14105  -5.030995E+01
14106  -5.031134E+01
14107  -5.031273E+01
14108  -5.031412E+01
14109  -5.031551E+01
14110  -5.031690E+01
14111  -5.031829E+01
14112  -5.031968E+01
14113  -5.032108E+01
14114  -5.032247E+01
14115  -5.032386E+01
14116  -5.032526E+01
14117  -5.032665E+01
14118  -5.032805E+01
14119  -5.032945E+01
14120  -5.033084E+01
14121  -5.033224E+01
14122  -5.033364E+01
14123  -5.033504E+01
14124  -5.033644E+01
14125  -5.033784E+01
14126  -5.033925E+01
14127  -5.034066E+01
14128  -5.034207E+01
14129  -5.034348E+01
14130  -5.034489E+01
14131  -5.034631E+01
14132  -5.034772E+01
14133  -5.034913E+01
14134  -5.035055E+01
14135  -5.035196E+01
14136  -5.035338E+01
14137  -5.035480E+01
14138  -5.035621E+01
14139  -5.035763E+01
14140  -5.035905E+01
14141  -5.036047E+01
14142  -5.036189E+01
14143  -5.036331E+01
14144  -5.036473E+01
14145  -5.036615E+01
14146  -5.036758E+01
14147  -5.036900E+01
14148  -5.037042E+01
14149  -5.037185E+01
14150  -5.037327E+01
14151  -5.037470E+01
14152  -5.037612E+01
14153  -5.037755E+01
14154  -5.037898E+01
14155  -5.038041E+01
14156  -5.038184E+01
14157  -5.038326E+01
14158  -5.038469E+01
14159  -5.038613E+01
14160  -5.038756E+01
14161  -5.038899E+01
14162  -5.039042E+01
14163  -5.039185E+01
14164  -5.039329E+01
14165  -5.039472E+01
14166  -5.039616E+01
14167  -5.039759E+01
14168  -5.039903E+01
14169  -5.040047E+01
14170  -5.040190E+01
14171  -5.040334E+01
14172  -5.040478E+01
14173  -5.040622E+01
14174  -5.040766E+01
14175  -5.040910E+01
14176  -5.041054E+01
14177  -5.041198E+01
14178  -5.041343E+01
14179  -5.041487E+01
14180  -5.041631E+01
14181  -5.041776E+01
14182  -5.041920E+01
14183  -5.042065E+01
14184  -5.042210E+01
14185  -5.042354E+01
14186  -5.042499E+01
14187  -5.042644E+01
14188  -5.042789E+01
14189  -5.042934E+01
14190  -5.043079E+01
14191  -5.043224E+01
14192  -5.043369E+01
14193  -5.043514E+01
14194  -5.043659E+01
14195  -5.043804E+01
14196  -5.043950E+01
14197  -5.044095E+01
14198  -5.044241E+01
14199  -5.044386E+01
14200  -5.044532E+01
14201  -5.044677E+01
14202  -5.044823E+01
14203  -5.044969E+01
14204  -5.045115E+01
14205  -5.045261E+01
14206  -5.045407E+01
14207  -5.045553E+01
14208  -5.045699E+01
14209  -5.045845E+01
14210  -5.045991E+01
14211  -5.046137E+01
14212  -5.046283E+01
14213  -5.046430E+01
14214  -5.046576E+01
14215  -5.046723E+01
14216  -5.046869E+01
14217  -5.047016E+01
14218  -5.047162E+01
14219  -5.047309E+01
14220  -5.047456E+01
14221  -5.047603E+01
14222  -5.047750E+01
14223  -5.047897E+01
14224  -5.048044E+01
14225  -5.048191E+01
14226  -5.048338E+01
14227  -5.048485E+01
14228  -5.048632E+01
14229  -5.048779E+01
14230  -5.048927E+01
14231  -5.049074E+01
14232  -5.049222E+01
14233  -5.049369E+01
14234  -5.049517E+01
14235  -5.049664E+01
14236  -5.049812E+01
14237  -5.049960E+01
14238  -5.050108E+01
14239  -5.050255E+01
14240  -5.050403E+01
14241  -5.050551E+01
14242  -5.050699E+01
14243  -5.050847E+01
14244  -5.050995E+01
14245  -5.051144E+01
14246  -5.051292E+01
14247  -5.051440E+01
14248  -5.051589E+01
14249  -5.051737E+01
14250  -5.051885E+01
14251  -5.052034E+01
14252  -5.052182E+01
14253  -5.052331E+01
14254  -5.052480E+01
14255  -5.052628E+01
14256  -5.052777E+01
14257  -5.052926E+01
14258  -5.053075E+01
14259  -5.053224E+01
14260  -5.053373E+01
14261  -5.053522E+01
14262  -5.053671E+01
14263  -5.053820E+01
14264  -5.053969E+01
14265  -5.054119E+01
14266  -5.054268E+01
14267  -5.054417E+01
14268  -5.054567E+01
14269  -5.054716E+01
14270  -5.054866E+01
14271  -5.055015E+01
14272  -5.055165E+01
14273  -5.055315E+01
14274  -5.055464E+01
14275  -5.055614E+01
14276  -5.055764E+01
14277  -5.055914E+01
14278  -5.056064E+01
14279  -5.056214E+01
14280  -5.056364E+01
14281  -5.056514E+01
14282  -5.056664E+01
14283  -5.056814E+01
14284  -5.056964E+01
14285  -5.057115E+01
14286  -5.057265E+01
14287  -5.057415E+01
14288  -5.057566E+01
14289  -5.057716E+01
14290  -5.057867E+01
14291  -5.058017E+01
14292  -5.058168E+01
14293  -5.058319E+01
14294  -5.058469E+01
14295  -5.058620E+01
14296  -5.058771E+01
14297  -5.058922E+01
14298  -5.059073E+01
14299  -5.059224E+01
14300  -5.059375E+01
14301  -5.059526E+01
14302  -5.059677E+01
14303  -5.059828E+01
14304  -5.059979E+01
14305  -5.060130E+01
14306  -5.060282E+01
14307  -5.060433E+01
14308  -5.060584E+01
14309  -5.060736E+01
14310  -5.060887E+01
14311  -5.061039E+01
14312  -5.061190E+01
14313  -5.061342E+01
14314  -5.061493E+01
14315  -5.061645E+01
14316  -5.061797E+01
14317  -5.061949E+01
14318  -5.062100E+01
14319  -5.062252E+01
14320  -5.062404E+01
14321  -5.062556E+01
14322  -5.062708E+01
14323  -5.062860E+01
14324  -5.063012E+01
14325  -5.063164E+01
14326  -5.063317E+01
14327  -5.063469E+01
14328  -5.063621E+01
14329  -5.063773E+01
14330  -5.063926E+01
14331  -5.064078E+01
14332  -5.064230E+01
14333  -5.064383E+01
14334  -5.064535E+01
14335  -5.064688E+01
14336  -5.064840E+01
14337  -5.064993E+01
14338  -5.065146E+01
14339  -5.065298E+01
14340  -5.065451E+01
14341  -5.065604E+01
14342  -5.065757E+01
14343  -5.065910E+01
14344  -5.066062E+01
14345  -5.066215E+01
14346  -5.066368E+01
14347  -5.066521E+01
14348  -5.066674E+01
14349  -5.066828E+01
14350  -5.066981E+01
14351  -5.067134E+01
14352  -5.067287E+01
14353  -5.067440E+01
14354  -5.067593E+01
14355  -5.067747E+01
14356  -5.067900E+01
14357  -5.068054E+01
14358  -5.068207E+01
14359  -5.068360E+01
14360  -5.068514E+01
14361  -5.068667E+01
14362  -5.068821E+01
14363  -5.068975E+01
14364  -5.069128E+01
14365  -5.069282E+01
14366  -5.069436E+01
14367  -5.069589E+01
14368  -5.069743E+01
14369  -5.069897E+01
14370  -5.070051E+01
14371  -5.070204E+01
14372  -5.070358E+01
14373  -5.070512E+01
14374  -5.070666E+01
14375  -5.070820E+01
14376  -5.070974E+01
14377  -5.071128E+01
14378  -5.071282E+01
14379  -5.071436E+01
14380  -5.071591E+01
14381  -5.071745E+01
14382  -5.071899E+01
14383  -5.072053E+01
14384  -5.072208E+01
14385  -5.072362E+01
14386  -5.072516E+01
14387  -5.072670E+01
14388  -5.072825E+01
14389  -5.072979E+01
14390  -5.073134E+01
14391  -5.073288E+01
14392  -5.073443E+01
14393  -5.073597E+01
14394  -5.073752E+01
14395  -5.073906E+01
14396  -5.074061E+01
14397  -5.074216E+01
14398  -5.074370E+01
14399  -5.074525E+01
14400  -5.074680E+01
14401  -5.074834E+01
14402  -5.074989E+01
14403  -5.075144E+01
14404  -5.075299E+01
14405  -5.075454E+01
14406  -5.075608E+01
14407  -5.075763E+01
14408  -5.075918E+01
14409  -5.076073E+01
14410  -5.076228E+01
14411  -5.076383E+01
14412  -5.076538E+01
14413  -5.076693E+01
14414  -5.076848E+01
14415  -5.077003E+01
14416  -5.077158E+01
14417  -5.077313E+01
14418  -5.077468E+01
14419  -5.077624E+01
14420  -5.077779E+01
14421  -5.077934E+01
14422  -5.078089E+01
14423  -5.078244E+01
14424  -5.078400E+01
14425  -5.078555E+01
14426  -5.078710E+01
14427  -5.078866E+01
14428  -5.079021E+01
14429  -5.079176E+01
14430  -5.079332E+01
14431  -5.079487E+01
14432  -5.079642E+01
14433  -5.079798E+01
14434  -5.079953E+01
14435  -5.080109E+01
14436  -5.080264E+01
14437  -5.080420E+01
14438  -5.080575E+01
14439  -5.080731E+01
14440  -5.080886E+01
14441  -5.081042E+01
14442  -5.081197E+01
14443  -5.081353E+01
14444  -5.081508E+01
14445  -5.081664E+01
14446  -5.081820E+01
14447  -5.081975E+01
14448  -5.082131E+01
14449  -5.082286E+01
14450  -5.082442E+01
14451  -5.082598E+01
14452  -5.082753E+01
14453  -5.082909E+01
14454  -5.083065E+01
14455  -5.083221E+01
14456  -5.083376E+01
14457  -5.083532E+01
14458  -5.083688E+01
14459  -5.083843E+01
14460  -5.083999E+01
14461  -5.084155E+01
14462  -5.084311E+01
14463  -5.084467E+01
14464  -5.084622E+01
14465  -5.084778E+01
14466  -5.084934E+01
14467  -5.085090E+01
14468  -5.085246E+01
14469  -5.085401E+01
14470  -5.085557E+01
14471  -5.085713E+01
14472  -5.085869E+01
14473  -5.086025E+01
14474  -5.086181E+01
14475  -5.086337E+01
14476  -5.086492E+01
14477  -5.086648E+01
14478  -5.086804E+01
14479  -5.086960E+01
14480  -5.087116E+01
14481  -5.087272E+01
14482  -5.087428E+01
14483  -5.087584E+01
14484  -5.087739E+01
14485  -5.087895E+01
14486  -5.088051E+01
14487  -5.088207E+01
14488  -5.088363E+01
14489  -5.088519E+01
14490  -5.088675E+01
14491  -5.088831E+01
14492  -5.088987E+01
14493  -5.089142E+01
14494  -5.089298E+01
14495  -5.089454E+01
14496  -5.089610E+01
14497  -5.089766E+01
14498  -5.089922E+01
14499  -5.090078E+01
14500  -5.090234E+01
14501  -5.090390E+01
14502  -5.090545E+01
14503  -5.090701E+01
14504  -5.090857E+01
14505  -5.091013E+01
14506  -5.091169E+01
14507  -5.091325E+01
14508  -5.091481E+01
14509  -5.091636E+01
14510  -5.091792E+01
14511  -5.091948E+01
14512  -5.092104E+01
14513  -5.092260E+01
14514  -5.092415E+01
14515  -5.092571E+01
14516  -5.092727E+01
14517  -5.092883E+01
14518  -5.093038E+01
14519  -5.093194E+01
14520  -5.093350E+01
14521  -5.093506E+01
14522  -5.093661E+01
14523  -5.093817E+01
14524  -5.093973E+01
14525  -5.094129E+01
14526  -5.094284E+01
14527  -5.094440E+01
14528  -5.094596E+01
14529  -5.094751E+01
14530  -5.094907E+01
14531  -5.095062E+01
14532  -5.095218E+01
14533  -5.095374E+01
14534  -5.095529E+01
14535  -5.095685E+01
14536  -5.095840E+01
14537  -5.095996E+01
14538  -5.096151E+01
14539  -5.096307E+01
14540  -5.096462E+01
14541  -5.096618E+01
14542  -5.096773E+01
14543  -5.096929E+01
14544  -5.097084E+01
14545  -5.097239E+01
14546  -5.097395E+01
14547  -5.097550E+01
14548  -5.097706E+01
14549  -5.097861E+01
14550  -5.098016E+01
14551  -5.098171E+01
14552  -5.098327E+01
14553  -5.098482E+01
14554  -5.098637E+01
14555  -5.098792E+01
14556  -5.098948E+01
14557  -5.099103E+01
14558  -5.099258E+01
14559  -5.099413E+01
14560  -5.099568E+01
14561  -5.099723E+01
14562  -5.099878E+01
14563  -5.100033E+01
14564  -5.100188E+01
14565  -5.100343E+01
14566  -5.100498E+01
14567  -5.100653E+01
14568  -5.100808E+01
14569  -5.100963E+01
14570  -5.101118E+01
14571  -5.101273E+01
14572  -5.101427E+01
14573  -5.101582E+01
14574  -5.101737E+01
14575  -5.101892E+01
14576  -5.102046E+01
14577  -5.102201E+01
14578  -5.102355E+01
14579  -5.102510E+01
14580  -5.102665E+01
14581  -5.102819E+01
14582  -5.102974E+01
14583  -5.103128E+01
14584  -5.103283E+01
14585  -5.103437E+01
14586  -5.103591E+01
14587  -5.103746E+01
14588  -5.103900E+01
14589  -5.104054E+01
14590  -5.104209E+01
14591  -5.104363E+01
14592  -5.104517E+01
14593  -5.104671E+01
14594  -5.104825E+01
14595  -5.104979E+01
14596  -5.105134E+01
14597  -5.105288E+01
14598  -5.105442E+01
14599  -5.105596E+01
14600  -5.105749E+01
14601  -5.105903E+01
14602  -5.106057E+01
14603  -5.106211E+01
14604  -5.106365E+01
14605  -5.106519E+01
14606  -5.106672E+01
14607  -5.106826E+01
14608  -5.106979E+01
14609  -5.107133E+01
14610  -5.107287E+01
14611  -5.107440E+01
14612  -5.107594E+01
14613  -5.107747E+01
14614  -5.107900E+01
14615  -5.108054E+01
14616  -5.108207E+01
14617  -5.108360E+01
14618  -5.108514E+01
14619  -5.108667E+01
14620  -5.108820E+01
14621  -5.108973E+01
14622  -5.109126E+01
14623  -5.109279E+01
14624  -5.109432E+01
14625  -5.109585E+01
14626  -5.109738E+01
14627  -5.109891E+01
14628  -5.110044E+01
14629  -5.110196E+01
14630  -5.110349E+01
14631  -5.110502E+01
14632  -5.110654E+01
14633  -5.110807E+01
14634  -5.110959E+01
14635  -5.111112E+01
14636  -5.111264E+01
14637  -5.111417E+01
14638  -5.111569E+01
14639  -5.111721E+01
14640  -5.111874E+01
14641  -5.112026E+01
14642  -5.112178E+01
14643  -5.112330E+01
14644  -5.112482E+01
14645  -5.112634E+01
14646  -5.112786E+01
14647  -5.112938E+01
14648  -5.113090E+01
14649  -5.113242E+01
14650  -5.113393E+01
14651  -5.113545E+01
14652  -5.113697E+01
14653  -5.113848E+01
14654  -5.114000E+01
14655  -5.114152E+01
14656  -5.114303E+01
14657  -5.114454E+01
14658  -5.114606E+01
14659  -5.114757E+01
14660  -5.114908E+01
14661  -5.115059E+01
14662  -5.115211E+01
14663  -5.115362E+01
14664  -5.115513E+01
14665  -5.115664E+01
14666  -5.115815E+01
14667  -5.115965E+01
14668  -5.116116E+01
14669  -5.116267E+01
14670  -5.116418E+01
14671  -5.116568E+01
14672  -5.116719E+01
14673  -5.116869E+01
14674  -5.117020E+01
14675  -5.117170E+01
14676  -5.117321E+01
14677  -5.117471E+01
14678  -5.117621E+01
14679  -5.117771E+01
14680  -5.117922E+01
14681  -5.118072E+01
14682  -5.118222E+01
14683  -5.118372E+01
14684  -5.118521E+01
14685  -5.118671E+01
14686  -5.118821E+01
14687  -5.118971E+01
14688  -5.119120E+01
14689  -5.119270E+01
14690  -5.119419E+01
14691  -5.119569E+01
14692  -5.119718E+01
14693  -5.119868E+01
14694  -5.120017E+01
14695  -5.120166E+01
14696  -5.120315E+01
14697  -5.120464E+01
14698  -5.120614E+01
14699  -5.120762E+01
14700  -5.120911E+01
14701  -5.121060E+01
14702  -5.121209E+01
14703  -5.121358E+01
14704  -5.121506E+01
14705  -5.121655E+01
14706  -5.121803E+01
14707  -5.121952E+01
14708  -5.122100E+01
14709  -5.122249E+01
14710  -5.122397E+01
14711  -5.122545E+01
14712  -5.122693E+01
14713  -5.122841E+01
14714  -5.122989E+01
14715  -5.123137E+01
14716  -5.123285E+01
14717  -5.123433E+01
14718  -5.123582E+01
14719  -5.123730E+01
14720  -5.123878E+01
14721  -5.124026E+01
14722  -5.124174E+01
14723  -5.124322E+01
14724  -5.124470E+01
14725  -5.124618E+01
14726  -5.124766E+01
14727  -5.124913E+01
14728  -5.125061E+01
14729  -5.125208E+01
14730  -5.125356E+01
14731  -5.125503E+01
14732  -5.125651E+01
14733  -5.125798E+01
14734  -5.125945E+01
14735  -5.126092E+01
14736  -5.126239E+01
14737  -5.126386E+01
14738  -5.126533E+01
14739  -5.126680E+01
14740  -5.126827E+01
14741  -5.126974E+01
14742  -5.127120E+01
14743  -5.127267E+01
14744  -5.127414E+01
14745  -5.127560E+01
14746  -5.127706E+01
14747  -5.127853E+01
14748  -5.127999E+01
14749  -5.128145E+01
14750  -5.128291E+01
14751  -5.128437E+01
14752  -5.128583E+01
14753  -5.128729E+01
14754  -5.128875E+01
14755  -5.129020E+01
14756  -5.129166E+01
14757  -5.129312E+01
14758  -5.129457E+01
14759  -5.129602E+01
14760  -5.129748E+01
14761  -5.129893E+01
14762  -5.130038E+01
14763  -5.130183E+01
14764  -5.130328E+01
14765  -5.130473E+01
14766  -5.130618E+01
14767  -5.130763E+01
14768  -5.130908E+01
14769  -5.131052E+01
14770  -5.131197E+01
14771  -5.131342E+01
14772  -5.131486E+01
14773  -5.131630E+01
14774  -5.131775E+01
14775  -5.131919E+01
14776  -5.132063E+01
14777  -5.132207E+01
14778  -5.132351E+01
14779  -5.132495E+01
14780  -5.132639E+01
14781  -5.132782E+01
14782  -5.132926E+01
14783  -5.133070E+01
14784  -5.133213E+01
14785  -5.133357E+01
14786  -5.133500E+01
14787  -5.133643E+01
14788  -5.133787E+01
14789  -5.133930E+01
14790  -5.134073E+01
14791  -5.134216E+01
14792  -5.134359E+01
14793  -5.134501E+01
14794  -5.134644E+01
14795  -5.134787E+01
14796  -5.134929E+01
14797  -5.135072E+01
14798  -5.135214E+01
14799  -5.135357E+01
14800  -5.135499E+01
14801  -5.135641E+01
14802  -5.135783E+01
14803  -5.135925E+01
14804  -5.136067E+01
14805  -5.136209E+01
14806  -5.136351E+01
14807  -5.136493E+01
14808  -5.136634E+01
14809  -5.136776E+01
14810  -5.136917E+01
14811  -5.137059E+01
14812  -5.137200E+01
14813  -5.137341E+01
14814  -5.137482E+01
14815  -5.137623E+01
14816  -5.137764E+01
14817  -5.137905E+01
14818  -5.138046E+01
14819  -5.138187E+01
14820  -5.138328E+01
14821  -5.138468E+01
14822  -5.138609E+01
14823  -5.138749E+01
14824  -5.138890E+01
14825  -5.139030E+01
14826  -5.139170E+01
14827  -5.139310E+01
14828  -5.139450E+01
14829  -5.139590E+01
14830  -5.139730E+01
14831  -5.139870E+01
14832  -5.140010E+01
14833  -5.140149E+01
14834  -5.140289E+01
14835  -5.140428E+01
14836  -5.140568E+01
14837  -5.140707E+01
14838  -5.140846E+01
14839  -5.140985E+01
14840  -5.141124E+01
14841  -5.141263E+01
14842  -5.141402E+01
14843  -5.141541E+01
14844  -5.141680E+01
14845  -5.141818E+01
14846  -5.141957E+01
14847  -5.142095E+01
14848  -5.142234E+01
14849  -5.142372E+01
14850  -5.142510E+01
14851  -5.142649E+01
14852  -5.142787E+01
14853  -5.142925E+01
14854  -5.143062E+01
14855  -5.143200E+01
14856  -5.143338E+01
14857  -5.143476E+01
14858  -5.143613E+01
14859  -5.143751E+01
14860  -5.143888E+01
14861  -5.144026E+01
14862  -5.144163E+01
14863  -5.144300E+01
14864  -5.144437E+01
14865  -5.144574E+01
14866  -5.144711E+01
14867  -5.144848E+01
14868  -5.144985E+01
14869  -5.145121E+01
14870  -5.145258E+01
14871  -5.145395E+01
14872  -5.145531E+01
14873  -5.145667E+01
14874  -5.145804E+01
14875  -5.145940E+01
14876  -5.146076E+01
14877  -5.146212E+01
14878  -5.146348E+01
14879  -5.146484E+01
14880  -5.146620E+01
14881  -5.146755E+01
14882  -5.146891E+01
14883  -5.147026E+01
14884  -5.147162E+01
14885  -5.147297E+01
14886  -5.147433E+01
14887  -5.147568E+01
14888  -5.147703E+01
14889  -5.147838E+01
14890  -5.147973E+01
14891  -5.148108E+01
14892  -5.148243E+01
14893  -5.148377E+01
14894  -5.148512E+01
14895  -5.148646E+01
14896  -5.148781E+01
14897  -5.148915E+01
14898  -5.149050E+01
14899  -5.149184E+01
14900  -5.149318E+01
14901  -5.149452E+01
14902  -5.149586E+01
14903  -5.149720E+01
14904  -5.149854E+01
14905  -5.149988E+01
14906  -5.150121E+01
14907  -5.150255E+01
14908  -5.150388E+01
14909  -5.150522E+01
14910  -5.150655E+01
14911  -5.150788E+01
14912  -5.150921E+01
14913  -5.151055E+01
14914  -5.151188E+01
14915  -5.151320E+01
14916  -5.151453E+01
14917  -5.151586E+01
14918  -5.151719E+01
14919  -5.151851E+01
14920  -5.151984E+01
14921  -5.152116E+01
14922  -5.152249E+01
14923  -5.152381E+01
14924  -5.152513E+01
14925  -5.152645E+01
14926  -5.152777E+01
14927  -5.152909E+01
14928  -5.153041E+01
14929  -5.153173E+01
14930  -5.153305E+01
14931  -5.153436E+01
14932  -5.153568E+01
14933  -5.153699E+01
14934  -5.153831E+01
14935  -5.153962E+01
14936  -5.154093E+01
14937  -5.154224E+01
14938  -5.154355E+01
14939  -5.154486E+01
14940  -5.154617E+01
14941  -5.154748E+01
14942  -5.154879E+01
14943  -5.155010E+01
14944  -5.155140E+01
14945  -5.155271E+01
14946  -5.155401E+01
14947  -5.155531E+01
14948  -5.155662E+01
14949  -5.155792E+01
14950  -5.155922E+01
14951  -5.156052E+01
14952  -5.156182E+01
14953  -5.156312E+01
14954  -5.156442E+01
14955  -5.156571E+01
14956  -5.156701E+01
14957  -5.156830E+01
14958  -5.156960E+01
14959  -5.157089E+01
14960  -5.157219E+01
14961  -5.157348E+01
14962  -5.157477E+01
14963  -5.157606E+01
14964  -5.157735E+01
14965  -5.157864E+01
14966  -5.157993E+01
14967  -5.158122E+01
14968  -5.158250E+01
14969  -5.158379E+01
14970  -5.158507E+01
14971  -5.158636E+01
14972  -5.158764E+01
14973  -5.158893E+01
14974  -5.159021E+01
14975  -5.159149E+01
14976  -5.159277E+01
14977  -5.159405E+01
14978  -5.159533E+01
14979  -5.159661E+01
14980  -5.159788E+01
14981  -5.159916E+01
14982  -5.160044E+01
14983  -5.160171E+01
14984  -5.160299E+01
14985  -5.160426E+01
14986  -5.160553E+01
14987  -5.160680E+01
14988  -5.160808E+01
14989  -5.160935E+01
14990  -5.161062E+01
14991  -5.161188E+01
14992  -5.161315E+01
14993  -5.161442E+01
14994  -5.161569E+01
14995  -5.161695E+01
14996  -5.161822E+01
14997  -5.161948E+01
14998  -5.162075E+01
14999  -5.162201E+01
15000  -5.162327E+01
15001  -5.162453E+01
15002  -5.162579E+01
15003  -5.162705E+01
15004  -5.162831E+01
15005  -5.162957E+01
15006  -5.163083E+01
15007  -5.163208E+01
15008  -5.163334E+01
15009  -5.163459E+01
15010  -5.163585E+01
15011  -5.163710E+01
15012  -5.163835E+01
15013  -5.163961E+01
15014  -5.164086E+01
15015  -5.164211E+01
15016  -5.164336E+01
15017  -5.164461E+01
15018  -5.164586E+01
15019  -5.164710E+01
15020  -5.164835E+01
15021  -5.164960E+01
15022  -5.165084E+01
15023  -5.165209E+01
15024  -5.165333E+01
15025  -5.165457E+01
15026  -5.165582E+01
15027  -5.165706E+01
15028  -5.165830E+01
15029  -5.165954E+01
15030  -5.166078E+01
15031  -5.166202E+01
15032  -5.166325E+01
15033  -5.166449E+01
15034  -5.166573E+01
15035  -5.166696E+01
15036  -5.166820E+01
15037  -5.166943E+01
15038  -5.167067E+01
15039  -5.167190E+01
15040  -5.167313E+01
15041  -5.167436E+01
15042  -5.167559E+01
15043  -5.167682E+01
15044  -5.167805E+01
15045  -5.167928E+01
15046  -5.168051E+01
15047  -5.168174E+01
15048  -5.168296E+01
15049  -5.168419E+01
15050  -5.168542E+01
15051  -5.168664E+01
15052  -5.168787E+01
15053  -5.168909E+01
15054  -5.169031E+01
15055  -5.169153E+01
15056  -5.169276E+01
15057  -5.169398E+01
15058  -5.169520E+01
15059  -5.169642E+01
15060  -5.169763E+01
15061  -5.169885E+01
15062  -5.170007E+01
15063  -5.170128E+01
15064  -5.170250E+01
15065  -5.170372E+01
15066  -5.170493E+01
15067  -5.170614E+01
15068  -5.170736E+01
15069  -5.170857E+01
15070  -5.170978E+01
15071  -5.171099E+01
15072  -5.171220E+01
15073  -5.171341E+01
15074  -5.171462E+01
15075  -5.171583E+01
15076  -5.171703E+01
15077  -5.171824E+01
15078  -5.171944E+01
15079  -5.172065E+01
15080  -5.172185E+01
15081  -5.172306E+01
15082  -5.172426E+01
15083  -5.172546E+01
15084  -5.172666E+01
15085  -5.172786E+01
15086  -5.172906E+01
15087  -5.173026E+01
15088  -5.173146E+01
15089  -5.173266E+01
15090  -5.173386E+01
15091  -5.173505E+01
15092  -5.173625E+01
15093  -5.173744E+01
15094  -5.173864E+01
15095  -5.173983E+01
15096  -5.174103E+01
15097  -5.174222E+01
15098  -5.174341E+01
15099  -5.174460E+01
15100  -5.174579E+01
15101  -5.174698E+01
15102  -5.174817E+01
15103  -5.174936E+01
15104  -5.175054E+01
15105  -5.175173E+01
15106  -5.175292E+01
15107  -5.175410E+01
15108  -5.175529E+01
15109  -5.175647E+01
15110  -5.175765E+01
15111  -5.175884E+01
15112  -5.176002E+01
15113  -5.176120E+01
15114  -5.176238E+01
15115  -5.176356E+01
15116  -5.176474E+01
15117  -5.176592E+01
15118  -5.176710E+01
15119  -5.176827E+01
15120  -5.176945E+01
15121  -5.177063E+01
15122  -5.177180E+01
15123  -5.177298E+01
15124  -5.177415E+01
15125  -5.177532E+01
15126  -5.177650E+01
15127  -5.177767E+01
15128  -5.177884E+01
15129  -5.178001E+01
15130  -5.178118E+01
15131  -5.178235E+01
15132  -5.178352E+01
15133  -5.178469E+01
15134  -5.178585E+01
15135  -5.178702E+01
15136  -5.178818E+01
15137  -5.178935E+01
15138  -5.179051E+01
15139  -5.179168E+01
15140  -5.179284E+01
15141  -5.179400E+01
15142  -5.179517E+01
15143  -5.179633E+01
15144  -5.179749E+01
15145  -5.179865E+01
15146  -5.179981E+01
15147  -5.180097E+01
15148  -5.180212E+01
15149  -5.180328E+01
15150  -5.180444E+01
15151  -5.180559E+01
15152  -5.180675E+01
15153  -5.180790E+01
15154  -5.180906E+01
15155  -5.181021E+01
15156  -5.181136E+01
15157  -5.181251E+01
15158  -5.181367E+01
15159  -5.181482E+01
15160  -5.181597E+01
15161  -5.181712E+01
15162  -5.181826E+01
15163  -5.181941E+01
15164  -5.182056E+01
15165  -5.182171E+01
15166  -5.182285E+01
15167  -5.182400E+01
15168  -5.182514E+01
15169  -5.182629E+01
15170  -5.182743E+01
15171  -5.182857E+01
15172  -5.182972E+01
15173  -5.183086E+01
15174  -5.183200E+01
15175  -5.183314E+01
15176  -5.183428E+01
15177  -5.183542E+01
15178  -5.183656E+01
15179  -5.183769E+01
15180  -5.183883E+01
15181  -5.183997E+01
15182  -5.184110E+01
15183  -5.184224E+01
15184  -5.184337E+01
15185  -5.184451E+01
15186  -5.184564E+01
15187  -5.184677E+01
15188  -5.184791E+01
15189  -5.184904E+01
15190  -5.185017E+01
15191  -5.185130E+01
15192  -5.185243E+01
15193  -5.185356E+01
15194  -5.185469E+01
15195  -5.185581E+01
15196  -5.185694E+01
15197  -5.185807E+01
15198  -5.185919E+01
15199  -5.186032E+01
15200  -5.186144E+01
15201  -5.186257E+01
15202  -5.186369E+01
15203  -5.186481E+01
15204  -5.186593E+01
15205  -5.186706E+01
15206  -5.186818E+01
15207  -5.186930E+01
15208  -5.187042E+01
15209  -5.187153E+01
15210  -5.187265E+01
15211  -5.187377E+01
15212  -5.187489E+01
15213  -5.187600E+01
15214  -5.187712E+01
15215  -5.187824E+01
15216  -5.187935E+01
15217  -5.188046E+01
15218  -5.188158E+01
15219  -5.188269E+01
15220  -5.188380E+01
15221  -5.188491E+01
15222  -5.188602E+01
15223  -5.188713E+01
15224  -5.188824E+01
15225  -5.188935E+01
15226  -5.189046E+01
15227  -5.189157E+01
15228  -5.189268E+01
15229  -5.189378E+01
15230  -5.189489E+01
15231  -5.189599E+01
15232  -5.189710E+01
15233  -5.189820E+01
15234  -5.189931E+01
15235  -5.190041E+01
15236  -5.190151E+01
15237  -5.190261E+01
15238  -5.190372E+01
15239  -5.190482E+01
15240  -5.190592E+01
15241  -5.190702E+01
15242  -5.190811E+01
15243  -5.190921E+01
15244  -5.191031E+01
15245  -5.191141E+01
15246  -5.191250E+01
15247  -5.191360E+01
15248  -5.191469E+01
15249  -5.191579E+01
15250  -5.191688E+01
15251  -5.191798E+01
15252  -5.191907E+01
15253  -5.192016E+01
15254  -5.192125E+01
15255  -5.192234E+01
15256  -5.192343E+01
15257  -5.192452E+01
15258  -5.192561E+01
15259  -5.192670E+01
15260  -5.192779E+01
15261  -5.192888E+01
15262  -5.192996E+01
15263  -5.193105E+01
15264  -5.193213E+01
15265  -5.193322E+01
15266  -5.193430E+01
15267  -5.193539E+01
15268  -5.193647E+01
15269  -5.193755E+01
15270  -5.193863E+01
15271  -5.193972E+01
15272  -5.194080E+01
15273  -5.194188E+01
15274  -5.194296E+01
15275  -5.194404E+01
15276  -5.194511E+01
15277  -5.194619E+01
15278  -5.194727E+01
15279  -5.194835E+01
15280  -5.194942E+01
15281  -5.195050E+01
15282  -5.195157E+01
15283  -5.195265E+01
15284  -5.195372E+01
15285  -5.195479E+01
15286  -5.195587E+01
15287  -5.195694E+01
15288  -5.195801E+01
15289  -5.195908E+01
15290  -5.196015E+01
15291  -5.196122E+01
15292  -5.196229E+01
15293  -5.196336E+01
15294  -5.196443E+01
15295  -5.196549E+01
15296  -5.196656E+01
15297  -5.196763E+01
15298  -5.196869E+01
15299  -5.196976E+01
15300  -5.197082E+01
15301  -5.197189E+01
15302  -5.197295E+01
15303  -5.197401E+01
15304  -5.197507E+01
15305  -5.197614E+01
15306  -5.197720E+01
15307  -5.197826E+01
15308  -5.197932E+01
15309  -5.198038E+01
15310  -5.198144E+01
15311  -5.198249E+01
15312  -5.198355E+01
15313  -5.198461E+01
15314  -5.198566E+01
15315  -5.198672E+01
15316  -5.198778E+01
15317  -5.198883E+01
15318  -5.198988E+01
15319  -5.199094E+01
15320  -5.199199E+01
15321  -5.199304E+01
15322  -5.199410E+01
15323  -5.199515E+01
15324  -5.199620E+01
15325  -5.199725E+01
15326  -5.199830E+01
15327  -5.199935E+01
15328  -5.200040E+01
15329  -5.200144E+01
15330  -5.200249E+01
15331  -5.200354E+01
15332  -5.200458E+01
15333  -5.200563E+01
15334  -5.200667E+01
15335  -5.200772E+01
15336  -5.200876E+01
15337  -5.200981E+01
15338  -5.201085E+01
15339  -5.201189E+01
15340  -5.201293E+01
15341  -5.201397E+01
15342  -5.201502E+01
15343  -5.201606E+01
15344  -5.201709E+01
15345  -5.201813E+01
15346  -5.201917E+01
15347  -5.202021E+01
15348  -5.202125E+01
15349  -5.202228E+01
15350  -5.202332E+01
15351  -5.202436E+01
15352  -5.202539E+01
15353  -5.202643E+01
15354  -5.202746E+01
15355  -5.202849E+01
15356  -5.202953E+01
15357  -5.203056E+01
15358  -5.203159E+01
15359  -5.203262E+01
15360  -5.203365E+01
15361  -5.203468E+01
15362  -5.203571E+01
15363  -5.203674E+01
15364  -5.203777E+01
15365  -5.203880E+01
15366  -5.203982E+01
15367  -5.204085E+01
15368  -5.204188E+01
15369  -5.204290E+01
15370  -5.204393E+01
15371  -5.204495E+01
15372  -5.204598E+01
15373  -5.204700E+01
15374  -5.204802E+01
15375  -5.204904E+01
15376  -5.205007E+01
15377  -5.205109E+01
15378  -5.205211E+01
15379  -5.205313E+01
15380  -5.205415E+01
15381  -5.205517E+01
15382  -5.205619E+01
15383  -5.205720E+01
15384  -5.205822E+01
15385  -5.205924E+01
15386  -5.206025E+01
15387  -5.206127E+01
15388  -5.206229E+01
15389  -5.206330E+01
15390  -5.206431E+01
15391  -5.206533E+01
15392  -5.206634E+01
15393  -5.206735E+01
15394  -5.206837E+01
15395  -5.206938E+01
15396  -5.207039E+01
15397  -5.207140E+01
15398  -5.207241E+01
15399  -5.207342E+01
15400  -5.207443E+01
15401  -5.207543E+01
15402  -5.207644E+01
15403  -5.207745E+01
15404  -5.207846E+01
15405  -5.207946E+01
15406  -5.208047E+01
15407  -5.208147E+01
15408  -5.208248E+01
15409  -5.208348E+01
15410  -5.208448E+01
15411  -5.208549E+01
15412  -5.208649E+01
15413  -5.208749E+01
15414  -5.208849E+01
15415  -5.208949E+01
15416  -5.209049E+01
15417  -5.209149E+01
15418  -5.209249E+01
15419  -5.209349E+01
15420  -5.209449E+01
15421  -5.209549E+01
15422  -5.209648E+01
15423  -5.209748E+01
15424  -5.209848E+01
15425  -5.209947E+01
15426  -5.210047E+01
15427  -5.210146E+01
15428  -5.210246E+01
15429  -5.210345E+01
15430  -5.210444E+01
15431  -5.210543E+01
15432  -5.210643E+01
15433  -5.210742E+01
15434  -5.210841E+01
15435  -5.210940E+01
15436  -5.211039E+01
15437  -5.211138E+01
15438  -5.211237E+01
15439  -5.211335E+01
15440  -5.211434E+01
15441  -5.211533E+01
15442  -5.211632E+01
15443  -5.211730E+01
15444  -5.211829E+01
15445  -5.211927E+01
15446  -5.212026E+01
15447  -5.212124E+01
15448  -5.212222E+01
15449  -5.212321E+01
15450  -5.212419E+01
15451  -5.212517E+01
15452  -5.212615E+01
15453  -5.212713E+01
15454  -5.212811E+01
15455  -5.212909E+01
15456  -5.213007E+01
15457  -5.213105E+01
15458  -5.213203E+01
15459  -5.213301E+01
15460  -5.213398E+01
15461  -5.213496E+01
15462  -5.213594E+01
15463  -5.213691E+01
15464  -5.213789E+01
15465  -5.213886E+01
15466  -5.213984E+01
15467  -5.214081E+01
15468  -5.214178E+01
15469  -5.214276E+01
15470  -5.214373E+01
15471  -5.214470E+01
15472  -5.214567E+01
15473  -5.214664E+01
15474  -5.214761E+01
15475  -5.214858E+01
15476  -5.214955E+01
15477  -5.215052E+01
15478  -5.215149E+01
15479  -5.215245E+01
15480  -5.215342E+01
15481  -5.215439E+01
15482  -5.215535E+01
15483  -5.215632E+01
15484  -5.215728E+01
15485  -5.215825E+01
15486  -5.215921E+01
15487  -5.216018E+01
15488  -5.216114E+01
15489  -5.216210E+01
15490  -5.216306E+01
15491  -5.216402E+01
15492  -5.216499E+01
15493  -5.216595E+01
15494  -5.216691E+01
15495  -5.216787E+01
15496  -5.216883E+01
15497  -5.216979E+01
15498  -5.217075E+01
15499  -5.217171E+01
15500  -5.217267E+01
15501  -5.217363E+01
15502  -5.217458E+01
15503  -5.217554E+01
15504  -5.217650E+01
15505  -5.217746E+01
15506  -5.217841E+01
15507  -5.217937E+01
15508  -5.218033E+01
15509  -5.218128E+01
15510  -5.218223E+01
15511  -5.218319E+01
15512  -5.218414E+01
15513  -5.218510E+01
15514  -5.218605E+01
15515  -5.218700E+01
15516  -5.218795E+01
15517  -5.218890E+01
15518  -5.218985E+01
15519  -5.219080E+01
15520  -5.219175E+01
15521  -5.219270E+01
15522  -5.219365E+01
15523  -5.219460E+01
15524  -5.219555E+01
15525  -5.219649E+01
15526  -5.219744E+01
15527  -5.219839E+01
15528  -5.219933E+01
15529  -5.220028E+01
15530  -5.220122E+01
15531  -5.220217E+01
15532  -5.220311E+01
15533  -5.220405E+01
15534  -5.220500E+01
15535  -5.220594E+01
15536  -5.220688E+01
15537  -5.220782E+01
15538  -5.220876E+01
15539  -5.220970E+01
15540  -5.221064E+01
15541  -5.221158E+01
15542  -5.221252E+01
15543  -5.221346E+01
15544  -5.221440E+01
15545  -5.221533E+01
15546  -5.221627E+01
15547  -5.221721E+01
15548  -5.221814E+01
15549  -5.221908E+01
15550  -5.222001E+01
15551  -5.222095E+01
15552  -5.222188E+01
15553  -5.222282E+01
15554  -5.222375E+01
15555  -5.222468E+01
15556  -5.222561E+01
15557  -5.222655E+01
15558  -5.222748E+01
15559  -5.222841E+01
15560  -5.222934E+01
15561  -5.223027E+01
15562  -5.223120E+01
15563  -5.223213E+01
15564  -5.223305E+01
15565  -5.223398E+01
15566  -5.223491E+01
15567  -5.223584E+01
15568  -5.223676E+01
15569  -5.223769E+01
15570  -5.223861E+01
15571  -5.223954E+01
15572  -5.224046E+01
15573  -5.224139E+01
15574  -5.224231E+01
15575  -5.224323E+01
15576  -5.224416E+01
15577  -5.224508E+01
15578  -5.224600E+01
15579  -5.224692E+01
15580  -5.224784E+01
15581  -5.224876E+01
15582  -5.224968E+01
15583  -5.225060E+01
15584  -5.225152E+01
15585  -5.225244E+01
15586  -5.225336E+01
15587  -5.225427E+01
15588  -5.225519E+01
15589  -5.225611E+01
15590  -5.225702E+01
15591  -5.225794E+01
15592  -5.225886E+01
15593  -5.225977E+01
15594  -5.226068E+01
15595  -5.226160E+01
15596  -5.226251E+01
15597  -5.226342E+01
15598  -5.226434E+01
15599  -5.226525E+01
15600  -5.226616E+01
15601  -5.226707E+01
15602  -5.226798E+01
15603  -5.226889E+01
15604  -5.226980E+01
15605  -5.227071E+01
15606  -5.227163E+01
15607  -5.227254E+01
15608  -5.227345E+01
15609  -5.227437E+01
15610  -5.227528E+01
15611  -5.227619E+01
15612  -5.227710E+01
15613  -5.227801E+01
15614  -5.227892E+01
15615  -5.227984E+01
15616  -5.228074E+01
15617  -5.228165E+01
15618  -5.228256E+01
15619  -5.228347E+01
15620  -5.228438E+01
15621  -5.228529E+01
15622  -5.228619E+01
15623  -5.228710E+01
15624  -5.228801E+01
15625  -5.228891E+01
15626  -5.228982E+01
15627  -5.229072E+01
15628  -5.229163E+01
15629  -5.229253E+01
15630  -5.229343E+01
15631  -5.229434E+01
15632  -5.229524E+01
15633  -5.229614E+01
15634  -5.229704E+01
15635  -5.229794E+01
15636  -5.229884E+01
15637  -5.229974E+01
15638  -5.230064E+01
15639  -5.230154E+01
15640  -5.230244E+01
15641  -5.230334E+01
15642  -5.230424E+01
15643  -5.230514E+01
15644  -5.230603E+01
15645  -5.230693E+01
15646  -5.230783E+01
15647  -5.230872E+01
15648  -5.230962E+01
15649  -5.231051E+01
15650  -5.231141E+01
15651  -5.231230E+01
15652  -5.231320E+01
15653  -5.231409E+01
15654  -5.231498E+01
15655  -5.231587E+01
15656  -5.231677E+01
15657  -5.231766E+01
15658  -5.231855E+01
15659  -5.231944E+01
15660  -5.232033E+01
15661  -5.232122E+01
15662  -5.232211E+01
15663  -5.232300E+01
15664  -5.232389E+01
15665  -5.232477E+01
15666  -5.232566E+01
15667  -5.232655E+01
15668  -5.232744E+01
15669  -5.232832E+01
15670  -5.232921E+01
15671  -5.233009E+01
15672  -5.233098E+01
15673  -5.233186E+01
15674  -5.233275E+01
15675  -5.233363E+01
15676  -5.233451E+01
15677  -5.233540E+01
15678  -5.233628E+01
15679  -5.233716E+01
15680  -5.233804E+01
15681  -5.233892E+01
15682  -5.233981E+01
15683  -5.234069E+01
15684  -5.234157E+01
15685  -5.234245E+01
15686  -5.234332E+01
15687  -5.234420E+01
15688  -5.234508E+01
15689  -5.234596E+01
15690  -5.234684E+01
15691  -5.234771E+01
15692  -5.234859E+01
15693  -5.234947E+01
15694  -5.235034E+01
15695  -5.235122E+01
15696  -5.235209E+01
15697  -5.235297E+01
15698  -5.235384E+01
15699  -5.235472E+01
15700  -5.235559E+01
15701  -5.235646E+01
15702  -5.235733E+01
15703  -5.235821E+01
15704  -5.235908E+01
15705  -5.235995E+01
15706  -5.236082E+01
15707  -5.236169E+01
15708  -5.236256E+01
15709  -5.236343E+01
15710  -5.236430E+01
15711  -5.236517E+01
15712  -5.236604E+01
15713  -5.236691E+01
15714  -5.236777E+01
15715  -5.236864E+01
15716  -5.236951E+01
15717  -5.237037E+01
15718  -5.237124E+01
15719  -5.237211E+01
15720  -5.237297E+01
15721  -5.237384E+01
15722  -5.237470E+01
15723  -5.237556E+01
15724  -5.237643E+01
15725  -5.237729E+01
15726  -5.237815E+01
15727  -5.237902E+01
15728  -5.237988E+01
15729  -5.238074E+01
15730  -5.238160E+01
15731  -5.238246E+01
15732  -5.238332E+01
15733  -5.238418E+01
15734  -5.238504E+01
15735  -5.238590E+01
15736  -5.238676E+01
15737  -5.238762E+01
15738  -5.238848E+01
15739  -5.238934E+01
15740  -5.239019E+01
15741  -5.239105E+01
15742  -5.239191E+01
15743  -5.239276E+01
15744  -5.239362E+01
15745  -5.239447E+01
15746  -5.239533E+01
15747  -5.239618E+01
15748  -5.239704E+01
15749  -5.239789E+01
15750  -5.239875E+01
15751  -5.239960E+01
15752  -5.240045E+01
15753  -5.240130E+01
15754  -5.240216E+01
15755  -5.240301E+01
15756  -5.240386E+01
15757  -5.240471E+01
15758  -5.240557E+01
15759  -5.240642E+01
15760  -5.240728E+01
15761  -5.240813E+01
15762  -5.240898E+01
15763  -5.240984E+01
15764  -5.241069E+01
15765  -5.241154E+01
15766  -5.241239E+01
15767  -5.241324E+01
15768  -5.241410E+01
15769  -5.241495E+01
15770  -5.241580E+01
15771  -5.241665E+01
15772  -5.241750E+01
15773  -5.241835E+01
15774  -5.241920E+01
15775  -5.242004E+01
15776  -5.242089E+01
15777  -5.242174E+01
15778  -5.242259E+01
15779  -5.242344E+01
15780  -5.242428E+01
15781  -5.242513E+01
15782  -5.242597E+01
15783  -5.242682E+01
15784  -5.242767E+01
15785  -5.242851E+01
15786  -5.242936E+01
15787  -5.243020E+01
15788  -5.243104E+01
15789  -5.243189E+01
15790  -5.243273E+01
15791  -5.243357E+01
15792  -5.243442E+01
15793  -5.243526E+01
15794  -5.243610E+01
15795  -5.243694E+01
15796  -5.243778E+01
15797  -5.243863E+01
15798  -5.243947E+01
15799  -5.244031E+01
15800  -5.244115E+01
15801  -5.244199E+01
15802  -5.244282E+01
15803  -5.244366E+01
15804  -5.244450E+01
15805  -5.244534E+01
15806  -5.244618E+01
15807  -5.244702E+01
15808  -5.244785E+01
15809  -5.244869E+01
15810  -5.244953E+01
15811  -5.245036E+01
15812  -5.245120E+01
15813  -5.245203E+01
15814  -5.245287E+01
15815  -5.245370E+01
15816  -5.245454E+01
15817  -5.245537E+01
15818  -5.245620E+01
15819  -5.245704E+01
15820  -5.245787E+01
15821  -5.245870E+01
15822  -5.245954E+01
15823  -5.246037E+01
15824  -5.246120E+01
15825  -5.246203E+01
15826  -5.246286E+01
15827  -5.246369E+01
15828  -5.246452E+01
15829  -5.246535E+01
15830  -5.246618E+01
15831  -5.246701E+01
15832  -5.246784E+01
15833  -5.246867E+01
15834  -5.246950E+01
15835  -5.247033E+01
15836  -5.247116E+01
15837  -5.247198E+01
15838  -5.247281E+01
15839  -5.247364E+01
15840  -5.247446E+01
15841  -5.247529E+01
15842  -5.247612E+01
15843  -5.247694E+01
15844  -5.247777E+01
15845  -5.247859E+01
15846  -5.247942E+01
15847  -5.248024E+01
15848  -5.248106E+01
15849  -5.248189E+01
15850  -5.248271E+01
15851  -5.248353E+01
15852  -5.248436E+01
15853  -5.248518E+01
15854  -5.248600E+01
15855  -5.248682E+01
15856  -5.248764E+01
15857  -5.248846E+01
15858  -5.248929E+01
15859  -5.249011E+01
15860  -5.249093E+01
15861  -5.249175E+01
15862  -5.249257E+01
15863  -5.249338E+01
15864  -5.249420E+01
15865  -5.249502E+01
15866  -5.249584E+01
15867  -5.249666E+01
15868  -5.249748E+01
15869  -5.249829E+01
15870  -5.249911E+01
15871  -5.249993E+01
15872  -5.250074E+01
15873  -5.250156E+01
15874  -5.250238E+01
15875  -5.250319E+01
15876  -5.250401E+01
15877  -5.250482E+01
15878  -5.250564E+01
15879  -5.250645E+01
15880  -5.250727E+01
15881  -5.250808E+01
15882  -5.250889E+01
15883  -5.250971E+01
15884  -5.251052E+01
15885  -5.251133E+01
15886  -5.251214E+01
15887  -5.251296E+01
15888  -5.251377E+01
15889  -5.251458E+01
15890  -5.251539E+01
15891  -5.251620E+01
15892  -5.251701E+01
15893  -5.251782E+01
15894  -5.251863E+01
15895  -5.251944E+01
15896  -5.252025E+01
15897  -5.252106E+01
15898  -5.252187E+01
15899  -5.252268E+01
15900  -5.252349E+01
15901  -5.252429E+01
15902  -5.252510E+01
15903  -5.252591E+01
15904  -5.252672E+01
15905  -5.252752E+01
15906  -5.252833E+01
15907  -5.252914E+01
15908  -5.252994E+01
15909  -5.253075E+01
15910  -5.253155E+01
15911  -5.253236E+01
15912  -5.253316E+01
15913  -5.253397E+01
15914  -5.253477E+01
15915  -5.253558E+01
15916  -5.253638E+01
15917  -5.253718E+01
15918  -5.253799E+01
15919  -5.253879E+01
15920  -5.253959E+01
15921  -5.254040E+01
15922  -5.254120E+01
15923  -5.254200E+01
15924  -5.254280E+01
15925  -5.254360E+01
15926  -5.254440E+01
15927  -5.254520E+01
15928  -5.254600E+01
15929  -5.254680E+01
15930  -5.254760E+01
15931  -5.254840E+01
15932  -5.254920E+01
15933  -5.255000E+01
15934  -5.255080E+01
15935  -5.255160E+01
15936  -5.255240E+01
15937  -5.255320E+01
15938  -5.255400E+01
15939  -5.255479E+01
15940  -5.255559E+01
15941  -5.255639E+01
15942  -5.255718E+01
15943  -5.255798E+01
15944  -5.255878E+01
15945  -5.255957E+01
15946  -5.256037E+01
15947  -5.256116E+01
15948  -5.256196E+01
15949  -5.256275E+01
15950  -5.256355E+01
15951  -5.256434E+01
15952  -5.256514E+01
15953  -5.256593E+01
15954  -5.256673E+01
15955  -5.256752E+01
15956  -5.256831E+01
15957  -5.256911E+01
15958  -5.256990E+01
15959  -5.257069E+01
15960  -5.257148E+01
15961  -5.257228E+01
15962  -5.257307E+01
15963  -5.257386E+01
15964  -5.257465E+01
15965  -5.257544E+01
15966  -5.257623E+01
15967  -5.257702E+01
15968  -5.257781E+01
15969  -5.257860E+01
15970  -5.257939E+01
15971  -5.258018E+01
15972  -5.258097E+01
15973  -5.258176E+01
15974  -5.258255E+01
15975  -5.258334E+01
15976  -5.258413E+01
15977  -5.258492E+01
15978  -5.258570E+01
15979  -5.258649E+01
15980  -5.258728E+01
15981  -5.258807E+01
15982  -5.258885E+01
15983  -5.258964E+01
15984  -5.259043E+01
15985  -5.259121E+01
15986  -5.259200E+01
15987  -5.259278E+01
15988  -5.259357E+01
15989  -5.259435E+01
15990  -5.259514E+01
15991  -5.259592E+01
15992  -5.259671E+01
15993  -5.259749E+01
15994  -5.259828E+01
15995  -5.259906E+01
15996  -5.259985E+01
15997  -5.260063E+01
15998  -5.260141E+01
15999  -5.260219E+01
16000  -5.260298E+01
16001  -5.260376E+01
16002  -5.260454E+01
16003  -5.260532E+01
16004  -5.260611E+01
16005  -5.260689E+01
16006  -5.260767E+01
16007  -5.260845E+01
16008  -5.260923E+01
16009  -5.261001E+01
16010  -5.261079E+01
16011  -5.261157E+01
16012  -5.261235E+01
16013  -5.261313E+01
16014  -5.261391E+01
16015  -5.261469E+01
16016  -5.261547E+01
16017  -5.261625E+01
16018  -5.261703E+01
16019  -5.261781E+01
16020  -5.261859E+01
16021  -5.261937E+01
16022  -5.262014E+01
16023  -5.262092E+01
16024  -5.262170E+01
16025  -5.262248E+01
16026  -5.262325E+01
16027  -5.262403E+01
16028  -5.262481E+01
16029  -5.262558E+01
16030  -5.262636E+01
16031  -5.262714E+01
16032  -5.262791E+01
16033  -5.262869E+01
16034  -5.262946E+01
16035  -5.263024E+01
16036  -5.263101E+01
16037  -5.263179E+01
16038  -5.263256E+01
16039  -5.263334E+01
16040  -5.263411E+01
16041  -5.263489E+01
16042  -5.263566E+01
16043  -5.263643E+01
16044  -5.263721E+01
16045  -5.263798E+01
16046  -5.263875E+01
16047  -5.263953E+01
16048  -5.264030E+01
16049  -5.264107E+01
16050  -5.264184E+01
16051  -5.264261E+01
16052  -5.264339E+01
16053  -5.264416E+01
16054  -5.264493E+01
16055  -5.264570E+01
16056  -5.264647E+01
16057  -5.264724E+01
16058  -5.264801E+01
16059  -5.264878E+01
16060  -5.264955E+01
16061  -5.265032E+01
16062  -5.265109E+01
16063  -5.265186E+01
16064  -5.265263E+01
16065  -5.265340E+01
16066  -5.265417E+01
16067  -5.265494E+01
16068  -5.265571E+01
16069  -5.265648E+01
16070  -5.265725E+01
16071  -5.265802E+01
16072  -5.265878E+01
16073  -5.265955E+01
16074  -5.266032E+01
16075  -5.266109E+01
16076  -5.266185E+01
16077  -5.266262E+01
16078  -5.266339E+01
16079  -5.266415E+01
16080  -5.266492E+01
16081  -5.266569E+01
16082  -5.266645E+01
16083  -5.266722E+01
16084  -5.266799E+01
16085  -5.266875E+01
16086  -5.266952E+01
16087  -5.267028E+01
16088  -5.267105E+01
16089  -5.267181E+01
16090  -5.267258E+01
16091  -5.267334E+01
16092  -5.267411E+01
16093  -5.267487E+01
16094  -5.267563E+01
16095  -5.267640E+01
16096  -5.267716E+01
16097  -5.267793E+01
16098  -5.267869E+01
16099  -5.267945E+01
16100  -5.268022E+01
16101  -5.268098E+01
16102  -5.268174E+01
16103  -5.268250E+01
16104  -5.268327E+01
16105  -5.268403E+01
16106  -5.268479E+01
16107  -5.268555E+01
16108  -5.268631E+01
16109  -5.268708E+01
16110  -5.268784E+01
16111  -5.268860E+01
16112  -5.268936E+01
16113  -5.269012E+01
16114  -5.269088E+01
16115  -5.269164E+01
16116  -5.269240E+01
16117  -5.269316E+01
16118  -5.269392E+01
16119  -5.269468E+01
16120  -5.269544E+01
16121  -5.269620E+01
16122  -5.269696E+01
16123  -5.269772E+01
16124  -5.269848E+01
16125  -5.269924E+01
16126  -5.270000E+01
16127  -5.270076E+01
16128  -5.270151E+01
16129  -5.270227E+01
16130  -5.270303E+01
16131  -5.270379E+01
16132  -5.270455E+01
16133  -5.270530E+01
16134  -5.270606E+01
16135  -5.270682E+01
16136  -5.270758E+01
16137  -5.270833E+01
16138  -5.270909E+01
16139  -5.270985E+01
16140  -5.271060E+01
16141  -5.271136E+01
16142  -5.271212E+01
16143  -5.271287E+01
16144  -5.271363E+01
16145  -5.271438E+01
16146  -5.271514E+01
16147  -5.271590E+01
16148  -5.271665E+01
16149  -5.271741E+01
16150  -5.271816E+01
16151  -5.271892E+01
16152  -5.271967E+01
16153  -5.272043E+01
16154  -5.272118E+01
16155  -5.272194E+01
16156  -5.272269E+01
16157  -5.272344E+01
16158  -5.272420E+01
16159  -5.272495E+01
16160  -5.272571E+01
16161  -5.272646E+01
16162  -5.272721E+01
16163  -5.272797E+01
16164  -5.272872E+01
16165  -5.272947E+01
16166  -5.273022E+01
16167  -5.273098E+01
16168  -5.273173E+01
16169  -5.273248E+01
16170  -5.273323E+01
16171  -5.273399E+01
16172  -5.273474E+01
16173  -5.273549E+01
16174  -5.273624E+01
16175  -5.273699E+01
16176  -5.273775E+01
16177  -5.273850E+01
16178  -5.273925E+01
16179  -5.274000E+01
16180  -5.274075E+01
16181  -5.274150E+01
16182  -5.274225E+01
16183  -5.274300E+01
16184  -5.274375E+01
16185  -5.274450E+01
16186  -5.274525E+01
16187  -5.274600E+01
16188  -5.274675E+01
16189  -5.274750E+01
16190  -5.274825E+01
16191  -5.274900E+01
16192  -5.274975E+01
16193  -5.275050E+01
16194  -5.275125E+01
16195  -5.275200E+01
16196  -5.275275E+01
16197  -5.275350E+01
16198  -5.275425E+01
16199  -5.275499E+01
16200  -5.275574E+01
16201  -5.275649E+01
16202  -5.275724E+01
16203  -5.275799E+01
16204  -5.275874E+01
16205  -5.275948E+01
16206  -5.276023E+01
16207  -5.276098E+01
16208  -5.276173E+01
16209  -5.276247E+01
16210  -5.276322E+01
16211  -5.276397E+01
16212  -5.276471E+01
16213  -5.276546E+01
16214  -5.276621E+01
16215  -5.276695E+01
16216  -5.276770E+01
16217  -5.276845E+01
16218  -5.276919E+01
16219  -5.276994E+01
16220  -5.277069E+01
16221  -5.277143E+01
16222  -5.277218E+01
16223  -5.277292E+01
16224  -5.277367E+01
16225  -5.277441E+01
16226  -5.277516E+01
16227  -5.277590E+01
16228  -5.277665E+01
16229  -5.277740E+01
16230  -5.277814E+01
16231  -5.277888E+01
16232  -5.277963E+01
16233  -5.278037E+01
16234  -5.278112E+01
16235  -5.278186E+01
16236  -5.278261E+01
16237  -5.278335E+01
16238  -5.278410E+01
16239  -5.278484E+01
16240  -5.278558E+01
16241  -5.278633E+01
16242  -5.278707E+01
16243  -5.278781E+01
16244  -5.278856E+01
16245  -5.278930E+01
16246  -5.279004E+01
16247  -5.279079E+01
16248  -5.279153E+01
16249  -5.279227E+01
16250  -5.279302E+01
16251  -5.279376E+01
16252  -5.279450E+01
16253  -5.279524E+01
16254  -5.279599E+01
16255  -5.279673E+01
16256  -5.279747E+01
16257  -5.279821E+01
16258  -5.279895E+01
16259  -5.279970E+01
16260  -5.280044E+01
16261  -5.280118E+01
16262  -5.280192E+01
16263  -5.280266E+01
16264  -5.280340E+01
16265  -5.280414E+01
16266  -5.280489E+01
16267  -5.280563E+01
16268  -5.280637E+01
16269  -5.280711E+01
16270  -5.280785E+01
16271  -5.280859E+01
16272  -5.280933E+01
16273  -5.281007E+01
16274  -5.281081E+01
16275  -5.281155E+01
16276  -5.281229E+01
16277  -5.281303E+01
16278  -5.281377E+01
16279  -5.281451E+01
16280  -5.281525E+01
16281  -5.281599E+01
16282  -5.281673E+01
16283  -5.281747E+01
16284  -5.281821E+01
16285  -5.281895E+01
16286  -5.281969E+01
16287  -5.282043E+01
16288  -5.282117E+01
16289  -5.282191E+01
16290  -5.282265E+01
16291  -5.282338E+01
16292  -5.282412E+01
16293  -5.282486E+01
16294  -5.282560E+01
16295  -5.282634E+01
16296  -5.282708E+01
16297  -5.282782E+01
16298  -5.282855E+01
16299  -5.282929E+01
16300  -5.283003E+01
16301  -5.283077E+01
16302  -5.283151E+01
16303  -5.283224E+01
16304  -5.283298E+01
16305  -5.283372E+01
16306  -5.283446E+01
16307  -5.283519E+01
16308  -5.283593E+01
16309  -5.283667E+01
16310  -5.283741E+01
16311  -5.283814E+01
16312  -5.283888E+01
16313  -5.283962E+01
16314  -5.284036E+01
16315  -5.284109E+01
16316  -5.284183E+01
16317  -5.284257E+01
16318  -5.284330E+01
16319  -5.284404E+01
16320  -5.284478E+01
16321  -5.284551E+01
16322  -5.284625E+01
16323  -5.284698E+01
16324  -5.284772E+01
16325  -5.284846E+01
16326  -5.284919E+01
16327  -5.284993E+01
16328  -5.285066E+01
16329  -5.285140E+01
16330  -5.285214E+01
16331  -5.285287E+01
16332  -5.285361E+01
16333  -5.285434E+01
16334  -5.285508E+01
16335  -5.285581E+01
16336  -5.285655E+01
16337  -5.285728E+01
16338  -5.285802E+01
16339  -5.285875E+01
16340  -5.285949E+01
16341  -5.286022E+01
16342  -5.286096E+01
16343  -5.286169E+01
16344  -5.286243E+01
16345  -5.286316E+01
16346  -5.286390E+01
16347  -5.286463E+01
16348  -5.286537E+01
16349  -5.286610E+01
16350  -5.286684E+01
16351  -5.286757E+01
16352  -5.286830E+01
16353  -5.286904E+01
16354  -5.286977E+01
16355  -5.287051E+01
16356  -5.287124E+01
16357  -5.287197E+01
16358  -5.287271E+01
16359  -5.287344E+01
16360  -5.287417E+01
16361  -5.287491E+01
16362  -5.287564E+01
16363  -5.287638E+01
16364  -5.287711E+01
16365  -5.287784E+01
16366  -5.287858E+01
16367  -5.287931E+01
16368  -5.288004E+01
16369  -5.288077E+01
16370  -5.288151E+01
16371  -5.288224E+01
16372  -5.288297E+01
16373  -5.288371E+01
16374  -5.288444E+01
16375  -5.288517E+01
16376  -5.288590E+01
16377  -5.288664E+01
16378  -5.288737E+01
16379  -5.288810E+01
16380  -5.288884E+01
16381  -5.288957E+01
16382  -5.289030E+01
16383  -5.289103E+01
16384  -5.289176E+01
16385  -5.289250E+01
16386  -5.289323E+01
16387  -5.289396E+01
16388  -5.289469E+01
16389  -5.289542E+01
16390  -5.289616E+01
16391  -5.289689E+01
16392  -5.289762E+01
16393  -5.289835E+01
16394  -5.289908E+01
16395  -5.289981E+01
16396  -5.290055E+01
16397  -5.290128E+01
16398  -5.290201E+01
16399  -5.290274E+01
16400  -5.290347E+01
16401  -5.290420E+01
16402  -5.290493E+01
16403  -5.290567E+01
16404  -5.290640E+01
16405  -5.290713E+01
16406  -5.290786E+01
16407  -5.290859E+01
16408  -5.290932E+01
16409  -5.291005E+01
16410  -5.291078E+01
16411  -5.291151E+01
16412  -5.291224E+01
16413  -5.291297E+01
16414  -5.291371E+01
16415  -5.291444E+01
16416  -5.291517E+01
16417  -5.291590E+01
16418  -5.291663E+01
16419  -5.291736E+01
16420  -5.291809E+01
16421  -5.291882E+01
16422  -5.291955E+01
16423  -5.292028E+01
16424  -5.292101E+01
16425  -5.292174E+01
16426  -5.292247E+01
16427  -5.292320E+01
16428  -5.292393E+01
16429  -5.292466E+01
16430  -5.292539E+01
16431  -5.292612E+01
16432  -5.292685E+01
16433  -5.292758E+01
16434  -5.292831E+01
16435  -5.292904E+01
16436  -5.292977E+01
16437  -5.293050E+01
16438  -5.293123E+01
16439  -5.293196E+01
16440  -5.293269E+01
16441  -5.293342E+01
16442  -5.293415E+01
16443  -5.293487E+01
16444  -5.293560E+01
16445  -5.293633E+01
16446  -5.293706E+01
16447  -5.293779E+01
16448  -5.293852E+01
16449  -5.293925E+01
16450  -5.293998E+01
16451  -5.294071E+01
16452  -5.294144E+01
16453  -5.294217E+01
16454  -5.294289E+01
16455  -5.294362E+01
16456  -5.294435E+01
16457  -5.294508E+01
16458  -5.294581E+01
16459  -5.294654E+01
16460  -5.294727E+01
16461  -5.294800E+01
16462  -5.294872E+01
16463  -5.294945E+01
16464  -5.295018E+01
16465  -5.295091E+01
16466  -5.295164E+01
16467  -5.295237E+01
16468  -5.295310E+01
16469  -5.295382E+01
16470  -5.295455E+01
16471  -5.295528E+01
16472  -5.295601E+01
16473  -5.295674E+01
16474  -5.295747E+01
16475  -5.295819E+01
16476  -5.295892E+01
16477  -5.295965E+01
16478  -5.296038E+01
16479  -5.296111E+01
16480  -5.296183E+01
16481  -5.296256E+01
16482  -5.296329E+01
16483  -5.296402E+01
16484  -5.296475E+01
16485  -5.296547E+01
16486  -5.296620E+01
16487  -5.296693E+01
16488  -5.296766E+01
16489  -5.296839E+01
16490  -5.296911E+01
16491  -5.296984E+01
16492  -5.297057E+01
16493  -5.297130E+01
16494  -5.297202E+01
16495  -5.297275E+01
16496  -5.297348E+01
16497  -5.297421E+01
16498  -5.297493E+01
16499  -5.297566E+01
16500  -5.297639E+01
16501  -5.297712E+01
16502  -5.297784E+01
16503  -5.297857E+01
16504  -5.297930E+01
16505  -5.298003E+01
16506  -5.298075E+01
16507  -5.298148E+01
16508  -5.298221E+01
16509  -5.298294E+01
16510  -5.298366E+01
16511  -5.298439E+01
16512  -5.298512E+01
16513  -5.298584E+01
16514  -5.298657E+01
16515  -5.298730E+01
16516  -5.298803E+01
16517  -5.298875E+01
16518  -5.298948E+01
16519  -5.299021E+01
16520  -5.299093E+01
16521  -5.299166E+01
16522  -5.299239E+01
16523  -5.299311E+01
16524  -5.299384E+01
16525  -5.299457E+01
16526  -5.299529E+01
16527  -5.299602E+01
16528  -5.299675E+01
16529  -5.299747E+01
16530  -5.299820E+01
16531  -5.299893E+01
16532  -5.299966E+01
16533  -5.300038E+01
16534  -5.300111E+01
16535  -5.300184E+01
16536  -5.300256E+01
16537  -5.300329E+01
16538  -5.300401E+01
16539  -5.300474E+01
16540  -5.300547E+01
16541  -5.300619E+01
16542  -5.300692E+01
16543  -5.300765E+01
16544  -5.300837E+01
16545  -5.300910E+01
16546  -5.300983E+01
16547  -5.301055E+01
16548  -5.301128E+01
16549  -5.301201E+01
16550  -5.301273E+01
16551  -5.301346E+01
16552  -5.301419E+01
16553  -5.301491E+01
16554  -5.301564E+01
16555  -5.301636E+01
16556  -5.301709E+01
16557  -5.301782E+01
16558  -5.301854E+01
16559  -5.301927E+01
16560  -5.302000E+01
16561  -5.302072E+01
16562  -5.302145E+01
16563  -5.302217E+01
16564  -5.302290E+01
16565  -5.302363E+01
16566  -5.302435E+01
16567  -5.302508E+01
16568  -5.302581E+01
16569  -5.302653E+01
16570  -5.302726E+01
16571  -5.302798E+01
16572  -5.302871E+01
16573  -5.302944E+01
16574  -5.303016E+01
16575  -5.303089E+01
16576  -5.303161E+01
16577  -5.303234E+01
16578  -5.303307E+01
16579  -5.303379E+01
16580  -5.303452E+01
16581  -5.303524E+01
16582  -5.303597E+01
16583  -5.303670E+01
16584  -5.303742E+01
16585  -5.303815E+01
16586  -5.303887E+01
16587  -5.303960E+01
16588  -5.304033E+01
16589  -5.304105E+01
16590  -5.304178E+01
16591  -5.304250E+01
16592  -5.304323E+01
16593  -5.304396E+01
16594  -5.304468E+01
16595  -5.304541E+01
16596  -5.304613E+01
16597  -5.304686E+01
16598  -5.304758E+01
16599  -5.304831E+01
16600  -5.304904E+01
16601  -5.304976E+01
16602  -5.305049E+01
16603  -5.305121E+01
16604  -5.305194E+01
16605  -5.305267E+01
16606  -5.305339E+01
16607  -5.305412E+01
16608  -5.305484E+01
16609  -5.305557E+01
16610  -5.305629E+01
16611  -5.305702E+01
16612  -5.305775E+01
16613  -5.305847E+01
16614  -5.305920E+01
16615  -5.305992E+01
16616  -5.306065E+01
16617  -5.306137E+01
16618  -5.306210E+01
16619  -5.306283E+01
16620  -5.306355E+01
16621  -5.306428E+01
16622  -5.306500E+01
16623  -5.306573E+01
16624  -5.306646E+01
16625  -5.306718E+01
16626  -5.306791E+01
16627  -5.306863E+01
16628  -5.306936E+01
16629  -5.307009E+01
16630  -5.307081E+01
16631  -5.307154E+01
16632  -5.307227E+01
16633  -5.307299E+01
16634  -5.307372E+01
16635  -5.307445E+01
16636  -5.307518E+01
16637  -5.307590E+01
16638  -5.307663E+01
16639  -5.307736E+01
16640  -5.307808E+01
16641  -5.307881E+01
16642  -5.307954E+01
16643  -5.308026E+01
16644  -5.308099E+01
16645  -5.308172E+01
16646  -5.308244E+01
16647  -5.308317E+01
16648  -5.308390E+01
16649  -5.308463E+01
16650  -5.308535E+01
16651  -5.308608E+01
16652  -5.308681E+01
16653  -5.308753E+01
16654  -5.308826E+01
16655  -5.308899E+01
16656  -5.308971E+01
16657  -5.309044E+01
16658  -5.309117E+01
16659  -5.309190E+01
16660  -5.309262E+01
16661  -5.309335E+01
16662  -5.309408E+01
16663  -5.309480E+01
16664  -5.309553E+01
16665  -5.309626E+01
16666  -5.309698E+01
16667  -5.309771E+01
16668  -5.309844E+01
16669  -5.309917E+01
16670  -5.309989E+01
16671  -5.310062E+01
16672  -5.310135E+01
16673  -5.310207E+01
16674  -5.310280E+01
16675  -5.310353E+01
16676  -5.310425E+01
16677  -5.310498E+01
16678  -5.310571E+01
16679  -5.310644E+01
16680  -5.310716E+01
16681  -5.310789E+01
16682  -5.310862E+01
16683  -5.310934E+01
16684  -5.311007E+01
16685  -5.311080E+01
16686  -5.311153E+01
16687  -5.311225E+01
16688  -5.311298E+01
16689  -5.311371E+01
16690  -5.311443E+01
16691  -5.311516E+01
16692  -5.311589E+01
16693  -5.311662E+01
16694  -5.311734E+01
16695  -5.311807E+01
16696  -5.311880E+01
16697  -5.311952E+01
16698  -5.312025E+01
16699  -5.312098E+01
16700  -5.312171E+01
16701  -5.312243E+01
16702  -5.312316E+01
16703  -5.312389E+01
16704  -5.312462E+01
16705  -5.312534E+01
16706  -5.312607E+01
16707  -5.312680E+01
16708  -5.312752E+01
16709  -5.312825E+01
16710  -5.312898E+01
16711  -5.312971E+01
16712  -5.313043E+01
16713  -5.313116E+01
16714  -5.313189E+01
16715  -5.313262E+01
16716  -5.313334E+01
16717  -5.313407E+01
16718  -5.313480E+01
16719  -5.313553E+01
16720  -5.313625E+01
16721  -5.313698E+01
16722  -5.313771E+01
16723  -5.313844E+01
16724  -5.313916E+01
16725  -5.313989E+01
16726  -5.314062E+01
16727  -5.314135E+01
16728  -5.314207E+01
16729  -5.314280E+01
16730  -5.314353E+01
16731  -5.314426E+01
16732  -5.314498E+01
16733  -5.314571E+01
16734  -5.314644E+01
16735  -5.314717E+01
16736  -5.314789E+01
16737  -5.314862E+01
16738  -5.314935E+01
16739  -5.315008E+01
16740  -5.315080E+01
16741  -5.315153E+01
16742  -5.315226E+01
16743  -5.315299E+01
16744  -5.315372E+01
16745  -5.315444E+01
16746  -5.315517E+01
16747  -5.315590E+01
16748  -5.315663E+01
16749  -5.315735E+01
16750  -5.315808E+01
16751  -5.315881E+01
16752  -5.315954E+01
16753  -5.316027E+01
16754  -5.316099E+01
16755  -5.316172E+01
16756  -5.316245E+01
16757  -5.316318E+01
16758  -5.316391E+01
16759  -5.316463E+01
16760  -5.316536E+01
16761  -5.316609E+01
16762  -5.316682E+01
16763  -5.316755E+01
16764  -5.316827E+01
16765  -5.316900E+01
16766  -5.316973E+01
16767  -5.317046E+01
16768  -5.317119E+01
16769  -5.317191E+01
16770  -5.317264E+01
16771  -5.317337E+01
16772  -5.317410E+01
16773  -5.317483E+01
16774  -5.317555E+01
16775  -5.317628E+01
16776  -5.317701E+01
16777  -5.317774E+01
16778  -5.317847E+01
16779  -5.317920E+01
16780  -5.317992E+01
16781  -5.318065E+01
16782  -5.318138E+01
16783  -5.318211E+01
16784  -5.318284E+01
16785  -5.318357E+01
16786  -5.318429E+01
16787  -5.318502E+01
16788  -5.318575E+01
16789  -5.318648E+01
16790  -5.318721E+01
16791  -5.318794E+01
16792  -5.318866E+01
16793  -5.318939E+01
16794  -5.319012E+01
16795  -5.319085E+01
16796  -5.319158E+01
16797  -5.319231E+01
16798  -5.319304E+01
16799  -5.319376E+01
16800  -5.319449E+01
16801  -5.319522E+01
16802  -5.319595E+01
16803  -5.319668E+01
16804  -5.319741E+01
16805  -5.319814E+01
16806  -5.319887E+01
16807  -5.319959E+01
16808  -5.320032E+01
16809  -5.320105E+01
16810  -5.320178E+01
16811  -5.320251E+01
16812  -5.320324E+01
16813  -5.320397E+01
16814  -5.320470E+01
16815  -5.320543E+01
16816  -5.320615E+01
16817  -5.320688E+01
16818  -5.320761E+01
16819  -5.320834E+01
16820  -5.320907E+01
16821  -5.320980E+01
16822  -5.321053E+01
16823  -5.321126E+01
16824  -5.321199E+01
16825  -5.321272E+01
16826  -5.321344E+01
16827  -5.321417E+01
16828  -5.321490E+01
16829  -5.321563E+01
16830  -5.321636E+01
16831  -5.321709E+01
16832  -5.321782E+01
16833  -5.321855E+01
16834  -5.321928E+01
16835  -5.322002E+01
16836  -5.322075E+01
16837  -5.322148E+01
16838  -5.322221E+01
16839  -5.322295E+01
16840  -5.322368E+01
16841  -5.322441E+01
16842  -5.322514E+01
16843  -5.322588E+01
16844  -5.322661E+01
16845  -5.322734E+01
16846  -5.322807E+01
16847  -5.322881E+01
16848  -5.322954E+01
16849  -5.323027E+01
16850  -5.323100E+01
16851  -5.323174E+01
16852  -5.323247E+01
16853  -5.323320E+01
16854  -5.323393E+01
16855  -5.323467E+01
16856  -5.323540E+01
16857  -5.323613E+01
16858  -5.323686E+01
16859  -5.323760E+01
16860  -5.323833E+01
16861  -5.323906E+01
16862  -5.323980E+01
16863  -5.324053E+01
16864  -5.324126E+01
16865  -5.324200E+01
16866  -5.324274E+01
16867  -5.324347E+01
16868  -5.324421E+01
16869  -5.324495E+01
16870  -5.324569E+01
16871  -5.324642E+01
16872  -5.324716E+01
16873  -5.324790E+01
16874  -5.324863E+01
16875  -5.324937E+01
16876  -5.325011E+01
16877  -5.325085E+01
16878  -5.325158E+01
16879  -5.325232E+01
16880  -5.325306E+01
16881  -5.325380E+01
16882  -5.325453E+01
16883  -5.325527E+01
16884  -5.325601E+01
16885  -5.325675E+01
16886  -5.325748E+01
16887  -5.325822E+01
16888  -5.325896E+01
16889  -5.325970E+01
16890  -5.326043E+01
16891  -5.326117E+01
16892  -5.326191E+01
16893  -5.326265E+01
16894  -5.326339E+01
16895  -5.326412E+01
16896  -5.326486E+01
16897  -5.326560E+01
16898  -5.326634E+01
16899  -5.326707E+01
16900  -5.326781E+01
16901  -5.326855E+01
16902  -5.326929E+01
16903  -5.327003E+01
16904  -5.327076E+01
16905  -5.327150E+01
16906  -5.327224E+01
16907  -5.327298E+01
16908  -5.327372E+01
16909  -5.327445E+01
16910  -5.327519E+01
16911  -5.327593E+01
16912  -5.327667E+01
16913  -5.327741E+01
16914  -5.327814E+01
16915  -5.327888E+01
16916  -5.327962E+01
16917  -5.328036E+01
16918  -5.328110E+01
16919  -5.328183E+01
16920  -5.328257E+01
16921  -5.328331E+01
16922  -5.328405E+01
16923  -5.328479E+01
16924  -5.328553E+01
16925  -5.328626E+01
16926  -5.328700E+01
16927  -5.328774E+01
16928  -5.328848E+01
16929  -5.328922E+01
16930  -5.328996E+01
16931  -5.329069E+01
16932  -5.329143E+01
16933  -5.329217E+01
16934  -5.329291E+01
16935  -5.329365E+01
16936  -5.329439E+01
16937  -5.329512E+01
16938  -5.329586E+01
16939  -5.329660E+01
16940  -5.329734E+01
16941  -5.329808E+01
16942  -5.329882E+01
16943  -5.329956E+01
16944  -5.330029E+01
16945  -5.330103E+01
16946  -5.330177E+01
16947  -5.330251E+01
16948  -5.330325E+01
16949  -5.330399E+01
16950  -5.330473E+01
16951  -5.330547E+01
16952  -5.330620E+01
16953  -5.330694E+01
16954  -5.330768E+01
16955  -5.330842E+01
16956  -5.330916E+01
16957  -5.330990E+01
16958  -5.331064E+01
16959  -5.331138E+01
16960  -5.331212E+01
16961  -5.331285E+01
16962  -5.331359E+01
16963  -5.331433E+01
16964  -5.331507E+01
16965  -5.331581E+01
16966  -5.331655E+01
16967  -5.331729E+01
16968  -5.331803E+01
16969  -5.331877E+01
16970  -5.331951E+01
16971  -5.332024E+01
16972  -5.332098E+01
16973  -5.332172E+01
16974  -5.332246E+01
16975  -5.332320E+01
16976  -5.332394E+01
16977  -5.332468E+01
16978  -5.332542E+01
16979  -5.332616E+01
16980  -5.332690E+01
16981  -5.332764E+01
16982  -5.332838E+01
16983  -5.332912E+01
16984  -5.332985E+01
16985  -5.333059E+01
16986  -5.333133E+01
16987  -5.333207E+01
16988  -5.333281E+01
16989  -5.333355E+01
16990  -5.333429E+01
16991  -5.333503E+01
16992  -5.333577E+01
16993  -5.333651E+01
16994  -5.333725E+01
16995  -5.333799E+01
16996  -5.333873E+01
16997  -5.333947E+01
16998  -5.334021E+01
16999  -5.334095E+01
17000  -5.334169E+01
17001  -5.334243E+01
17002  -5.334316E+01
17003  -5.334390E+01
17004  -5.334464E+01
17005  -5.334538E+01
17006  -5.334612E+01
17007  -5.334686E+01
17008  -5.334760E+01
17009  -5.334834E+01
17010  -5.334908E+01
17011  -5.334982E+01
17012  -5.335056E+01
17013  -5.335130E+01
17014  -5.335204E+01
17015  -5.335278E+01
17016  -5.335352E+01
17017  -5.335426E+01
17018  -5.335500E+01
17019  -5.335574E+01
17020  -5.335648E+01
17021  -5.335722E+01
17022  -5.335796E+01
17023  -5.335870E+01
17024  -5.335944E+01
17025  -5.336018E+01
17026  -5.336092E+01
17027  -5.336166E+01
17028  -5.336240E+01
17029  -5.336314E+01
17030  -5.336388E+01
17031  -5.336462E+01
17032  -5.336536E+01
17033  -5.336610E+01
17034  -5.336684E+01
17035  -5.336758E+01
17036  -5.336832E+01
17037  -5.336906E+01
17038  -5.336980E+01
17039  -5.337054E+01
17040  -5.337128E+01
17041  -5.337202E+01
17042  -5.337276E+01
17043  -5.337350E+01
17044  -5.337424E+01
17045  -5.337498E+01
17046  -5.337572E+01
17047  -5.337646E+01
17048  -5.337720E+01
17049  -5.337794E+01
17050  -5.337868E+01
17051  -5.337942E+01
17052  -5.338016E+01
17053  -5.338090E+01
17054  -5.338164E+01
17055  -5.338238E+01
17056  -5.338312E+01
17057  -5.338386E+01
17058  -5.338460E+01
17059  -5.338534E+01
17060  -5.338608E+01
17061  -5.338682E+01
17062  -5.338756E+01
17063  -5.338830E+01
17064  -5.338904E+01
17065  -5.338978E+01
17066  -5.339052E+01
17067  -5.339126E+01
17068  -5.339201E+01
17069  -5.339275E+01
17070  -5.339349E+01
17071  -5.339423E+01
17072  -5.339497E+01
17073  -5.339571E+01
17074  -5.339645E+01
17075  -5.339719E+01
17076  -5.339793E+01
17077  -5.339867E+01
17078  -5.339941E+01
17079  -5.340015E+01
17080  -5.340089E+01
17081  -5.340163E+01
17082  -5.340237E+01
17083  -5.340311E+01
17084  -5.340385E+01
17085  -5.340459E+01
17086  -5.340533E+01
17087  -5.340607E+01
17088  -5.340681E+01
17089  -5.340755E+01
17090  -5.340829E+01
17091  -5.340903E+01
17092  -5.340977E+01
17093  -5.341051E+01
17094  -5.341125E+01
17095  -5.341200E+01
17096  -5.341274E+01
17097  -5.341348E+01
17098  -5.341422E+01
17099  -5.341496E+01
17100  -5.341570E+01
17101  -5.341644E+01
17102  -5.341718E+01
17103  -5.341792E+01
17104  -5.341866E+01
17105  -5.341940E+01
17106  -5.342014E+01
17107  -5.342088E+01
17108  -5.342162E+01
17109  -5.342236E+01
17110  -5.342310E+01
17111  -5.342384E+01
17112  -5.342458E+01
17113  -5.342532E+01
17114  -5.342606E+01
17115  -5.342680E+01
17116  -5.342754E+01
17117  -5.342828E+01
17118  -5.342902E+01
17119  -5.342976E+01
17120  -5.343051E+01
17121  -5.343125E+01
17122  -5.343199E+01
17123  -5.343273E+01
17124  -5.343347E+01
17125  -5.343421E+01
17126  -5.343495E+01
17127  -5.343569E+01
17128  -5.343643E+01
17129  -5.343717E+01
17130  -5.343791E+01
17131  -5.343865E+01
17132  -5.343939E+01
17133  -5.344013E+01
17134  -5.344087E+01
17135  -5.344161E+01
17136  -5.344235E+01
17137  -5.344309E+01
17138  -5.344383E+01
17139  -5.344457E+01
17140  -5.344531E+01
17141  -5.344605E+01
17142  -5.344679E+01
17143  -5.344753E+01
17144  -5.344827E+01
17145  -5.344901E+01
17146  -5.344975E+01
17147  -5.345049E+01
17148  -5.345123E+01
17149  -5.345197E+01
17150  -5.345271E+01
17151  -5.345345E+01
17152  -5.345419E+01
17153  -5.345493E+01
17154  -5.345567E+01
17155  -5.345641E+01
17156  -5.345715E+01
17157  -5.345789E+01
17158  -5.345863E+01
17159  -5.345937E+01
17160  -5.346012E+01
17161  -5.346086E+01
17162  -5.346160E+01
17163  -5.346234E+01
17164  -5.346308E+01
17165  -5.346382E+01
17166  -5.346456E+01
17167  -5.346530E+01
17168  -5.346604E+01
17169  -5.346678E+01
17170  -5.346751E+01
17171  -5.346825E+01
17172  -5.346899E+01
17173  -5.346973E+01
17174  -5.347047E+01
17175  -5.347121E+01
17176  -5.347195E+01
17177  -5.347269E+01
17178  -5.347343E+01
17179  -5.347417E+01
17180  -5.347491E+01
17181  -5.347565E+01
17182  -5.347639E+01
17183  -5.347713E+01
17184  -5.347787E+01
17185  -5.347861E+01
17186  -5.347935E+01
17187  -5.348009E+01
17188  -5.348083E+01
17189  -5.348157E+01
17190  -5.348231E+01
17191  -5.348305E+01
17192  -5.348379E+01
17193  -5.348453E+01
17194  -5.348527E+01
17195  -5.348601E+01
17196  -5.348675E+01
17197  -5.348749E+01
17198  -5.348823E+01
17199  -5.348896E+01
17200  -5.348970E+01
17201  -5.349044E+01
17202  -5.349118E+01
17203  -5.349192E+01
17204  -5.349266E+01
17205  -5.349340E+01
17206  -5.349414E+01
17207  -5.349488E+01
17208  -5.349562E+01
17209  -5.349636E+01
17210  -5.349710E+01
17211  -5.349784E+01
17212  -5.349857E+01
17213  -5.349931E+01
17214  -5.350005E+01
17215  -5.350079E+01
17216  -5.350153E+01
17217  -5.350227E+01
17218  -5.350301E+01
17219  -5.350375E+01
17220  -5.350449E+01
17221  -5.350522E+01
17222  -5.350596E+01
17223  -5.350670E+01
17224  -5.350744E+01
17225  -5.350818E+01
17226  -5.350892E+01
17227  -5.350966E+01
17228  -5.351040E+01
17229  -5.351113E+01
17230  -5.351187E+01
17231  -5.351261E+01
17232  -5.351335E+01
17233  -5.351409E+01
17234  -5.351483E+01
17235  -5.351556E+01
17236  -5.351630E+01
17237  -5.351704E+01
17238  -5.351778E+01
17239  -5.351852E+01
17240  -5.351926E+01
17241  -5.351999E+01
17242  -5.352073E+01
17243  -5.352147E+01
17244  -5.352221E+01
17245  -5.352295E+01
17246  -5.352368E+01
17247  -5.352442E+01
17248  -5.352516E+01
17249  -5.352590E+01
17250  -5.352663E+01
17251  -5.352737E+01
17252  -5.352811E+01
17253  -5.352885E+01
17254  -5.352959E+01
17255  -5.353032E+01
17256  -5.353106E+01
17257  -5.353180E+01
17258  -5.353254E+01
17259  -5.353327E+01
17260  -5.353401E+01
17261  -5.353475E+01
17262  -5.353548E+01
17263  -5.353622E+01
17264  -5.353696E+01
17265  -5.353770E+01
17266  -5.353843E+01
17267  -5.353917E+01
17268  -5.353991E+01
17269  -5.354064E+01
17270  -5.354138E+01
17271  -5.354212E+01
17272  -5.354286E+01
17273  -5.354359E+01
17274  -5.354433E+01
17275  -5.354507E+01
17276  -5.354580E+01
17277  -5.354654E+01
17278  -5.354727E+01
17279  -5.354801E+01
17280  -5.354875E+01
17281  -5.354948E+01
17282  -5.355022E+01
17283  -5.355096E+01
17284  -5.355169E+01
17285  -5.355243E+01
17286  -5.355317E+01
17287  -5.355390E+01
17288  -5.355464E+01
17289  -5.355537E+01
17290  -5.355611E+01
17291  -5.355685E+01
17292  -5.355758E+01
17293  -5.355832E+01
17294  -5.355905E+01
17295  -5.355979E+01
17296  -5.356052E+01
17297  -5.356126E+01
17298  -5.356199E+01
17299  -5.356273E+01
17300  -5.356347E+01
17301  -5.356420E+01
17302  -5.356494E+01
17303  -5.356567E+01
17304  -5.356641E+01
17305  -5.356714E+01
17306  -5.356788E+01
17307  -5.356861E+01
17308  -5.356935E+01
17309  -5.357008E+01
17310  -5.357082E+01
17311  -5.357155E+01
17312  -5.357228E+01
17313  -5.357302E+01
17314  -5.357375E+01
17315  -5.357449E+01
17316  -5.357522E+01
17317  -5.357596E+01
17318  -5.357669E+01
17319  -5.357743E+01
17320  -5.357816E+01
17321  -5.357889E+01
17322  -5.357963E+01
17323  -5.358036E+01
17324  -5.358110E+01
17325  -5.358183E+01
17326  -5.358256E+01
17327  -5.358330E+01
17328  -5.358403E+01
17329  -5.358476E+01
17330  -5.358550E+01
17331  -5.358623E+01
17332  -5.358696E+01
17333  -5.358770E+01
17334  -5.358843E+01
17335  -5.358916E+01
17336  -5.358990E+01
17337  -5.359063E+01
17338  -5.359136E+01
17339  -5.359209E+01
17340  -5.359283E+01
17341  -5.359356E+01
17342  -5.359429E+01
17343  -5.359502E+01
17344  -5.359576E+01
17345  -5.359649E+01
17346  -5.359722E+01
17347  -5.359795E+01
17348  -5.359869E+01
17349  -5.359942E+01
17350  -5.360015E+01
17351  -5.360088E+01
17352  -5.360162E+01
17353  -5.360236E+01
17354  -5.360309E+01
17355  -5.360383E+01
17356  -5.360457E+01
17357  -5.360530E+01
17358  -5.360604E+01
17359  -5.360678E+01
17360  -5.360751E+01
17361  -5.360825E+01
17362  -5.360899E+01
17363  -5.360972E+01
17364  -5.361046E+01
17365  -5.361119E+01
17366  -5.361193E+01
17367  -5.361266E+01
17368  -5.361340E+01
17369  -5.361414E+01
17370  -5.361487E+01
17371  -5.361561E+01
17372  -5.361634E+01
17373  -5.361708E+01
17374  -5.361781E+01
17375  -5.361855E+01
17376  -5.361928E+01
17377  -5.362002E+01
17378  -5.362075E+01
17379  -5.362149E+01
17380  -5.362222E+01
17381  -5.362296E+01
17382  -5.362369E+01
17383  -5.362442E+01
17384  -5.362516E+01
17385  -5.362589E+01
17386  -5.362663E+01
17387  -5.362736E+01
17388  -5.362809E+01
17389  -5.362883E+01
17390  -5.362956E+01
17391  -5.363030E+01
17392  -5.363103E+01
17393  -5.363176E+01
17394  -5.363250E+01
17395  -5.363323E+01
17396  -5.363396E+01
17397  -5.363470E+01
17398  -5.363543E+01
17399  -5.363616E+01
17400  -5.363689E+01
17401  -5.363763E+01
17402  -5.363836E+01
17403  -5.363909E+01
17404  -5.363982E+01
17405  -5.364056E+01
17406  -5.364129E+01
17407  -5.364202E+01
17408  -5.364275E+01
17409  -5.364348E+01
17410  -5.364421E+01
17411  -5.364495E+01
17412  -5.364568E+01
17413  -5.364641E+01
17414  -5.364714E+01
17415  -5.364787E+01
17416  -5.364860E+01
17417  -5.364933E+01
17418  -5.365006E+01
17419  -5.365079E+01
17420  -5.365152E+01
17421  -5.365226E+01
17422  -5.365299E+01
17423  -5.365372E+01
17424  -5.365445E+01
17425  -5.365518E+01
17426  -5.365591E+01
17427  -5.365664E+01
17428  -5.365737E+01
17429  -5.365809E+01
17430  -5.365882E+01
17431  -5.365955E+01
17432  -5.366028E+01
17433  -5.366101E+01
17434  -5.366174E+01
17435  -5.366247E+01
17436  -5.366320E+01
17437  -5.366393E+01
17438  -5.366466E+01
17439  -5.366538E+01
17440  -5.366611E+01
17441  -5.366684E+01
17442  -5.366757E+01
17443  -5.366830E+01
17444  -5.366902E+01
17445  -5.366975E+01
17446  -5.367048E+01
17447  -5.367121E+01
17448  -5.367193E+01
17449  -5.367266E+01
17450  -5.367339E+01
17451  -5.367411E+01
17452  -5.367484E+01
17453  -5.367557E+01
17454  -5.367629E+01
17455  -5.367702E+01
17456  -5.367775E+01
17457  -5.367847E+01
17458  -5.367920E+01
17459  -5.367992E+01
17460  -5.368065E+01
17461  -5.368138E+01
17462  -5.368210E+01
17463  -5.368283E+01
17464  -5.368355E+01
17465  -5.368428E+01
17466  -5.368500E+01
17467  -5.368573E+01
17468  -5.368645E+01
17469  -5.368718E+01
17470  -5.368790E+01
17471  -5.368862E+01
17472  -5.368935E+01
17473  -5.369007E+01
17474  -5.369080E+01
17475  -5.369152E+01
17476  -5.369224E+01
17477  -5.369297E+01
17478  -5.369369E+01
17479  -5.369441E+01
17480  -5.369514E+01
17481  -5.369586E+01
17482  -5.369658E+01
17483  -5.369730E+01
17484  -5.369803E+01
17485  -5.369875E+01
17486  -5.369947E+01
17487  -5.370019E+01
17488  -5.370091E+01
17489  -5.370164E+01
17490  -5.370236E+01
17491  -5.370308E+01
17492  -5.370380E+01
17493  -5.370452E+01
17494  -5.370524E+01
17495  -5.370596E+01
17496  -5.370668E+01
17497  -5.370740E+01
17498  -5.370813E+01
17499  -5.370885E+01
17500  -5.370957E+01
17501  -5.371029E+01
17502  -5.371101E+01
17503  -5.371172E+01
17504  -5.371244E+01
17505  -5.371316E+01
17506  -5.371388E+01
17507  -5.371460E+01
17508  -5.371532E+01
17509  -5.371604E+01
17510  -5.371676E+01
17511  -5.371748E+01
17512  -5.371819E+01
17513  -5.371891E+01
17514  -5.371963E+01
17515  -5.372035E+01
17516  -5.372107E+01
17517  -5.372178E+01
17518  -5.372250E+01
17519  -5.372322E+01
17520  -5.372393E+01
17521  -5.372465E+01
17522  -5.372537E+01
17523  -5.372608E+01
17524  -5.372680E+01
17525  -5.372752E+01
17526  -5.372823E+01
17527  -5.372895E+01
17528  -5.372966E+01
17529  -5.373038E+01
17530  -5.373109E+01
17531  -5.373181E+01
17532  -5.373252E+01
17533  -5.373324E+01
17534  -5.373395E+01
17535  -5.373467E+01
17536  -5.373538E+01
17537  -5.373610E+01
17538  -5.373681E+01
17539  -5.373752E+01
17540  -5.373824E+01
17541  -5.373895E+01
17542  -5.373966E+01
17543  -5.374038E+01
17544  -5.374109E+01
17545  -5.374180E+01
17546  -5.374251E+01
17547  -5.374323E+01
17548  -5.374394E+01
17549  -5.374465E+01
17550  -5.374536E+01
17551  -5.374607E+01
17552  -5.374679E+01
17553  -5.374750E+01
17554  -5.374821E+01
17555  -5.374892E+01
17556  -5.374963E+01
17557  -5.375034E+01
17558  -5.375105E+01
17559  -5.375176E+01
17560  -5.375247E+01
17561  -5.375318E+01
17562  -5.375389E+01
17563  -5.375460E+01
17564  -5.375531E+01
17565  -5.375602E+01
17566  -5.375673E+01
17567  -5.375743E+01
17568  -5.375814E+01
17569  -5.375885E+01
17570  -5.375956E+01
17571  -5.376027E+01
17572  -5.376098E+01
17573  -5.376168E+01
17574  -5.376239E+01
17575  -5.376310E+01
17576  -5.376380E+01
17577  -5.376451E+01
17578  -5.376522E+01
17579  -5.376592E+01
17580  -5.376663E+01
17581  -5.376734E+01
17582  -5.376804E+01
17583  -5.376875E+01
17584  -5.376945E+01
17585  -5.377016E+01
17586  -5.377086E+01
17587  -5.377157E+01
17588  -5.377227E+01
17589  -5.377298E+01
17590  -5.377368E+01
17591  -5.377438E+01
17592  -5.377509E+01
17593  -5.377579E+01
17594  -5.377650E+01
17595  -5.377720E+01
17596  -5.377790E+01
17597  -5.377860E+01
17598  -5.377931E+01
17599  -5.378001E+01
17600  -5.378071E+01
17601  -5.378141E+01
17602  -5.378212E+01
17603  -5.378282E+01
17604  -5.378352E+01
17605  -5.378422E+01
17606  -5.378492E+01
17607  -5.378562E+01
17608  -5.378632E+01
17609  -5.378702E+01
17610  -5.378772E+01
17611  -5.378842E+01
17612  -5.378912E+01
17613  -5.378982E+01
17614  -5.379052E+01
17615  -5.379122E+01
17616  -5.379192E+01
17617  -5.379262E+01
17618  -5.379332E+01
17619  -5.379401E+01
17620  -5.379471E+01
17621  -5.379541E+01
17622  -5.379611E+01
17623  -5.379680E+01
17624  -5.379750E+01
17625  -5.379820E+01
17626  -5.379890E+01
17627  -5.379959E+01
17628  -5.380029E+01
17629  -5.380098E+01
17630  -5.380168E+01
17631  -5.380238E+01
17632  -5.380307E+01
17633  -5.380377E+01
17634  -5.380446E+01
17635  -5.380516E+01
17636  -5.380585E+01
17637  -5.380654E+01
17638  -5.380724E+01
17639  -5.380793E+01
17640  -5.380863E+01
17641  -5.380932E+01
17642  -5.381001E+01
17643  -5.381071E+01
17644  -5.381140E+01
17645  -5.381209E+01
17646  -5.381278E+01
17647  -5.381347E+01
17648  -5.381417E+01
17649  -5.381486E+01
17650  -5.381555E+01
17651  -5.381624E+01
17652  -5.381693E+01
17653  -5.381762E+01
17654  -5.381831E+01
17655  -5.381900E+01
17656  -5.381969E+01
17657  -5.382038E+01
17658  -5.382107E+01
17659  -5.382176E+01
17660  -5.382245E+01
17661  -5.382314E+01
17662  -5.382383E+01
17663  -5.382452E+01
17664  -5.382520E+01
17665  -5.382589E+01
17666  -5.382658E+01
17667  -5.382727E+01
17668  -5.382795E+01
17669  -5.382864E+01
17670  -5.382933E+01
17671  -5.383001E+01
17672  -5.383070E+01
17673  -5.383139E+01
17674  -5.383207E+01
17675  -5.383276E+01
17676  -5.383344E+01
17677  -5.383413E+01
17678  -5.383481E+01
17679  -5.383550E+01
17680  -5.383618E+01
17681  -5.383686E+01
17682  -5.383755E+01
17683  -5.383823E+01
17684  -5.383891E+01
17685  -5.383960E+01
17686  -5.384028E+01
17687  -5.384096E+01
17688  -5.384164E+01
17689  -5.384233E+01
17690  -5.384301E+01
17691  -5.384369E+01
17692  -5.384437E+01
17693  -5.384505E+01
17694  -5.384573E+01
17695  -5.384641E+01
17696  -5.384709E+01
17697  -5.384777E+01
17698  -5.384845E+01
17699  -5.384913E+01
17700  -5.384981E+01
17701  -5.385049E+01
17702  -5.385117E+01
17703  -5.385185E+01
17704  -5.385253E+01
17705  -5.385320E+01
17706  -5.385388E+01
17707  -5.385456E+01
17708  -5.385524E+01
17709  -5.385591E+01
17710  -5.385659E+01
17711  -5.385727E+01
17712  -5.385794E+01
17713  -5.385862E+01
17714  -5.385930E+01
17715  -5.385997E+01
17716  -5.386065E+01
17717  -5.386132E+01
17718  -5.386200E+01
17719  -5.386267E+01
17720  -5.386334E+01
17721  -5.386402E+01
17722  -5.386469E+01
17723  -5.386537E+01
17724  -5.386604E+01
17725  -5.386671E+01
17726  -5.386738E+01
17727  -5.386806E+01
17728  -5.386873E+01
17729  -5.386940E+01
17730  -5.387007E+01
17731  -5.387074E+01
17732  -5.387141E+01
17733  -5.387208E+01
17734  -5.387275E+01
17735  -5.387343E+01
17736  -5.387409E+01
17737  -5.387476E+01
17738  -5.387543E+01
17739  -5.387610E+01
17740  -5.387677E+01
17741  -5.387744E+01
17742  -5.387811E+01
17743  -5.387878E+01
17744  -5.387944E+01
17745  -5.388011E+01
17746  -5.388078E+01
17747  -5.388145E+01
17748  -5.388211E+01
17749  -5.388278E+01
17750  -5.388345E+01
17751  -5.388411E+01
17752  -5.388478E+01
17753  -5.388544E+01
17754  -5.388611E+01
17755  -5.388677E+01
17756  -5.388744E+01
17757  -5.388810E+01
17758  -5.388877E+01
17759  -5.388943E+01
17760  -5.389009E+01
17761  -5.389076E+01
17762  -5.389142E+01
17763  -5.389208E+01
17764  -5.389274E+01
17765  -5.389341E+01
17766  -5.389407E+01
17767  -5.389473E+01
17768  -5.389539E+01
17769  -5.389605E+01
17770  -5.389671E+01
17771  -5.389737E+01
17772  -5.389803E+01
17773  -5.389869E+01
17774  -5.389935E+01
17775  -5.390001E+01
17776  -5.390067E+01
17777  -5.390133E+01
17778  -5.390199E+01
17779  -5.390265E+01
17780  -5.390330E+01
17781  -5.390396E+01
17782  -5.390462E+01
17783  -5.390527E+01
17784  -5.390593E+01
17785  -5.390659E+01
17786  -5.390724E+01
17787  -5.390790E+01
17788  -5.390856E+01
17789  -5.390921E+01
17790  -5.390987E+01
17791  -5.391052E+01
17792  -5.391118E+01
17793  -5.391183E+01
17794  -5.391248E+01
17795  -5.391314E+01
17796  -5.391379E+01
17797  -5.391444E+01
17798  -5.391510E+01
17799  -5.391575E+01
17800  -5.391640E+01
17801  -5.391705E+01
17802  -5.391770E+01
17803  -5.391836E+01
17804  -5.391901E+01
17805  -5.391966E+01
17806  -5.392031E+01
17807  -5.392096E+01
17808  -5.392161E+01
17809  -5.392226E+01
17810  -5.392291E+01
17811  -5.392356E+01
17812  -5.392420E+01
17813  -5.392485E+01
17814  -5.392550E+01
17815  -5.392615E+01
17816  -5.392680E+01
17817  -5.392744E+01
17818  -5.392809E+01
17819  -5.392874E+01
17820  -5.392938E+01
17821  -5.393003E+01
17822  -5.393068E+01
17823  -5.393132E+01
17824  -5.393197E+01
17825  -5.393261E+01
17826  -5.393326E+01
17827  -5.393390E+01
17828  -5.393454E+01
17829  -5.393519E+01
17830  -5.393583E+01
17831  -5.393647E+01
17832  -5.393712E+01
17833  -5.393776E+01
17834  -5.393840E+01
17835  -5.393904E+01
17836  -5.393969E+01
17837  -5.394033E+01
17838  -5.394097E+01
17839  -5.394161E+01
17840  -5.394225E+01
17841  -5.394289E+01
17842  -5.394353E+01
17843  -5.394417E+01
17844  -5.394481E+01
17845  -5.394545E+01
17846  -5.394609E+01
17847  -5.394672E+01
17848  -5.394736E+01
17849  -5.394800E+01
17850  -5.394864E+01
17851  -5.394928E+01
17852  -5.394991E+01
17853  -5.395055E+01
17854  -5.395119E+01
17855  -5.395182E+01
17856  -5.395246E+01
17857  -5.395309E+01
17858  -5.395373E+01
17859  -5.395436E+01
17860  -5.395500E+01
17861  -5.395563E+01
17862  -5.395626E+01
17863  -5.395690E+01
17864  -5.395753E+01
17865  -5.395816E+01
17866  -5.395880E+01
17867  -5.395943E+01
17868  -5.396006E+01
17869  -5.396069E+01
17870  -5.396133E+01
17871  -5.396196E+01
17872  -5.396259E+01
17873  -5.396322E+01
17874  -5.396385E+01
17875  -5.396448E+01
17876  -5.396511E+01
17877  -5.396574E+01
17878  -5.396637E+01
17879  -5.396700E+01
17880  -5.396762E+01
17881  -5.396825E+01
17882  -5.396888E+01
17883  -5.396951E+01
17884  -5.397013E+01
17885  -5.397076E+01
17886  -5.397139E+01
17887  -5.397201E+01
17888  -5.397264E+01
17889  -5.397327E+01
17890  -5.397389E+01
17891  -5.397452E+01
17892  -5.397514E+01
17893  -5.397577E+01
17894  -5.397639E+01
17895  -5.397701E+01
17896  -5.397764E+01
17897  -5.397826E+01
17898  -5.397888E+01
17899  -5.397951E+01
17900  -5.398013E+01
17901  -5.398075E+01
17902  -5.398137E+01
17903  -5.398199E+01
17904  -5.398261E+01
17905  -5.398324E+01
17906  -5.398386E+01
17907  -5.398448E+01
17908  -5.398510E+01
17909  -5.398572E+01
17910  -5.398634E+01
17911  -5.398695E+01
17912  -5.398757E+01
17913  -5.398819E+01
17914  -5.398881E+01
17915  -5.398943E+01
17916  -5.399004E+01
17917  -5.399066E+01
17918  -5.399128E+01
17919  -5.399189E+01
17920  -5.399251E+01
17921  -5.399313E+01
17922  -5.399374E+01
17923  -5.399436E+01
17924  -5.399497E+01
17925  -5.399559E+01
17926  -5.399620E+01
17927  -5.399682E+01
17928  -5.399743E+01
17929  -5.399804E+01
17930  -5.399866E+01
17931  -5.399927E+01
17932  -5.399988E+01
17933  -5.400049E+01
17934  -5.400111E+01
17935  -5.400172E+01
17936  -5.400233E+01
17937  -5.400294E+01
17938  -5.400355E+01
17939  -5.400416E+01
17940  -5.400477E+01
17941  -5.400538E+01
17942  -5.400599E+01
17943  -5.400660E+01
17944  -5.400721E+01
17945  -5.400782E+01
17946  -5.400842E+01
17947  -5.400903E+01
17948  -5.400964E+01
17949  -5.401025E+01
17950  -5.401085E+01
17951  -5.401146E+01
17952  -5.401207E+01
17953  -5.401267E+01
17954  -5.401328E+01
17955  -5.401388E+01
17956  -5.401449E+01
17957  -5.401509E+01
17958  -5.401570E+01
17959  -5.401630E+01
17960  -5.401691E+01
17961  -5.401751E+01
17962  -5.401811E+01
17963  -5.401872E+01
17964  -5.401932E+01
17965  -5.401992E+01
17966  -5.402052E+01
17967  -5.402112E+01
17968  -5.402173E+01
17969  -5.402233E+01
17970  -5.402293E+01
17971  -5.402353E+01
17972  -5.402413E+01
17973  -5.402473E+01
17974  -5.402533E+01
17975  -5.402593E+01
17976  -5.402652E+01
17977  -5.402712E+01
17978  -5.402772E+01
17979  -5.402832E+01
17980  -5.402892E+01
17981  -5.402951E+01
17982  -5.403011E+01
17983  -5.403071E+01
17984  -5.403130E+01
17985  -5.403190E+01
17986  -5.403250E+01
17987  -5.403309E+01
17988  -5.403369E+01
17989  -5.403428E+01
17990  -5.403488E+01
17991  -5.403547E+01
17992  -5.403606E+01
17993  -5.403666E+01
17994  -5.403725E+01
17995  -5.403784E+01
17996  -5.403844E+01
17997  -5.403903E+01
17998  -5.403962E+01
17999  -5.404021E+01
18000  -5.404080E+01
18001  -5.404140E+01
18002  -5.404199E+01
18003  -5.404258E+01
18004  -5.404317E+01
18005  -5.404376E+01
18006  -5.404435E+01
18007  -5.404494E+01
18008  -5.404553E+01
18009  -5.404611E+01
18010  -5.404670E+01
18011  -5.404729E+01
18012  -5.404788E+01
18013  -5.404847E+01
18014  -5.404905E+01
18015  -5.404964E+01
18016  -5.405023E+01
18017  -5.405081E+01
18018  -5.405140E+01
18019  -5.405198E+01
18020  -5.405257E+01
18021  -5.405315E+01
18022  -5.405374E+01
18023  -5.405432E+01
18024  -5.405491E+01
18025  -5.405549E+01
18026  -5.405607E+01
18027  -5.405666E+01
18028  -5.405724E+01
18029  -5.405782E+01
18030  -5.405840E+01
18031  -5.405899E+01
18032  -5.405957E+01
18033  -5.406015E+01
18034  -5.406073E+01
18035  -5.406131E+01
18036  -5.406189E+01
18037  -5.406247E+01
18038  -5.406305E+01
18039  -5.406363E+01
18040  -5.406421E+01
18041  -5.406479E+01
18042  -5.406537E+01
18043  -5.406595E+01
18044  -5.406652E+01
18045  -5.406710E+01
18046  -5.406768E+01
18047  -5.406826E+01
18048  -5.406883E+01
18049  -5.406941E+01
18050  -5.406998E+01
18051  -5.407056E+01
18052  -5.407114E+01
18053  -5.407171E+01
18054  -5.407229E+01
18055  -5.407286E+01
18056  -5.407343E+01
18057  -5.407401E+01
18058  -5.407458E+01
18059  -5.407516E+01
18060  -5.407573E+01
18061  -5.407630E+01
18062  -5.407687E+01
18063  -5.407745E+01
18064  -5.407802E+01
18065  -5.407859E+01
18066  -5.407916E+01
18067  -5.407973E+01
18068  -5.408030E+01
18069  -5.408087E+01
18070  -5.408144E+01
18071  -5.408201E+01
18072  -5.408258E+01
18073  -5.408315E+01
18074  -5.408372E+01
18075  -5.408429E+01
18076  -5.408486E+01
18077  -5.408542E+01
18078  -5.408599E+01
18079  -5.408656E+01
18080  -5.408713E+01
18081  -5.408769E+01
18082  -5.408826E+01
18083  -5.408883E+01
18084  -5.408939E+01
18085  -5.408996E+01
18086  -5.409052E+01
18087  -5.409109E+01
18088  -5.409165E+01
18089  -5.409222E+01
18090  -5.409278E+01
18091  -5.409334E+01
18092  -5.409391E+01
18093  -5.409447E+01
18094  -5.409503E+01
18095  -5.409560E+01
18096  -5.409616E+01
18097  -5.409672E+01
18098  -5.409728E+01
18099  -5.409784E+01
18100  -5.409840E+01
18101  -5.409896E+01
18102  -5.409952E+01
18103  -5.410008E+01
18104  -5.410064E+01
18105  -5.410120E+01
18106  -5.410176E+01
18107  -5.410232E+01
18108  -5.410288E+01
18109  -5.410344E+01
18110  -5.410400E+01
18111  -5.410455E+01
18112  -5.410511E+01
18113  -5.410567E+01
18114  -5.410623E+01
18115  -5.410678E+01
18116  -5.410734E+01
18117  -5.410789E+01
18118  -5.410845E+01
18119  -5.410901E+01
18120  -5.410956E+01
18121  -5.411012E+01
18122  -5.411067E+01
18123  -5.411122E+01
18124  -5.411178E+01
18125  -5.411233E+01
18126  -5.411289E+01
18127  -5.411344E+01
18128  -5.411399E+01
18129  -5.411454E+01
18130  -5.411510E+01
18131  -5.411565E+01
18132  -5.411620E+01
18133  -5.411675E+01
18134  -5.411730E+01
18135  -5.411785E+01
18136  -5.411840E+01
18137  -5.411895E+01
18138  -5.411950E+01
18139  -5.412005E+01
18140  -5.412060E+01
18141  -5.412115E+01
18142  -5.412170E+01
18143  -5.412225E+01
18144  -5.412280E+01
18145  -5.412334E+01
18146  -5.412389E+01
18147  -5.412444E+01
18148  -5.412498E+01
18149  -5.412553E+01
18150  -5.412608E+01
18151  -5.412662E+01
18152  -5.412717E+01
18153  -5.412771E+01
18154  -5.412826E+01
18155  -5.412880E+01
18156  -5.412935E+01
18157  -5.412989E+01
18158  -5.413044E+01
18159  -5.413098E+01
18160  -5.413153E+01
18161  -5.413207E+01
18162  -5.413261E+01
18163  -5.413315E+01
18164  -5.413370E+01
18165  -5.413424E+01
18166  -5.413478E+01
18167  -5.413532E+01
18168  -5.413586E+01
18169  -5.413640E+01
18170  -5.413694E+01
18171  -5.413748E+01
18172  -5.413802E+01
18173  -5.413856E+01
18174  -5.413910E+01
18175  -5.413964E+01
18176  -5.414018E+01
18177  -5.414072E+01
18178  -5.414126E+01
18179  -5.414180E+01
18180  -5.414233E+01
18181  -5.414287E+01
18182  -5.414341E+01
18183  -5.414395E+01
18184  -5.414448E+01
18185  -5.414502E+01
18186  -5.414556E+01
18187  -5.414609E+01
18188  -5.414663E+01
18189  -5.414716E+01
18190  -5.414770E+01
18191  -5.414823E+01
18192  -5.414877E+01
18193  -5.414930E+01
18194  -5.414983E+01
18195  -5.415037E+01
18196  -5.415090E+01
18197  -5.415143E+01
18198  -5.415197E+01
18199  -5.415250E+01
18200  -5.415303E+01
18201  -5.415356E+01
18202  -5.415409E+01
18203  -5.415463E+01
18204  -5.415516E+01
18205  -5.415569E+01
18206  -5.415622E+01
18207  -5.415675E+01
18208  -5.415728E+01
18209  -5.415781E+01
18210  -5.415834E+01
18211  -5.415887E+01
18212  -5.415940E+01
18213  -5.415992E+01
18214  -5.416045E+01
18215  -5.416098E+01
18216  -5.416151E+01
18217  -5.416204E+01
18218  -5.416256E+01
18219  -5.416309E+01
18220  -5.416362E+01
18221  -5.416414E+01
18222  -5.416467E+01
18223  -5.416519E+01
18224  -5.416572E+01
18225  -5.416625E+01
18226  -5.416677E+01
18227  -5.416730E+01
18228  -5.416782E+01
18229  -5.416834E+01
18230  -5.416887E+01
18231  -5.416939E+01
18232  -5.416991E+01
18233  -5.417044E+01
18234  -5.417096E+01
18235  -5.417148E+01
18236  -5.417201E+01
18237  -5.417253E+01
18238  -5.417305E+01
18239  -5.417357E+01
18240  -5.417409E+01
18241  -5.417461E+01
18242  -5.417513E+01
18243  -5.417565E+01
18244  -5.417617E+01
18245  -5.417669E+01
18246  -5.417721E+01
18247  -5.417773E+01
18248  -5.417825E+01
18249  -5.417877E+01
18250  -5.417929E+01
18251  -5.417981E+01
18252  -5.418033E+01
18253  -5.418084E+01
18254  -5.418136E+01
18255  -5.418188E+01
18256  -5.418240E+01
18257  -5.418291E+01
18258  -5.418343E+01
18259  -5.418395E+01
18260  -5.418446E+01
18261  -5.418498E+01
18262  -5.418549E+01
18263  -5.418601E+01
18264  -5.418652E+01
18265  -5.418704E+01
18266  -5.418755E+01
18267  -5.418807E+01
18268  -5.418858E+01
18269  -5.418909E+01
18270  -5.418961E+01
18271  -5.419012E+01
18272  -5.419063E+01
18273  -5.419114E+01
18274  -5.419166E+01
18275  -5.419217E+01
18276  -5.419268E+01
18277  -5.419319E+01
18278  -5.419370E+01
18279  -5.419421E+01
18280  -5.419472E+01
18281  -5.419523E+01
18282  -5.419574E+01
18283  -5.419625E+01
18284  -5.419676E+01
18285  -5.419727E+01
18286  -5.419778E+01
18287  -5.419829E+01
18288  -5.419880E+01
18289  -5.419931E+01
18290  -5.419982E+01
18291  -5.420032E+01
18292  -5.420083E+01
18293  -5.420134E+01
18294  -5.420185E+01
18295  -5.420235E+01
18296  -5.420286E+01
18297  -5.420337E+01
18298  -5.420387E+01
18299  -5.420438E+01
18300  -5.420488E+01
18301  -5.420539E+01
18302  -5.420589E+01
18303  -5.420640E+01
18304  -5.420690E+01
18305  -5.420741E+01
18306  -5.420791E+01
18307  -5.420842E+01
18308  -5.420892E+01
18309  -5.420942E+01
18310  -5.420993E+01
18311  -5.421043E+01
18312  -5.421093E+01
18313  -5.421143E+01
18314  -5.421194E+01
18315  -5.421244E+01
18316  -5.421294E+01
18317  -5.421344E+01
18318  -5.421394E+01
18319  -5.421444E+01
18320  -5.421494E+01
18321  -5.421544E+01
18322  -5.421594E+01
18323  -5.421644E+01
18324  -5.421694E+01
18325  -5.421744E+01
18326  -5.421794E+01
18327  -5.421844E+01
18328  -5.421894E+01
18329  -5.421944E+01
18330  -5.421993E+01
18331  -5.422043E+01
18332  -5.422093E+01
18333  -5.422143E+01
18334  -5.422192E+01
18335  -5.422242E+01
18336  -5.422292E+01
18337  -5.422342E+01
18338  -5.422392E+01
18339  -5.422442E+01
18340  -5.422492E+01
18341  -5.422542E+01
18342  -5.422592E+01
18343  -5.422642E+01
18344  -5.422692E+01
18345  -5.422742E+01
18346  -5.422792E+01
18347  -5.422842E+01
18348  -5.422891E+01
18349  -5.422941E+01
18350  -5.422991E+01
18351  -5.423040E+01
18352  -5.423090E+01
18353  -5.423140E+01
18354  -5.423189E+01
18355  -5.423239E+01
18356  -5.423289E+01
18357  -5.423338E+01
18358  -5.423388E+01
18359  -5.423437E+01
18360  -5.423487E+01
18361  -5.423536E+01
18362  -5.423586E+01
18363  -5.423635E+01
18364  -5.423685E+01
18365  -5.423734E+01
18366  -5.423783E+01
18367  -5.423833E+01
18368  -5.423882E+01
18369  -5.423931E+01
18370  -5.423980E+01
18371  -5.424030E+01
18372  -5.424079E+01
18373  -5.424128E+01
18374  -5.424177E+01
18375  -5.424226E+01
18376  -5.424275E+01
18377  -5.424324E+01
18378  -5.424374E+01
18379  -5.424423E+01
18380  -5.424472E+01
18381  -5.424521E+01
18382  -5.424570E+01
18383  -5.424618E+01
18384  -5.424667E+01
18385  -5.424716E+01
18386  -5.424765E+01
18387  -5.424814E+01
18388  -5.424863E+01
18389  -5.424912E+01
18390  -5.424960E+01
18391  -5.425009E+01
18392  -5.425058E+01
18393  -5.425107E+01
18394  -5.425155E+01
18395  -5.425204E+01
18396  -5.425253E+01
18397  -5.425301E+01
18398  -5.425350E+01
18399  -5.425398E+01
18400  -5.425447E+01
18401  -5.425495E+01
18402  -5.425544E+01
18403  -5.425592E+01
18404  -5.425641E+01
18405  -5.425689E+01
18406  -5.425738E+01
18407  -5.425786E+01
18408  -5.425835E+01
18409  -5.425883E+01
18410  -5.425931E+01
18411  -5.425979E+01
18412  -5.426028E+01
18413  -5.426076E+01
18414  -5.426124E+01
18415  -5.426172E+01
18416  -5.426221E+01
18417  -5.426269E+01
18418  -5.426317E+01
18419  -5.426365E+01
18420  -5.426413E+01
18421  -5.426461E+01
18422  -5.426509E+01
18423  -5.426557E+01
18424  -5.426605E+01
18425  -5.426653E+01
18426  -5.426701E+01
18427  -5.426749E+01
18428  -5.426797E+01
18429  -5.426845E+01
18430  -5.426893E+01
18431  -5.426941E+01
18432  -5.426988E+01
18433  -5.427036E+01
18434  -5.427084E+01
18435  -5.427132E+01
18436  -5.427180E+01
18437  -5.427227E+01
18438  -5.427275E+01
18439  -5.427323E+01
18440  -5.427370E+01
18441  -5.427418E+01
18442  -5.427465E+01
18443  -5.427513E+01
18444  -5.427561E+01
18445  -5.427608E+01
18446  -5.427656E+01
18447  -5.427703E+01
18448  -5.427751E+01
18449  -5.427798E+01
18450  -5.427845E+01
18451  -5.427893E+01
18452  -5.427940E+01
18453  -5.427988E+01
18454  -5.428035E+01
18455  -5.428082E+01
18456  -5.428130E+01
18457  -5.428177E+01
18458  -5.428224E+01
18459  -5.428271E+01
18460  -5.428319E+01
18461  -5.428366E+01
18462  -5.428413E+01
18463  -5.428460E+01
18464  -5.428507E+01
18465  -5.428554E+01
18466  -5.428601E+01
18467  -5.428648E+01
18468  -5.428695E+01
18469  -5.428742E+01
18470  -5.428789E+01
18471  -5.428836E+01
18472  -5.428883E+01
18473  -5.428930E+01
18474  -5.428977E+01
18475  -5.429024E+01
18476  -5.429071E+01
18477  -5.429118E+01
18478  -5.429165E+01
18479  -5.429211E+01
18480  -5.429258E+01
18481  -5.429305E+01
18482  -5.429352E+01
18483  -5.429398E+01
18484  -5.429445E+01
18485  -5.429492E+01
18486  -5.429538E+01
18487  -5.429585E+01
18488  -5.429632E+01
18489  -5.429678E+01
18490  -5.429725E+01
18491  -5.429771E+01
18492  -5.429818E+01
18493  -5.429864E+01
18494  -5.429911E+01
18495  -5.429957E+01
18496  -5.430004E+01
18497  -5.430050E+01
18498  -5.430097E+01
18499  -5.430143E+01
18500  -5.430189E+01
18501  -5.430236E+01
18502  -5.430282E+01
18503  -5.430328E+01
18504  -5.430375E+01
18505  -5.430421E+01
18506  -5.430467E+01
18507  -5.430513E+01
18508  -5.430560E+01
18509  -5.430606E+01
18510  -5.430652E+01
18511  -5.430698E+01
18512  -5.430744E+01
18513  -5.430790E+01
18514  -5.430836E+01
18515  -5.430883E+01
18516  -5.430929E+01
18517  -5.430975E+01
18518  -5.431021E+01
18519  -5.431067E+01
18520  -5.431113E+01
18521  -5.431159E+01
18522  -5.431205E+01
18523  -5.431252E+01
18524  -5.431298E+01
18525  -5.431344E+01
18526  -5.431390E+01
18527  -5.431435E+01
18528  -5.431481E+01
18529  -5.431527E+01
18530  -5.431573E+01
18531  -5.431619E+01
18532  -5.431665E+01
18533  -5.431711E+01
18534  -5.431757E+01
18535  -5.431802E+01
18536  -5.431848E+01
18537  -5.431894E+01
18538  -5.431940E+01
18539  -5.431985E+01
18540  -5.432031E+01
18541  -5.432077E+01
18542  -5.432122E+01
18543  -5.432168E+01
18544  -5.432214E+01
18545  -5.432259E+01
18546  -5.432305E+01
18547  -5.432350E+01
18548  -5.432396E+01
18549  -5.432441E+01
18550  -5.432487E+01
18551  -5.432532E+01
18552  -5.432578E+01
18553  -5.432623E+01
18554  -5.432669E+01
18555  -5.432714E+01
18556  -5.432760E+01
18557  -5.432805E+01
18558  -5.432850E+01
18559  -5.432896E+01
18560  -5.432941E+01
18561  -5.432986E+01
18562  -5.433031E+01
18563  -5.433077E+01
18564  -5.433122E+01
18565  -5.433167E+01
18566  -5.433212E+01
18567  -5.433257E+01
18568  -5.433303E+01
18569  -5.433348E+01
18570  -5.433393E+01
18571  -5.433438E+01
18572  -5.433483E+01
18573  -5.433528E+01
18574  -5.433573E+01
18575  -5.433618E+01
18576  -5.433663E+01
18577  -5.433708E+01
18578  -5.433753E+01
18579  -5.433798E+01
18580  -5.433844E+01
18581  -5.433889E+01
18582  -5.433934E+01
18583  -5.433980E+01
18584  -5.434025E+01
18585  -5.434070E+01
18586  -5.434115E+01
18587  -5.434160E+01
18588  -5.434206E+01
18589  -5.434251E+01
18590  -5.434296E+01
18591  -5.434341E+01
18592  -5.434386E+01
18593  -5.434431E+01
18594  -5.434476E+01
18595  -5.434521E+01
18596  -5.434566E+01
18597  -5.434611E+01
18598  -5.434656E+01
18599  -5.434701E+01
18600  -5.434746E+01
18601  -5.434791E+01
18602  -5.434836E+01
18603  -5.434881E+01
18604  -5.434925E+01
18605  -5.434970E+01
18606  -5.435015E+01
18607  -5.435060E+01
18608  -5.435105E+01
18609  -5.435149E+01
18610  -5.435194E+01
18611  -5.435239E+01
18612  -5.435284E+01
18613  -5.435328E+01
18614  -5.435373E+01
18615  -5.435418E+01
18616  -5.435462E+01
18617  -5.435507E+01
18618  -5.435551E+01
18619  -5.435596E+01
18620  -5.435640E+01
18621  -5.435685E+01
18622  -5.435729E+01
18623  -5.435774E+01
18624  -5.435818E+01
18625  -5.435863E+01
18626  -5.435907E+01
18627  -5.435952E+01
18628  -5.435996E+01
18629  -5.436041E+01
18630  -5.436085E+01
18631  -5.436129E+01
18632  -5.436174E+01
18633  -5.436218E+01
18634  -5.436262E+01
18635  -5.436306E+01
18636  -5.436351E+01
18637  -5.436395E+01
18638  -5.436439E+01
18639  -5.436483E+01
18640  -5.436528E+01
18641  -5.436572E+01
18642  -5.436616E+01
18643  -5.436660E+01
18644  -5.436704E+01
18645  -5.436748E+01
18646  -5.436792E+01
18647  -5.436836E+01
18648  -5.436880E+01
18649  -5.436924E+01
18650  -5.436968E+01
18651  -5.437012E+01
18652  -5.437056E+01
18653  -5.437100E+01
18654  -5.437144E+01
18655  -5.437188E+01
18656  -5.437232E+01
18657  -5.437276E+01
18658  -5.437320E+01
18659  -5.437364E+01
18660  -5.437407E+01
18661  -5.437451E+01
18662  -5.437495E+01
18663  -5.437539E+01
18664  -5.437582E+01
18665  -5.437626E+01
18666  -5.437670E+01
18667  -5.437714E+01
18668  -5.437757E+01
18669  -5.437801E+01
18670  -5.437845E+01
18671  -5.437888E+01
18672  -5.437932E+01
18673  -5.437975E+01
18674  -5.438019E+01
18675  -5.438063E+01
18676  -5.438106E+01
18677  -5.438150E+01
18678  -5.438193E+01
18679  -5.438237E+01
18680  -5.438280E+01
18681  -5.438324E+01
18682  -5.438367E+01
18683  -5.438410E+01
18684  -5.438454E+01
18685  -5.438497E+01
18686  -5.438541E+01
18687  -5.438584E+01
18688  -5.438627E+01
18689  -5.438670E+01
18690  -5.438714E+01
18691  -5.438757E+01
18692  -5.438800E+01
18693  -5.438844E+01
18694  -5.438887E+01
18695  -5.438930E+01
18696  -5.438973E+01
18697  -5.439016E+01
18698  -5.439060E+01
18699  -5.439103E+01
18700  -5.439146E+01
18701  -5.439189E+01
18702  -5.439232E+01
18703  -5.439275E+01
18704  -5.439318E+01
18705  -5.439361E+01
18706  -5.439404E+01
18707  -5.439447E+01
18708  -5.439490E+01
18709  -5.439533E+01
18710  -5.439576E+01
18711  -5.439619E+01
18712  -5.439662E+01
18713  -5.439705E+01
18714  -5.439748E+01
18715  -5.439791E+01
18716  -5.439833E+01
18717  -5.439876E+01
18718  -5.439919E+01
18719  -5.439962E+01
18720  -5.440005E+01
18721  -5.440047E+01
18722  -5.440090E+01
18723  -5.440133E+01
18724  -5.440176E+01
18725  -5.440218E+01
18726  -5.440261E+01
18727  -5.440304E+01
18728  -5.440346E+01
18729  -5.440389E+01
18730  -5.440432E+01
18731  -5.440474E+01
18732  -5.440517E+01
18733  -5.440559E+01
18734  -5.440602E+01
18735  -5.440644E+01
18736  -5.440687E+01
18737  -5.440729E+01
18738  -5.440772E+01
18739  -5.440814E+01
18740  -5.440857E+01
18741  -5.440899E+01
18742  -5.440942E+01
18743  -5.440984E+01
18744  -5.441027E+01
18745  -5.441069E+01
18746  -5.441111E+01
18747  -5.441154E+01
18748  -5.441196E+01
18749  -5.441238E+01
18750  -5.441280E+01
18751  -5.441323E+01
18752  -5.441365E+01
18753  -5.441407E+01
18754  -5.441449E+01
18755  -5.441492E+01
18756  -5.441534E+01
18757  -5.441576E+01
18758  -5.441618E+01
18759  -5.441660E+01
18760  -5.441703E+01
18761  -5.441745E+01
18762  -5.441787E+01
18763  -5.441829E+01
18764  -5.441871E+01
18765  -5.441913E+01
18766  -5.441955E+01
18767  -5.441997E+01
18768  -5.442039E+01
18769  -5.442081E+01
18770  -5.442123E+01
18771  -5.442165E+01
18772  -5.442207E+01
18773  -5.442249E+01
18774  -5.442291E+01
18775  -5.442333E+01
18776  -5.442374E+01
18777  -5.442416E+01
18778  -5.442458E+01
18779  -5.442500E+01
18780  -5.442542E+01
18781  -5.442584E+01
18782  -5.442625E+01
18783  -5.442667E+01
18784  -5.442709E+01
18785  -5.442751E+01
18786  -5.442792E+01
18787  -5.442834E+01
18788  -5.442876E+01
18789  -5.442917E+01
18790  -5.442959E+01
18791  -5.443001E+01
18792  -5.443042E+01
18793  -5.443084E+01
18794  -5.443125E+01
18795  -5.443167E+01
18796  -5.443209E+01
18797  -5.443250E+01
18798  -5.443292E+01
18799  -5.443333E+01
18800  -5.443375E+01
18801  -5.443416E+01
18802  -5.443458E+01
18803  -5.443499E+01
18804  -5.443540E+01
18805  -5.443582E+01
18806  -5.443623E+01
18807  -5.443665E+01
18808  -5.443706E+01
18809  -5.443747E+01
18810  -5.443789E+01
18811  -5.443830E+01
18812  -5.443871E+01
18813  -5.443913E+01
18814  -5.443954E+01
18815  -5.443995E+01
18816  -5.444037E+01
18817  -5.444078E+01
18818  -5.444119E+01
18819  -5.444160E+01
18820  -5.444201E+01
18821  -5.444243E+01
18822  -5.444284E+01
18823  -5.444325E+01
18824  -5.444366E+01
18825  -5.444407E+01
18826  -5.444448E+01
18827  -5.444489E+01
18828  -5.444530E+01
18829  -5.444571E+01
18830  -5.444612E+01
18831  -5.444653E+01
18832  -5.444694E+01
18833  -5.444735E+01
18834  -5.444776E+01
18835  -5.444817E+01
18836  -5.444858E+01
18837  -5.444899E+01
18838  -5.444940E+01
18839  -5.444981E+01
18840  -5.445022E+01
18841  -5.445063E+01
18842  -5.445104E+01
18843  -5.445145E+01
18844  -5.445185E+01
18845  -5.445226E+01
18846  -5.445267E+01
18847  -5.445308E+01
18848  -5.445349E+01
18849  -5.445389E+01
18850  -5.445430E+01
18851  -5.445471E+01
18852  -5.445512E+01
18853  -5.445552E+01
18854  -5.445593E+01
18855  -5.445634E+01
18856  -5.445674E+01
18857  -5.445715E+01
18858  -5.445756E+01
18859  -5.445796E+01
18860  -5.445837E+01
18861  -5.445877E+01
18862  -5.445918E+01
18863  -5.445959E+01
18864  -5.445999E+01
18865  -5.446040E+01
18866  -5.446080E+01
18867  -5.446121E+01
18868  -5.446161E+01
18869  -5.446202E+01
18870  -5.446242E+01
18871  -5.446282E+01
18872  -5.446323E+01
18873  -5.446363E+01
18874  -5.446404E+01
18875  -5.446444E+01
18876  -5.446484E+01
18877  -5.446525E+01
18878  -5.446565E+01
18879  -5.446605E+01
18880  -5.446646E+01
18881  -5.446686E+01
18882  -5.446726E+01
18883  -5.446767E+01
18884  -5.446807E+01
18885  -5.446847E+01
18886  -5.446887E+01
18887  -5.446928E+01
18888  -5.446968E+01
18889  -5.447008E+01
18890  -5.447048E+01
18891  -5.447088E+01
18892  -5.447128E+01
18893  -5.447169E+01
18894  -5.447209E+01
18895  -5.447249E+01
18896  -5.447289E+01
18897  -5.447329E+01
18898  -5.447369E+01
18899  -5.447409E+01
18900  -5.447449E+01
18901  -5.447489E+01
18902  -5.447529E+01
18903  -5.447569E+01
18904  -5.447609E+01
18905  -5.447649E+01
18906  -5.447689E+01
18907  -5.447729E+01
18908  -5.447769E+01
18909  -5.447809E+01
18910  -5.447849E+01
18911  -5.447888E+01
18912  -5.447928E+01
18913  -5.447968E+01
18914  -5.448008E+01
18915  -5.448048E+01
18916  -5.448088E+01
18917  -5.448127E+01
18918  -5.448167E+01
18919  -5.448207E+01
18920  -5.448247E+01
18921  -5.448287E+01
18922  -5.448327E+01
18923  -5.448367E+01
18924  -5.448406E+01
18925  -5.448446E+01
18926  -5.448486E+01
18927  -5.448526E+01
18928  -5.448566E+01
18929  -5.448605E+01
18930  -5.448645E+01
18931  -5.448685E+01
18932  -5.448725E+01
18933  -5.448764E+01
18934  -5.448804E+01
18935  -5.448844E+01
18936  -5.448883E+01
18937  -5.448923E+01
18938  -5.448963E+01
18939  -5.449002E+01
18940  -5.449042E+01
18941  -5.449082E+01
18942  -5.449121E+01
18943  -5.449161E+01
18944  -5.449200E+01
18945  -5.449240E+01
18946  -5.449280E+01
18947  -5.449319E+01
18948  -5.449359E+01
18949  -5.449398E+01
18950  -5.449438E+01
18951  -5.449477E+01
18952  -5.449516E+01
18953  -5.449556E+01
18954  -5.449595E+01
18955  -5.449635E+01
18956  -5.449674E+01
18957  -5.449714E+01
18958  -5.449753E+01
18959  -5.449792E+01
18960  -5.449832E+01
18961  -5.449871E+01
18962  -5.449910E+01
18963  -5.449950E+01
18964  -5.449989E+01
18965  -5.450028E+01
18966  -5.450068E+01
18967  -5.450107E+01
18968  -5.450146E+01
18969  -5.450185E+01
18970  -5.450224E+01
18971  -5.450264E+01
18972  -5.450303E+01
18973  -5.450342E+01
18974  -5.450381E+01
18975  -5.450420E+01
18976  -5.450460E+01
18977  -5.450499E+01
18978  -5.450538E+01
18979  -5.450577E+01
18980  -5.450616E+01
18981  -5.450655E+01
18982  -5.450694E+01
18983  -5.450733E+01
18984  -5.450772E+01
18985  -5.450811E+01
18986  -5.450850E+01
18987  -5.450889E+01
18988  -5.450928E+01
18989  -5.450967E+01
18990  -5.451006E+01
18991  -5.451045E+01
18992  -5.451084E+01
18993  -5.451123E+01
18994  -5.451162E+01
18995  -5.451201E+01
18996  -5.451240E+01
18997  -5.451279E+01
18998  -5.451317E+01
18999  -5.451356E+01
19000  -5.451395E+01
19001  -5.451434E+01
19002  -5.451473E+01
19003  -5.451511E+01
19004  -5.451550E+01
19005  -5.451589E+01
19006  -5.451628E+01
19007  -5.451667E+01
19008  -5.451705E+01
19009  -5.451744E+01
19010  -5.451783E+01
19011  -5.451821E+01
19012  -5.451860E+01
19013  -5.451899E+01
19014  -5.451937E+01
19015  -5.451976E+01
19016  -5.452015E+01
19017  -5.452053E+01
19018  -5.452092E+01
19019  -5.452130E+01
19020  -5.452169E+01
19021  -5.452208E+01
19022  -5.452246E+01
19023  -5.452285E+01
19024  -5.452323E+01
19025  -5.452362E+01
19026  -5.452400E+01
19027  -5.452439E+01
19028  -5.452477E+01
19029  -5.452516E+01
19030  -5.452554E+01
19031  -5.452593E+01
19032  -5.452631E+01
19033  -5.452669E+01
19034  -5.452708E+01
19035  -5.452746E+01
19036  -5.452785E+01
19037  -5.452823E+01
19038  -5.452862E+01
19039  -5.452901E+01
19040  -5.452940E+01
19041  -5.452978E+01
19042  -5.453017E+01
19043  -5.453056E+01
19044  -5.453094E+01
19045  -5.453133E+01
19046  -5.453171E+01
19047  -5.453210E+01
19048  -5.453249E+01
19049  -5.453287E+01
19050  -5.453326E+01
19051  -5.453364E+01
19052  -5.453403E+01
19053  -5.453442E+01
19054  -5.453480E+01
19055  -5.453519E+01
19056  -5.453557E+01
19057  -5.453596E+01
19058  -5.453634E+01
19059  -5.453673E+01
19060  -5.453711E+01
19061  -5.453749E+01
19062  -5.453788E+01
19063  -5.453826E+01
19064  -5.453865E+01
19065  -5.453903E+01
19066  -5.453941E+01
19067  -5.453980E+01
19068  -5.454018E+01
19069  -5.454057E+01
19070  -5.454095E+01
19071  -5.454133E+01
19072  -5.454172E+01
19073  -5.454210E+01
19074  -5.454248E+01
19075  -5.454286E+01
19076  -5.454325E+01
19077  -5.454363E+01
19078  -5.454401E+01
19079  -5.454439E+01
19080  -5.454478E+01
19081  -5.454516E+01
19082  -5.454554E+01
19083  -5.454592E+01
19084  -5.454630E+01
19085  -5.454669E+01
19086  -5.454707E+01
19087  -5.454745E+01
19088  -5.454783E+01
19089  -5.454821E+01
19090  -5.454859E+01
19091  -5.454897E+01
19092  -5.454935E+01
19093  -5.454973E+01
19094  -5.455011E+01
19095  -5.455049E+01
19096  -5.455087E+01
19097  -5.455125E+01
19098  -5.455163E+01
19099  -5.455201E+01
19100  -5.455239E+01
19101  -5.455277E+01
19102  -5.455315E+01
19103  -5.455353E+01
19104  -5.455391E+01
19105  -5.455429E+01
19106  -5.455467E+01
19107  -5.455505E+01
19108  -5.455543E+01
19109  -5.455581E+01
19110  -5.455619E+01
19111  -5.455656E+01
19112  -5.455694E+01
19113  -5.455732E+01
19114  -5.455770E+01
19115  -5.455808E+01
19116  -5.455846E+01
19117  -5.455883E+01
19118  -5.455921E+01
19119  -5.455959E+01
19120  -5.455997E+01
19121  -5.456035E+01
19122  -5.456073E+01
19123  -5.456111E+01
19124  -5.456149E+01
19125  -5.456187E+01
19126  -5.456225E+01
19127  -5.456262E+01
19128  -5.456300E+01
19129  -5.456338E+01
19130  -5.456376E+01
19131  -5.456414E+01
19132  -5.456452E+01
19133  -5.456490E+01
19134  -5.456528E+01
19135  -5.456566E+01
19136  -5.456603E+01
19137  -5.456641E+01
19138  -5.456679E+01
19139  -5.456717E+01
19140  -5.456755E+01
19141  -5.456792E+01
19142  -5.456830E+01
19143  -5.456868E+01
19144  -5.456906E+01
19145  -5.456943E+01
19146  -5.456981E+01
19147  -5.457019E+01
19148  -5.457056E+01
19149  -5.457094E+01
19150  -5.457132E+01
19151  -5.457169E+01
19152  -5.457207E+01
19153  -5.457245E+01
19154  -5.457282E+01
19155  -5.457320E+01
19156  -5.457358E+01
19157  -5.457395E+01
19158  -5.457433E+01
19159  -5.457470E+01
19160  -5.457508E+01
19161  -5.457545E+01
19162  -5.457583E+01
19163  -5.457621E+01
19164  -5.457658E+01
19165  -5.457696E+01
19166  -5.457733E+01
19167  -5.457771E+01
19168  -5.457808E+01
19169  -5.457845E+01
19170  -5.457883E+01
19171  -5.457920E+01
19172  -5.457958E+01
19173  -5.457995E+01
19174  -5.458033E+01
19175  -5.458070E+01
19176  -5.458107E+01
19177  -5.458145E+01
19178  -5.458182E+01
19179  -5.458219E+01
19180  -5.458257E+01
19181  -5.458294E+01
19182  -5.458331E+01
19183  -5.458369E+01
19184  -5.458406E+01
19185  -5.458443E+01
19186  -5.458481E+01
19187  -5.458518E+01
19188  -5.458555E+01
19189  -5.458592E+01
19190  -5.458630E+01
19191  -5.458667E+01
19192  -5.458704E+01
19193  -5.458741E+01
19194  -5.458778E+01
19195  -5.458816E+01
19196  -5.458853E+01
19197  -5.458890E+01
19198  -5.458927E+01
19199  -5.458964E+01
19200  -5.459001E+01
19201  -5.459038E+01
19202  -5.459075E+01
19203  -5.459112E+01
19204  -5.459150E+01
19205  -5.459187E+01
19206  -5.459224E+01
19207  -5.459261E+01
19208  -5.459298E+01
19209  -5.459335E+01
19210  -5.459372E+01
19211  -5.459409E+01
19212  -5.459446E+01
19213  -5.459483E+01
19214  -5.459520E+01
19215  -5.459557E+01
19216  -5.459594E+01
19217  -5.459631E+01
19218  -5.459668E+01
19219  -5.459704E+01
19220  -5.459741E+01
19221  -5.459778E+01
19222  -5.459815E+01
19223  -5.459852E+01
19224  -5.459889E+01
19225  -5.459926E+01
19226  -5.459963E+01
19227  -5.459999E+01
19228  -5.460036E+01
19229  -5.460073E+01
19230  -5.460110E+01
19231  -5.460147E+01
19232  -5.460183E+01
19233  -5.460220E+01
19234  -5.460257E+01
19235  -5.460294E+01
19236  -5.460330E+01
19237  -5.460367E+01
19238  -5.460404E+01
19239  -5.460441E+01
19240  -5.460477E+01
19241  -5.460514E+01
19242  -5.460551E+01
19243  -5.460587E+01
19244  -5.460624E+01
19245  -5.460661E+01
19246  -5.460697E+01
19247  -5.460734E+01
19248  -5.460770E+01
19249  -5.460807E+01
19250  -5.460844E+01
19251  -5.460880E+01
19252  -5.460917E+01
19253  -5.460953E+01
19254  -5.460990E+01
19255  -5.461026E+01
19256  -5.461063E+01
19257  -5.461099E+01
19258  -5.461136E+01
19259  -5.461172E+01
19260  -5.461209E+01
19261  -5.461245E+01
19262  -5.461282E+01
19263  -5.461318E+01
19264  -5.461355E+01
19265  -5.461391E+01
19266  -5.461428E+01
19267  -5.461464E+01
19268  -5.461500E+01
19269  -5.461537E+01
19270  -5.461573E+01
19271  -5.461610E+01
19272  -5.461646E+01
19273  -5.461682E+01
19274  -5.461719E+01
19275  -5.461755E+01
19276  -5.461791E+01
19277  -5.461828E+01
19278  -5.461864E+01
19279  -5.461900E+01
19280  -5.461937E+01
19281  -5.461973E+01
19282  -5.462009E+01
19283  -5.462045E+01
19284  -5.462082E+01
19285  -5.462118E+01
19286  -5.462154E+01
19287  -5.462190E+01
19288  -5.462226E+01
19289  -5.462263E+01
19290  -5.462299E+01
19291  -5.462335E+01
19292  -5.462371E+01
19293  -5.462407E+01
19294  -5.462443E+01
19295  -5.462480E+01
19296  -5.462516E+01
19297  -5.462552E+01
19298  -5.462588E+01
19299  -5.462624E+01
19300  -5.462660E+01
19301  -5.462696E+01
19302  -5.462732E+01
19303  -5.462768E+01
19304  -5.462804E+01
19305  -5.462840E+01
19306  -5.462876E+01
19307  -5.462912E+01
19308  -5.462948E+01
19309  -5.462984E+01
19310  -5.463020E+01
19311  -5.463056E+01
19312  -5.463092E+01
19313  -5.463128E+01
19314  -5.463164E+01
19315  -5.463200E+01
19316  -5.463236E+01
19317  -5.463272E+01
19318  -5.463308E+01
19319  -5.463344E+01
19320  -5.463380E+01
19321  -5.463416E+01
19322  -5.463451E+01
19323  -5.463487E+01
19324  -5.463523E+01
19325  -5.463559E+01
19326  -5.463595E+01
19327  -5.463631E+01
19328  -5.463666E+01
19329  -5.463702E+01
19330  -5.463738E+01
19331  -5.463774E+01
19332  -5.463810E+01
19333  -5.463845E+01
19334  -5.463881E+01
19335  -5.463917E+01
19336  -5.463953E+01
19337  -5.463988E+01
19338  -5.464024E+01
19339  -5.464060E+01
19340  -5.464095E+01
19341  -5.464131E+01
19342  -5.464167E+01
19343  -5.464202E+01
19344  -5.464238E+01
19345  -5.464274E+01
19346  -5.464309E+01
19347  -5.464345E+01
19348  -5.464381E+01
19349  -5.464416E+01
19350  -5.464452E+01
19351  -5.464487E+01
19352  -5.464523E+01
19353  -5.464559E+01
19354  -5.464594E+01
19355  -5.464630E+01
19356  -5.464665E+01
19357  -5.464701E+01
19358  -5.464736E+01
19359  -5.464772E+01
19360  -5.464807E+01
19361  -5.464843E+01
19362  -5.464878E+01
19363  -5.464914E+01
19364  -5.464949E+01
19365  -5.464985E+01
19366  -5.465020E+01
19367  -5.465056E+01
19368  -5.465091E+01
19369  -5.465126E+01
19370  -5.465162E+01
19371  -5.465197E+01
19372  -5.465233E+01
19373  -5.465268E+01
19374  -5.465303E+01
19375  -5.465339E+01
19376  -5.465374E+01
19377  -5.465410E+01
19378  -5.465445E+01
19379  -5.465480E+01
19380  -5.465516E+01
19381  -5.465551E+01
19382  -5.465586E+01
19383  -5.465621E+01
19384  -5.465657E+01
19385  -5.465692E+01
19386  -5.465727E+01
19387  -5.465762E+01
19388  -5.465798E+01
19389  -5.465833E+01
19390  -5.465868E+01
19391  -5.465903E+01
19392  -5.465939E+01
19393  -5.465974E+01
19394  -5.466009E+01
19395  -5.466044E+01
19396  -5.466079E+01
19397  -5.466115E+01
19398  -5.466150E+01
19399  -5.466185E+01
19400  -5.466220E+01
19401  -5.466255E+01
19402  -5.466290E+01
19403  -5.466325E+01
19404  -5.466360E+01
19405  -5.466395E+01
19406  -5.466431E+01
19407  -5.466466E+01
19408  -5.466501E+01
19409  -5.466536E+01
19410  -5.466571E+01
19411  -5.466606E+01
19412  -5.466641E+01
19413  -5.466676E+01
19414  -5.466711E+01
19415  -5.466746E+01
19416  -5.466781E+01
19417  -5.466816E+01
19418  -5.466851E+01
19419  -5.466886E+01
19420  -5.466921E+01
19421  -5.466956E+01
19422  -5.466991E+01
19423  -5.467026E+01
19424  -5.467060E+01
19425  -5.467095E+01
19426  -5.467130E+01
19427  -5.467165E+01
19428  -5.467200E+01
19429  -5.467235E+01
19430  -5.467270E+01
19431  -5.467305E+01
19432  -5.467340E+01
19433  -5.467374E+01
19434  -5.467409E+01
19435  -5.467444E+01
19436  -5.467479E+01
19437  -5.467514E+01
19438  -5.467548E+01
19439  -5.467583E+01
19440  -5.467618E+01
19441  -5.467653E+01
19442  -5.467687E+01
19443  -5.467722E+01
19444  -5.467757E+01
19445  -5.467792E+01
19446  -5.467826E+01
19447  -5.467861E+01
19448  -5.467896E+01
19449  -5.467931E+01
19450  -5.467965E+01
19451  -5.468000E+01
19452  -5.468035E+01
19453  -5.468069E+01
19454  -5.468104E+01
19455  -5.468139E+01
19456  -5.468173E+01
19457  -5.468208E+01
19458  -5.468242E+01
19459  -5.468277E+01
19460  -5.468312E+01
19461  -5.468346E+01
19462  -5.468381E+01
19463  -5.468415E+01
19464  -5.468450E+01
19465  -5.468485E+01
19466  -5.468519E+01
19467  -5.468554E+01
19468  -5.468588E+01
19469  -5.468623E+01
19470  -5.468657E+01
19471  -5.468692E+01
19472  -5.468726E+01
19473  -5.468761E+01
19474  -5.468795E+01
19475  -5.468830E+01
19476  -5.468864E+01
19477  -5.468899E+01
19478  -5.468933E+01
19479  -5.468967E+01
19480  -5.469002E+01
19481  -5.469036E+01
19482  -5.469071E+01
19483  -5.469105E+01
19484  -5.469140E+01
19485  -5.469174E+01
19486  -5.469208E+01
19487  -5.469243E+01
19488  -5.469277E+01
19489  -5.469311E+01
19490  -5.469346E+01
19491  -5.469380E+01
19492  -5.469415E+01
19493  -5.469449E+01
19494  -5.469483E+01
19495  -5.469518E+01
19496  -5.469552E+01
19497  -5.469587E+01
19498  -5.469621E+01
19499  -5.469655E+01
19500  -5.469690E+01
19501  -5.469724E+01
19502  -5.469758E+01
19503  -5.469792E+01
19504  -5.469827E+01
19505  -5.469861E+01
19506  -5.469895E+01
19507  -5.469930E+01
19508  -5.469964E+01
19509  -5.469998E+01
19510  -5.470032E+01
19511  -5.470067E+01
19512  -5.470101E+01
19513  -5.470135E+01
19514  -5.470169E+01
19515  -5.470204E+01
19516  -5.470238E+01
19517  -5.470272E+01
19518  -5.470306E+01
19519  -5.470340E+01
19520  -5.470374E+01
19521  -5.470409E+01
19522  -5.470443E+01
19523  -5.470477E+01
19524  -5.470511E+01
19525  -5.470545E+01
19526  -5.470579E+01
19527  -5.470613E+01
19528  -5.470647E+01
19529  -5.470682E+01
19530  -5.470716E+01
19531  -5.470750E+01
19532  -5.470784E+01
19533  -5.470818E+01
19534  -5.470852E+01
19535  -5.470886E+01
19536  -5.470920E+01
19537  -5.470954E+01
19538  -5.470988E+01
19539  -5.471022E+01
19540  -5.471056E+01
19541  -5.471090E+01
19542  -5.471124E+01
19543  -5.471158E+01
19544  -5.471192E+01
19545  -5.471226E+01
19546  -5.471260E+01
19547  -5.471294E+01
19548  -5.471328E+01
19549  -5.471362E+01
19550  -5.471396E+01
19551  -5.471429E+01
19552  -5.471463E+01
19553  -5.471497E+01
19554  -5.471531E+01
19555  -5.471565E+01
19556  -5.471599E+01
19557  -5.471633E+01
19558  -5.471667E+01
19559  -5.471700E+01
19560  -5.471734E+01
19561  -5.471768E+01
19562  -5.471802E+01
19563  -5.471836E+01
19564  -5.471870E+01
19565  -5.471903E+01
19566  -5.471937E+01
19567  -5.471971E+01
19568  -5.472005E+01
19569  -5.472038E+01
19570  -5.472072E+01
19571  -5.472106E+01
19572  -5.472140E+01
19573  -5.472173E+01
19574  -5.472207E+01
19575  -5.472241E+01
19576  -5.472275E+01
19577  -5.472308E+01
19578  -5.472342E+01
19579  -5.472376E+01
19580  -5.472409E+01
19581  -5.472443E+01
19582  -5.472477E+01
19583  -5.472510E+01
19584  -5.472544E+01
19585  -5.472578E+01
19586  -5.472611E+01
19587  -5.472645E+01
19588  -5.472679E+01
19589  -5.472712E+01
19590  -5.472746E+01
19591  -5.472779E+01
19592  -5.472813E+01
19593  -5.472847E+01
19594  -5.472880E+01
19595  -5.472914E+01
19596  -5.472947E+01
19597  -5.472981E+01
19598  -5.473014E+01
19599  -5.473048E+01
19600  -5.473081E+01
19601  -5.473115E+01
19602  -5.473148E+01
19603  -5.473182E+01
19604  -5.473215E+01
19605  -5.473249E+01
19606  -5.473282E+01
19607  -5.473316E+01
19608  -5.473349E+01
19609  -5.473383E+01
19610  -5.473416E+01
19611  -5.473450E+01
19612  -5.473483E+01
19613  -5.473516E+01
19614  -5.473550E+01
19615  -5.473583E+01
19616  -5.473617E+01
19617  -5.473650E+01
19618  -5.473683E+01
19619  -5.473717E+01
19620  -5.473750E+01
19621  -5.473784E+01
19622  -5.473817E+01
19623  -5.473850E+01
19624  -5.473884E+01
19625  -5.473917E+01
19626  -5.473950E+01
19627  -5.473984E+01
19628  -5.474017E+01
19629  -5.474050E+01
19630  -5.474084E+01
19631  -5.474117E+01
19632  -5.474150E+01
19633  -5.474183E+01
19634  -5.474217E+01
19635  -5.474250E+01
19636  -5.474283E+01
19637  -5.474316E+01
19638  -5.474350E+01
19639  -5.474383E+01
19640  -5.474416E+01
19641  -5.474449E+01
19642  -5.474483E+01
19643  -5.474516E+01
19644  -5.474549E+01
19645  -5.474582E+01
19646  -5.474615E+01
19647  -5.474648E+01
19648  -5.474682E+01
19649  -5.474715E+01
19650  -5.474748E+01
19651  -5.474781E+01
19652  -5.474814E+01
19653  -5.474847E+01
19654  -5.474880E+01
19655  -5.474914E+01
19656  -5.474947E+01
19657  -5.474980E+01
19658  -5.475013E+01
19659  -5.475046E+01
19660  -5.475079E+01
19661  -5.475112E+01
19662  -5.475145E+01
19663  -5.475178E+01
19664  -5.475211E+01
19665  -5.475244E+01
19666  -5.475277E+01
19667  -5.475310E+01
19668  -5.475343E+01
19669  -5.475376E+01
19670  -5.475409E+01
19671  -5.475442E+01
19672  -5.475475E+01
19673  -5.475508E+01
19674  -5.475541E+01
19675  -5.475574E+01
19676  -5.475607E+01
19677  -5.475640E+01
19678  -5.475673E+01
19679  -5.475706E+01
19680  -5.475739E+01
19681  -5.475772E+01
19682  -5.475805E+01
19683  -5.475838E+01
19684  -5.475871E+01
19685  -5.475903E+01
19686  -5.475936E+01
19687  -5.475969E+01
19688  -5.476002E+01
19689  -5.476035E+01
19690  -5.476068E+01
19691  -5.476101E+01
19692  -5.476133E+01
19693  -5.476166E+01
19694  -5.476199E+01
19695  -5.476232E+01
19696  -5.476265E+01
19697  -5.476298E+01
19698  -5.476330E+01
19699  -5.476363E+01
19700  -5.476396E+01
19701  -5.476429E+01
19702  -5.476461E+01
19703  -5.476494E+01
19704  -5.476527E+01
19705  -5.476560E+01
19706  -5.476592E+01
19707  -5.476625E+01
19708  -5.476658E+01
19709  -5.476691E+01
19710  -5.476723E+01
19711  -5.476756E+01
19712  -5.476789E+01
19713  -5.476821E+01
19714  -5.476854E+01
19715  -5.476887E+01
19716  -5.476919E+01
19717  -5.476952E+01
19718  -5.476985E+01
19719  -5.477017E+01
19720  -5.477050E+01
19721  -5.477083E+01
19722  -5.477115E+01
19723  -5.477148E+01
19724  -5.477181E+01
19725  -5.477213E+01
19726  -5.477246E+01
19727  -5.477278E+01
19728  -5.477311E+01
19729  -5.477344E+01
19730  -5.477376E+01
19731  -5.477409E+01
19732  -5.477441E+01
19733  -5.477474E+01
19734  -5.477506E+01
19735  -5.477539E+01
19736  -5.477571E+01
19737  -5.477604E+01
19738  -5.477636E+01
19739  -5.477669E+01
19740  -5.477701E+01
19741  -5.477734E+01
19742  -5.477766E+01
19743  -5.477799E+01
19744  -5.477831E+01
19745  -5.477864E+01
19746  -5.477896E+01
19747  -5.477929E+01
19748  -5.477961E+01
19749  -5.477994E+01
19750  -5.478026E+01
19751  -5.478059E+01
19752  -5.478091E+01
19753  -5.478123E+01
19754  -5.478156E+01
19755  -5.478188E+01
19756  -5.478221E+01
19757  -5.478253E+01
19758  -5.478285E+01
19759  -5.478318E+01
19760  -5.478350E+01
19761  -5.478382E+01
19762  -5.478415E+01
19763  -5.478447E+01
19764  -5.478479E+01
19765  -5.478512E+01
19766  -5.478544E+01
19767  -5.478576E+01
19768  -5.478609E+01
19769  -5.478641E+01
19770  -5.478673E+01
19771  -5.478706E+01
19772  -5.478738E+01
19773  -5.478770E+01
19774  -5.478802E+01
19775  -5.478835E+01
19776  -5.478867E+01
19777  -5.478899E+01
19778  -5.478932E+01
19779  -5.478964E+01
19780  -5.478996E+01
19781  -5.479028E+01
19782  -5.479060E+01
19783  -5.479093E+01
19784  -5.479125E+01
19785  -5.479157E+01
19786  -5.479189E+01
19787  -5.479221E+01
19788  -5.479254E+01
19789  -5.479286E+01
19790  -5.479318E+01
19791  -5.479350E+01
19792  -5.479382E+01
19793  -5.479414E+01
19794  -5.479446E+01
19795  -5.479479E+01
19796  -5.479511E+01
19797  -5.479543E+01
19798  -5.479575E+01
19799  -5.479607E+01
19800  -5.479639E+01
19801  -5.479671E+01
19802  -5.479703E+01
19803  -5.479735E+01
19804  -5.479768E+01
19805  -5.479800E+01
19806  -5.479832E+01
19807  -5.479864E+01
19808  -5.479896E+01
19809  -5.479928E+01
19810  -5.479960E+01
19811  -5.479992E+01
19812  -5.480024E+01
19813  -5.480056E+01
19814  -5.480088E+01
19815  -5.480120E+01
19816  -5.480152E+01
19817  -5.480184E+01
19818  -5.480216E+01
19819  -5.480248E+01
19820  -5.480280E+01
19821  -5.480312E+01
19822  -5.480344E+01
19823  -5.480376E+01
19824  -5.480408E+01
19825  -5.480439E+01
19826  -5.480471E+01
19827  -5.480503E+01
19828  -5.480535E+01
19829  -5.480567E+01
19830  -5.480599E+01
19831  -5.480631E+01
19832  -5.480663E+01
19833  -5.480695E+01
19834  -5.480727E+01
19835  -5.480758E+01
19836  -5.480790E+01
19837  -5.480822E+01
19838  -5.480854E+01
19839  -5.480886E+01
19840  -5.480918E+01
19841  -5.480950E+01
19842  -5.480981E+01
19843  -5.481013E+01
19844  -5.481045E+01
19845  -5.481077E+01
19846  -5.481109E+01
19847  -5.481140E+01
19848  -5.481172E+01
19849  -5.481204E+01
19850  -5.481236E+01
19851  -5.481268E+01
19852  -5.481299E+01
19853  -5.481331E+01
19854  -5.481363E+01
19855  -5.481395E+01
19856  -5.481426E+01
19857  -5.481458E+01
19858  -5.481490E+01
19859  -5.481521E+01
19860  -5.481553E+01
19861  -5.481585E+01
19862  -5.481617E+01
19863  -5.481648E+01
19864  -5.481680E+01
19865  -5.481712E+01
19866  -5.481743E+01
19867  -5.481775E+01
19868  -5.481807E+01
19869  -5.481838E+01
19870  -5.481870E+01
19871  -5.481902E+01
19872  -5.481933E+01
19873  -5.481965E+01
19874  -5.481996E+01
19875  -5.482028E+01
19876  -5.482060E+01
19877  -5.482091E+01
19878  -5.482123E+01
19879  -5.482154E+01
19880  -5.482186E+01
19881  -5.482218E+01
19882  -5.482249E+01
19883  -5.482281E+01
19884  -5.482312E+01
19885  -5.482344E+01
19886  -5.482375E+01
19887  -5.482407E+01
19888  -5.482439E+01
19889  -5.482470E+01
19890  -5.482502E+01
19891  -5.482533E+01
19892  -5.482565E+01
19893  -5.482596E+01
19894  -5.482628E+01
19895  -5.482659E+01
19896  -5.482691E+01
19897  -5.482722E+01
19898  -5.482754E+01
19899  -5.482785E+01
19900  -5.482816E+01
19901  -5.482848E+01
19902  -5.482879E+01
19903  -5.482911E+01
19904  -5.482942E+01
19905  -5.482974E+01
19906  -5.483005E+01
19907  -5.483037E+01
19908  -5.483068E+01
19909  -5.483099E+01
19910  -5.483131E+01
19911  -5.483162E+01
19912  -5.483194E+01
19913  -5.483225E+01
19914  -5.483256E+01
19915  -5.483288E+01
19916  -5.483319E+01
19917  -5.483350E+01
19918  -5.483382E+01
19919  -5.483413E+01
19920  -5.483444E+01
19921  -5.483476E+01
19922  -5.483507E+01
19923  -5.483538E+01
19924  -5.483570E+01
19925  -5.483601E+01
19926  -5.483632E+01
19927  -5.483664E+01
19928  -5.483695E+01
19929  -5.483726E+01
19930  -5.483758E+01
19931  -5.483789E+01
19932  -5.483820E+01
19933  -5.483851E+01
19934  -5.483883E+01
19935  -5.483914E+01
19936  -5.483945E+01
19937  -5.483976E+01
19938  -5.484008E+01
19939  -5.484039E+01
19940  -5.484070E+01
19941  -5.484101E+01
19942  -5.484132E+01
19943  -5.484164E+01
19944  -5.484195E+01
19945  -5.484226E+01
19946  -5.484257E+01
19947  -5.484288E+01
19948  -5.484320E+01
19949  -5.484351E+01
19950  -5.484382E+01
19951  -5.484413E+01
19952  -5.484444E+01
19953  -5.484475E+01
19954  -5.484506E+01
19955  -5.484538E+01
19956  -5.484569E+01
19957  -5.484600E+01
19958  -5.484631E+01
19959  -5.484662E+01
19960  -5.484693E+01
19961  -5.484724E+01
19962  -5.484755E+01
19963  -5.484786E+01
19964  -5.484818E+01
19965  -5.484849E+01
19966  -5.484880E+01
19967  -5.484911E+01
19968  -5.484942E+01
19969  -5.484973E+01
19970  -5.485004E+01
19971  -5.485035E+01
19972  -5.485066E+01
19973  -5.485097E+01
19974  -5.485128E+01
19975  -5.485159E+01
19976  -5.485190E+01
19977  -5.485221E+01
19978  -5.485252E+01
19979  -5.485283E+01
19980  -5.485314E+01
19981  -5.485345E+01
19982  -5.485376E+01
19983  -5.485407E+01
19984  -5.485438E+01
19985  -5.485469E+01
19986  -5.485500E+01
19987  -5.485531E+01
19988  -5.485562E+01
19989  -5.485593E+01
19990  -5.485624E+01
19991  -5.485655E+01
19992  -5.485685E+01
19993  -5.485716E+01
19994  -5.485747E+01
19995  -5.485778E+01
19996  -5.485809E+01
19997  -5.485840E+01
19998  -5.485871E+01
19999  -5.485902E+01
20000  -5.485933E+01
